Workbook

Sheet 怪物基本表
A1: 复制怪物时请复制对应的本体！ | K1: monster.xml | CI1: monster.xml
C2: monster.xml | E2: 中文名 | F2: 图标 | G2: 小地图标识 | J2: 跨场景 | K2: 怪物类型 | L2: BOSS标记 | M2: 共生怪物 | N2: 物理点击 | O2: shader | P2: 种族 | Q2: 受击分类 | R2: 可否多重射击 | S2: 怪物等级 | V2: 音效 | X2: 共生 | Y2: 模型 | AB2: 重量 | AD2: 穿墙 | AE2: 击退 | AF2: 体型特效 | AG2: 受击顿帧 | AH2: 出场动作 | AI2: 出场特效 | AJ2: 出场前特效 | AK2: 阵营 | AL2: AI | AO2: 技能 | AU2: 怪物buff | AV2: 击飞 | AW2: 反击 | AX2: 死亡特效 | AY2: 指定死亡表现 | BB2: 离场 | BD2: 出场音效 | BE2: 战斗音效 | BF2: 属性 | BI2: 速度 | BM2: 受击 | BQ2: 脱战Aiid | BR2: 基础经验 | BS2: 受击动作 | BT2: 刷怪权重 | BV2: 怪物随从 | BZ2: 刷怪 | CH2: 词缀 | CJ2: 产生怪物 | CM2: TC
D3: 怪物id 10101（关卡怪物） 20000玩家召唤物 30000怪物召唤物 | E3: ChineseID | F3: 头像图标 | G3: 特殊的配置在这里 iconID | H3: 怪物名称下方描述 不填没描述 ChineseID | I3: 是否进行部位判断 0或不填 不判断 1 判断 | J3: 跨场景不删除召唤物 默认0：删除 1：不删除 | K3: 0或不填=其他 1=小怪 2=超级暗金怪 3=BOSS 4=女武神（显示头像） 5=召唤物（不显示头像） 6=多头蛇 7=骨牢 8=场景可破坏物件 9=NPC 10=召唤物（可选中） 11=特殊事件怪物（阵型） 12=墙怪物 13=梦魇怪物 | L3: 是否关底BOSS 1-是 0或不填不是 | M3: 当前怪物ID死亡时，配置的关联怪物也会死亡 填怪物ID，不填则没有 | N3: 不可被选取 物理点击，鼠标无法选中 默认0：可选取 1:不可选取 | O3: 是否调用特殊shader 1-暗金 2-蓝名 3-紫色混沌 4 召唤骷髅青色 5-boss紫红色 | P3: （涉及对怪物种类额外伤害） 0-无种族 1-不死 2-恶魔 3-动物 4-天使 5-梦魇 | Q3: （区分怪物受击表现） 1-骷髅 2-昆虫 3-肉体 | R3: 配0或者不配，不会随机到多重射击词缀； 配1，会随机到多重射击词缀 | S3: 普通难度 | T3: （噩梦难度） 只对BOSS有用，其他由场景决定 | U3: （地狱难度） 只对BOSS有用，其他由场景决定 | V3: 怪物音效 （关联MonSound文件） | W3: 作为暗金怪或精英怪时的音效 （关联MonSound文件） | X3: 共生怪物ID | Y3: 模型id | Z3: 模型大小：1000或不填为原始大小，1500为1.5倍 | AA3: 体型尺寸（CM） | AB3: 用于判定布娃娃碰撞球 1 轻型 2 中等 3 重型 | AC3: 控制于boss尺寸影响技能逻辑 0、不填：影响 1：不影响 | AD3: 是否能穿墙受击 1-是，0或不填-否 | AE3: 怪物体型 （判断20008的击退是否生效） 0或不填或1=100%被击退 2=50%被击退 3=25%被击退 4=不会被击退 | AF3: 根据体型大小播放不同特效 1-小体型 2-中体型 3-大体型 | AG3: 根据体型设定倍率，体型越大倍率越大 体型越大的怪顿帧效果越明显 单位：百分比 | AH3: 是否使用出场动作（born_1） 0或不填：不启用（默认） 填时间(ms)：启用，填写出生动作结束时间 用作机关，这个时长会叠加 | AI3: （出场时播放特效，播放born_1时播放的特效事件） 技能特效主ID,事件ID,触发时间 | AJ3: （用以出场前播放特效） 技能特效主ID,事件ID,触发时间 | AK3: 所属阵营 0-怪物 1-玩家 默认为0 | AL3: AI | AM3: AI激活搜索范围 （需要出场动作才填） | AN3: 是否读AI里搜敌范围 否则全图搜敌 1-是 0或不填-否 | AO3: 怪物技能 (注:AI前后端读技能表的pos_i,此处可以不用排序了) | AP3: 技能等级1 | AQ3: 怪物技能 （噩梦难度） | AR3: 技能等级2 | AS3: 怪物技能 （地狱难度） | AT3: 技能等级3 | AU3: buffid：触发概率，持续时间（毫秒） | AV3: 击飞距离，击飞时间 （CM）,（毫秒） | AW3: 触发血量（百分比） 更换目标（百分比） | AX3: 死亡特效播放判断 | AY3: 有指定死亡表现的怪才填 填了本字段其他死亡效果事件都不会播放 技能特效主ID,事件ID,触发时间 | AZ3: 指定死亡方式 填了die_special_s字段其他死亡方式事件都不会播放 不填：没有特殊效果 1：消融消失 2 直接删除 | BA3: 指定死亡方式参数 （和die_way_i对应） 1：开始时间，持续时间（毫秒） | BB3: 离场动作时间（毫秒） | BC3: 离场表现 | BD3: 怪物出现后，播放音效 配置格式：音效ID,进入距离,脱战距离，播放间隔 音效ID：音乐配置表ID 进入距离：距离BOSS多远开始播音乐（单位：厘米） 脱战距离：距离BOSS多远停止播音乐（单位：厘米） 播放间隔：（单位：毫秒） | BE3: 与该怪物进入战斗后，播放BGM 配置格式：音效ID | BF3: 属性表id | BG3: 召唤物属性 | BH3: 波次属性 新 怪物属性=基本属性+波次属性*波数 注意，玩家的召唤物不要配置 | BI3: 切换到跑步的速度值 第1个：移动速度 第2个：跑步速度 第三个：动作阀值 | BJ3: 速度参数 移动，巡逻，观望，逃跑 （单位cm/s） | BK3: 动作速度 100——500 | BL3: 出生旋转角度 | BM3: 是否在实际受击位置播放受击特效 1:在受击位置播放特效 0或空：播放位置不变 | BN3: 受击原点偏移量 填（x,y,z）乘以100 | BO3: 受击半径 / cm | BP3: 受击高度 / cm | BQ3: 进入战斗状态后技能没使用累计时间(ms)，距离出生点距离(cm) | BR3: (受经验加成影响) 需要和怪物等级表算出最终基础经验值 | BS3: 受击时是否播放受击动作 0或空：播放 1：不播放 | BT3: 出现权重 （地图确定怪物时概率） | BU3: 刷出权重 （每个怪区选择怪物时概率） (不能填0） | BV3: 随机怪物ID monsterID | BW3: 固定怪物组 优先级高于随机怪物 怪物ID+数量 | BX3: 随从最少数量 | BY3: 随从最大数量 建议不超过15 | BZ3: 刷出的最小数目 （普通） | CA3: 刷出的最大数目 （普通） | CB3: 刷出的最小数目 （噩梦） | CC3: 刷出的最大数目 （噩梦） | CD3: 刷出的最小数目 （地狱） | CE3: 刷出的最大数目 （地狱） | CF3: 刷出的最小数目 （异界） | CG3: 刷出的最大数目 （异界） | CH3: 固定词缀 填词缀ID 不填没有 | CI3: 随机词缀 数量：词缀ID1，词缀ID2 | CJ3: 此怪物是否可以产生其他怪物 （1可以产生，0或不填不可产生） | CK3: 此怪物可以产生的怪物ID | CL3: 产生的怪物出生位置坐标 | CM3: 掉落包 掉落ID | CN3: 普通怪物精英化掉落 怪物必须是1类型 当精英化为蓝色怪物时读取 | CO3: 首杀掉落包 掉落ID 0或不填则没有 | CP3: 无尽模式掉落包 掉落ID 0或不填则没有 | CQ3: 触发该怪为任务TC的任务ID | CR3: 要触发该怪为任务TC所需要完成的任务ID
D4: id_i | E4: monster_name_i | F4: monster_icon_i | G4: map_icon_i | H4: descstr_i | I4: is_part_judge_i | J4: cross_scene_i | K4: monster_type_i | L4: close_boss_i | M4: symbiosis_monster_l | N4: physical_click_i | O4: shader_i | P4: montype_i | Q4: monrace_i | R4: multi_shot_i | S4: lv_i | T4: lv_n_i | U4: lv_h_i | V4: monsound_i | W4: umonsound_i | X4: symbiotic_monster_l | Y4: model_id_i | Z4: model_scale_i | AA4: shape_i | AB4: weight_i | AC4: model_Logic_i | AD4: through_wall_i | AE4: size_i | AF4: effect_size_i | AG4: hit_pause_i | AH4: exit_action_i | AI4: exit_fx_s | AJ4: fx_skill_s | AK4: faction_i | AL4: ai_id_i | AM4: search_range_i | AN4: ai_search_i | AO4: skill_ids_l | AP4: skill_lv_l | AQ4: skill_ids_2_l | AR4: skill_lv_2_l | AS4: skill_ids_3_l | AT4: skill_lv_3_l | AU4: skill_buff_n | AV4: fly_distance_l | AW4: counter_attack_n | AX4: die_type_l | AY4: die_special_s | AZ4: die_way_i | BA4: die_parameter_l | BB4: leave_time_i | BC4: leave_fx_s | BD4: appear_music_l | BE4: fight_music_i | BF4: property_id_i | BG4: summon_attri_m | BH4: property_wave_m | BI4: act_shift_l | BJ4: base_speed_l | BK4: base_animation_speed_l | BL4: born_face_i | BM4: is_hit_range_i | BN4: be_hit_point_l | BO4: be_hit_radius_i | BP4: be_hit_height_i | BQ4: break_up_action_ai_l | BR4: drop_exp_i | BS4: cant_be_hit_i | BT4: rarity_i | BU4: rarity2_i | BV4: minion_l | BW4: fixed_monster_group_m | BX4: partymin_i | BY4: partymax_i | BZ4: mingrp_i | CA4: maxgrp_i | CB4: mingrp_n_i | CC4: maxgrp_n_i | CD4: mingrp_h_i | CE4: maxgrp_h_i | CF4: mingrp_v_i | CG4: maxgrp_v_i | CH4: fixed_affix_l | CI4: random_affix_n | CJ4: placespawn_i | CK4: spawn_i | CL4: spawnx_n | CM4: treasureclass_i | CN4: blue_treasureclass_i | CO4: firstkill_treasureclass_i | CP4: endless_treasureclass_i | CQ4: tctaskid_i | CR4: tccomtaskid_i
A5: 地图关卡 | B5: 种类 | C5: 特征 | D5: 0 | E5: 0 | F5: 0 | G5: 0 | H5: 0 | I5: 0 | J5: 0 | K5: 0 | L5: 0 | M5: 0 | N5: 0 | O5: 0 | P5: 0 | Q5: 1 | R5: 0 | S5: 0 | T5: 0 | U5: 0 | V5: 0 | W5: 0 | X5: 0 | Y5: 0 | Z5: 1000 | AA5: 0 | AB5: 1 | AD5: 0 | AE5: 0 | AF5: 1 | AG5: 1 | AH5: 2000 | AI5: 0 | AJ5: 0 | AK5: 0 | AL5: 0 | AM5: 0 | AN5: 0 | AO5: 0 | AP5: 0 | AQ5: 0 | AR5: 0 | AS5: 0 | AT5: 0 | AU5: 0:0 | AV5: 0,0 | AW5: 0:0 | AX5: 0,0 | AY5: 100001,2,200 | AZ5: 1 | BA5: 500,2000 | BB5: 2000 | BC5: 100001,2,200 | BD5: 300,1000,5200,10000 | BE5: 300,1000,5200 | BF5: 0 | BG5: 1:1;2:2 | BH5: 202:10;302:20 | BI5: 0,0 | BJ5: 10,2,3,4 | BK5: 100 | BL5: 0 | BM5: 0 | BN5: 0,0,0 | BO5: 0 | BP5: 0 | BQ5: 1,30000,4000 | BR5: 1 | BS5: 0 | BT5: 0 | BU5: 0 | BV5: 0 | BW5: 0:0 | BX5: 0 | BY5: 0 | BZ5: 0 | CA5: 0 | CB5: 0 | CC5: 0 | CD5: 0 | CE5: 0 | CF5: 0 | CG5: 0 | CH5: 0 | CI5: 0:0 | CJ5: 0 | CK5: 0 | CL5: 0:0 | CM5: 0 | CN5: 0 | CO5: 0 | CP5: 0 | CQ5: 0 | CR5: 0
A6: BOSS技能 | B6: 魂魄 | C6: 骸骨之魂——自爆 | D6: 100 | E6: 70051 | H6: 0 | K6: 1 | P6: 1 | Q6: 3 | S6: 1 | T6: 1 | U6: 1 | Y6: 4081 | Z6: 1000 | AA6: 100 | AB6: 1 | AF6: 1 | AG6: 100 | AK6: 0 | AL6: 21001 | AM6: 4000 | AO6: 31104 | AP6: 1 | AQ6: 31104 | AR6: 1 | AS6: 31104 | AT6: 1 | AU6: 13260:10000,-1;31105:10000,-1 | AW6: 3:10;50:50 | AX6: 4,5,6,7,8 | AY6: 1093005,8,0 | AZ6: 2 | BF6: 10011 | BI6: 300,600 | BJ6: 600,100,100,100 | BK6: 100,100,100,200 | BO6: 50 | BP6: 200 | BQ6: 1,30000,4000 | BR6: 1 | BT6: 50 | BU6: 50 | BZ6: 3 | CA6: 4 | CB6: 4 | CC6: 4 | CD6: 4 | CE6: 5 | CF6: 4 | CG6: 4 | CM6: 100005
A7: BOSS技能 | B7: 傀儡蜘蛛 | C7: 骸骨之魂——自爆 | D7: 101 | E7: 70052 | H7: 0 | K7: 1 | P7: 1 | Q7: 3 | S7: 1 | T7: 1 | U7: 1 | Y7: 1540 | Z7: 1000 | AA7: 200 | AB7: 1 | AF7: 1 | AG7: 100 | AK7: 0 | AL7: 21001 | AM7: 4000 | AO7: 31338 | AP7: 1 | AQ7: 31338 | AR7: 1 | AS7: 31338 | AT7: 1 | AU7: 31339:10000,-1 | AW7: 3:10;50:50 | AX7: 4,5,6,7,8 | BF7: 10011 | BI7: 300,600 | BJ7: 600,100,100,100 | BK7: 100,100,100,200 | BO7: 50 | BP7: 200 | BQ7: 1,30000,4000 | BR7: 1 | BT7: 50 | BU7: 50 | BZ7: 3 | CA7: 4 | CB7: 4 | CC7: 4 | CD7: 4 | CE7: 5 | CF7: 4 | CG7: 4 | CM7: 100005
A8: BOSS技能 | B8: 火魂 | C8: 火魂——旋转火 | D8: 102 | E8: 70053 | H8: 0 | K8: 1 | P8: 1 | Q8: 3 | S8: 1 | T8: 1 | U8: 1 | Y8: 12202 | Z8: 1000 | AA8: 10 | AB8: 1 | AF8: 1 | AG8: 100 | AK8: 0 | AL8: 10002 | AM8: 4000 | AO8: 31529 | AP8: 1 | AQ8: 31529 | AR8: 1 | AS8: 31529 | AT8: 1 | AU8: 13260:10000,-1;31529:10000,-1 | AW8: 3:10;50:50 | AX8: 4,5,6,7,8 | BF8: 10011 | BI8: 150,350 | BJ8: 100,100,100,100 | BK8: 100,100,100,200 | BO8: 50 | BP8: 200 | BQ8: 1,30000,4000 | BR8: 1 | BT8: 50 | BU8: 50 | BZ8: 3 | CA8: 4 | CB8: 4 | CC8: 4 | CD8: 4 | CE8: 5 | CF8: 4 | CG8: 4 | CM8: 100005
A9: 难度符文怪物 | B9: 盗宝地精 | D9: 1001 | E9: 70031 | G9: 301 | K9: 2 | O9: 1 | P9: 2 | Q9: 3 | S9: 1 | T9: 1 | U9: 1 | Y9: 1347 | Z9: 1000 | AA9: 300 | AB9: 3 | AF9: 1 | AG9: 100 | AK9: 0 | AL9: 20004 | AM9: 1000 | AO9: 30001 | AP9: 1 | AQ9: 30001 | AR9: 1 | AS9: 30001 | AT9: 1 | AV9: 450,500 | AW9: 3:10;50:50 | AX9: 4,5,6,7,8 | BF9: 1001 | BH9: 202:15;302:60 | BI9: 200,500 | BJ9: 650,100,100,100 | BK9: 100,100,100,200 | BO9: 150 | BP9: 200 | BQ9: 1,30000,4000 | BR9: 1 | BT9: 50 | BU9: 50 | BZ9: 3 | CA9: 3 | CB9: 2 | CC9: 3 | CD9: 6 | CE9: 8 | CF9: 2 | CG9: 3 | CM9: 116001 | CP9: 116001
A10: 难度符文怪物 | B10: 猎狗 | D10: 1002 | E10: 70011 | H10: 0 | K10: 1 | P10: 3 | Q10: 3 | S10: 1 | T10: 1 | U10: 1 | Y10: 1202 | Z10: 1000 | AA10: 200 | AB10: 1 | AF10: 1 | AG10: 100 | AK10: 0 | AL10: 21001 | AM10: 1000 | AO10: 30001,30002 | AP10: 1,1 | AQ10: 30001,30002 | AR10: 1,1 | AS10: 30001,30002 | AT10: 1,1 | AV10: 550,700 | AW10: 3:10;50:50 | AX10: 4,5,6,7,8 | BF10: 10521 | BH10: 202:5;302:30 | BI10: 300,600 | BJ10: 500,100,100,100 | BK10: 100,100,100,200 | BO10: 100 | BP10: 200 | BQ10: 1,30000,4000 | BR10: 1 | BT10: 50 | BU10: 10 | BZ10: 2 | CA10: 2 | CB10: 3 | CC10: 3 | CD10: 4 | CE10: 4 | CF10: 3 | CG10: 3 | CM10: 100005 | CP10: 100005
A11: 难度符文怪物 | B11: 灵魂追击 | D11: 1003 | E11: 70054 | H11: 0 | K11: 1 | P11: 1 | Q11: 3 | S11: 1 | T11: 1 | U11: 1 | Y11: 4081 | Z11: 1000 | AA11: 100 | AB11: 1 | AF11: 1 | AG11: 100 | AK11: 0 | AL11: 21001 | AM11: 4000 | AO11: 31104 | AP11: 1 | AQ11: 31104 | AR11: 1 | AS11: 31104 | AT11: 1 | AU11: 13260:10000,-1;31106:10000,-1 | AW11: 3:10;50:50 | AX11: 4,5,6,7,8 | AY11: 1093005,8,0 | AZ11: 2 | BF11: 10011 | BI11: 150,350 | BJ11: 500,100,100,100 | BK11: 100,100,100,200 | BO11: 50 | BP11: 200 | BQ11: 1,30000,4000 | BR11: 1 | BT11: 50 | BU11: 50 | BZ11: 3 | CA11: 4 | CB11: 4 | CC11: 4 | CD11: 4 | CE11: 5 | CF11: 4 | CG11: 4 | CM11: 100005 | CP11: 100005
A12: 难度符文怪物 | B12: 雷电陷阱 | D12: 1004 | E12: 70118 | K12: 1 | P12: 1 | Q12: 1 | S12: 1 | T12: 1 | U12: 1 | Y12: 4070 | Z12: 1000 | AA12: 100 | AB12: 1 | AF12: 1 | AG12: 100 | AK12: 0 | AL12: 21099 | AM12: 1000 | AO12: 45001 | AP12: 1 | AQ12: 45001 | AR12: 1 | AS12: 45001 | AT12: 1 | AU12: 13260:10000,-1 | AW12: 3:10;50:50 | AX12: 4,5,6,7,8 | BF12: 11501 | BH12: 202:5;302:30 | BI12: 150,300 | BJ12: 400,100,100,100 | BK12: 100,100,100,200 | BO12: 100 | BP12: 200 | BQ12: 1,30000,4000 | BR12: 1 | BT12: 50 | BU12: 40 | CM12: 100005 | CP12: 100005
A13: 场景机制用 | B13: BOSS连线 | D13: 1011 | E13: 70118 | K13: 1 | P13: 1 | Q13: 1 | S13: 1 | T13: 1 | U13: 1 | Y13: 1101 | Z13: 1000 | AA13: 100 | AB13: 1 | AF13: 1 | AG13: 100 | AK13: 0 | AL13: 12007 | AM13: 1000 | AO13: 45001 | AP13: 1 | AQ13: 45001 | AR13: 1 | AS13: 45001 | AT13: 1 | AU13: 13260:10000,-1;33125:10000,-1 | AW13: 3:10;50:50 | AX13: 4,5,6,7,8 | BF13: 11501 | BH13: 202:5;302:30 | BI13: 150,300 | BJ13: 400,100,100,100 | BK13: 100,100,100,200 | BO13: 100 | BP13: 200 | BQ13: 1,30000,4000 | BR13: 1 | BT13: 50 | BU13: 40
A14: ACT1新 | B14: 普通骷髅 | D14: 10001 | E14: 70001 | H14: 0 | K14: 1 | P14: 1 | Q14: 1 | S14: 1 | T14: 1 | U14: 1 | Y14: 1002 | Z14: 1000 | AA14: 200 | AB14: 1 | AF14: 1 | AG14: 100 | AK14: 0 | AL14: 21001 | AM14: 1000 | AO14: 30001,30002 | AP14: 1,1 | AQ14: 10011,10012 | AR14: 1,1 | AS14: 10011,10012 | AT14: 1,1 | AW14: 3:10;50:50 | AX14: 4,5,6,7,8 | BF14: 10001 | BH14: 202:5;302:30 | BI14: 150,350 | BJ14: 300,100,100,100 | BK14: 100,100,100,200 | BO14: 50 | BP14: 200 | BQ14: 1,30000,4000 | BR14: 1 | BT14: 50 | BU14: 50 | BZ14: 3 | CA14: 4 | CB14: 4 | CC14: 4 | CD14: 4 | CE14: 5 | CF14: 4 | CG14: 4 | CH14: 1 | CI14: 1:3 | CM14: 100005 | CN14: 100057 | CP14: 100005
B15: 骷髅盾卫 | D15: 10011 | E15: 70002 | H15: 0 | K15: 1 | P15: 1 | Q15: 1 | S15: 1 | T15: 1 | U15: 1 | Y15: 1095 | Z15: 1300 | AA15: 200 | AB15: 2 | AF15: 1 | AG15: 100 | AK15: 0 | AL15: 21001 | AM15: 1000 | AO15: 30001,30002 | AP15: 1,1 | AQ15: 10011,10012 | AR15: 1,1 | AS15: 10011,10012 | AT15: 1,1 | AW15: 3:10;50:50 | AX15: 4,5,6,7,8 | BF15: 10011 | BH15: 202:5;302:30 | BI15: 200,350 | BJ15: 300,100,100,100 | BK15: 100,100,100,200 | BO15: 50 | BP15: 200 | BQ15: 1,30000,4000 | BR15: 1 | BT15: 50 | BU15: 50 | BZ15: 3 | CA15: 4 | CB15: 4 | CC15: 4 | CD15: 5 | CE15: 6 | CF15: 4 | CG15: 4 | CH15: 3 | CI15: 1:5 | CM15: 100005 | CN15: 100057 | CP15: 100005
B16: 骷髅战士 | D16: 10021 | E16: 70003 | H16: 0 | K16: 1 | P16: 1 | Q16: 1 | S16: 1 | T16: 1 | U16: 1 | Y16: 1040 | Z16: 1000 | AA16: 200 | AB16: 1 | AF16: 1 | AG16: 100 | AK16: 0 | AL16: 21003 | AM16: 1000 | AO16: 30013,30014 | AP16: 1,1 | AQ16: 10411,10412 | AR16: 1,1 | AS16: 10411,10412 | AT16: 1,1 | AW16: 3:10;50:50 | AX16: 4,5,6,7,8 | BF16: 10021 | BH16: 202:5;302:30 | BI16: 200,400 | BJ16: 320,100,100,100 | BK16: 100,100,100,200 | BO16: 100 | BP16: 200 | BQ16: 1,30000,4000 | BR16: 1 | BT16: 50 | BU16: 50 | BZ16: 2 | CA16: 3 | CB16: 3 | CC16: 4 | CD16: 4 | CE16: 5 | CF16: 3 | CG16: 4 | CH16: 1 | CI16: 1:11 | CM16: 100005 | CN16: 100057 | CP16: 100005
B17: 骷髅弓手 | D17: 10031 | E17: 70004 | H17: 0 | K17: 1 | P17: 1 | Q17: 1 | S17: 1 | T17: 1 | U17: 1 | Y17: 1004 | Z17: 1000 | AA17: 200 | AB17: 1 | AF17: 1 | AG17: 100 | AK17: 0 | AL17: 21009 | AM17: 1000 | AO17: 46041 | AP17: 1 | AQ17: 46041 | AR17: 1 | AS17: 46041 | AT17: 1 | AW17: 3:10;50:50 | AX17: 4,5,6,7,8 | BF17: 10031 | BH17: 202:5;302:30 | BI17: 150,350 | BJ17: 450,100,100,100 | BK17: 100,100,100,200 | BO17: 100 | BP17: 200 | BQ17: 1,30000,4000 | BR17: 1 | BT17: 50 | BU17: 50 | BZ17: 2 | CA17: 3 | CB17: 3 | CC17: 3 | CD17: 3 | CE17: 4 | CF17: 3 | CG17: 3 | CH17: 4 | CI17: 1:6 | CM17: 100005 | CN17: 100057 | CP17: 100005
B18: 骷髅法师 | D18: 10041 | E18: 70005 | K18: 1 | P18: 1 | Q18: 1 | S18: 1 | T18: 1 | U18: 1 | Y18: 1020 | Z18: 1000 | AA18: 300 | AB18: 1 | AF18: 1 | AG18: 100 | AK18: 0 | AL18: 21005 | AM18: 1000 | AO18: 30073 | AP18: 1 | AQ18: 30073 | AR18: 1 | AS18: 30073 | AT18: 1 | AV18: 450,500 | AW18: 3:10;50:50 | AX18: 4,5,6,7,8 | BF18: 10041 | BH18: 202:5;302:30 | BI18: 150,300 | BJ18: 350,100,100,100 | BK18: 100,100,100,200 | BO18: 100 | BP18: 200 | BQ18: 1,30000,4000 | BR18: 1 | BT18: 50 | BU18: 40 | BZ18: 1 | CA18: 1 | CB18: 1 | CC18: 1 | CD18: 1 | CE18: 1 | CF18: 1 | CG18: 1 | CH18: 14 | CI18: 1:15 | CM18: 100005 | CN18: 100057 | CP18: 100005
B19: 骷髅刺客 | D19: 10051 | E19: 70006 | H19: 0 | K19: 1 | P19: 1 | Q19: 1 | S19: 1 | T19: 1 | U19: 1 | Y19: 1007 | Z19: 1000 | AA19: 200 | AB19: 1 | AF19: 1 | AG19: 100 | AK19: 0 | AL19: 21007 | AM19: 1000 | AO19: 30001,30002 | AP19: 1,1 | AQ19: 10071,10072 | AR19: 1,1 | AS19: 10071,10072 | AT19: 1,1 | AV19: 450,500 | AW19: 3:10;50:50 | AX19: 4,5,6,7,8 | BF19: 10051 | BH19: 202:5;302:30 | BI19: 150,350 | BJ19: 400,100,100,100 | BK19: 100,100,100,200 | BO19: 100 | BP19: 200 | BQ19: 1,30000,4000 | BR19: 1 | BT19: 50 | BU19: 50 | BZ19: 3 | CA19: 4 | CB19: 4 | CC19: 4 | CD19: 4 | CE19: 5 | CF19: 4 | CG19: 4 | CH19: 11 | CI19: 1:27 | CM19: 100005 | CN19: 100057 | CP19: 100005
B20: 中级骷髅战士 | D20: 10061 | E20: 70007 | H20: 0 | K20: 1 | P20: 1 | Q20: 1 | S20: 1 | T20: 1 | U20: 1 | Y20: 1003 | Z20: 1000 | AA20: 200 | AB20: 2 | AF20: 1 | AG20: 100 | AK20: 0 | AL20: 21003 | AM20: 1000 | AO20: 30009,30010 | AP20: 1,1 | AQ20: 10031,10032 | AR20: 1,1 | AS20: 10031,10032 | AT20: 1,1 | AW20: 3:10;50:50 | AX20: 4,5,6,7,8 | BF20: 10061 | BH20: 202:5;302:30 | BI20: 150,350 | BJ20: 300,100,100,100 | BK20: 100,100,100,200 | BO20: 100 | BP20: 200 | BQ20: 1,30000,4000 | BR20: 1 | BT20: 50 | BU20: 50 | BZ20: 2 | CA20: 3 | CB20: 3 | CC20: 4 | CD20: 4 | CE20: 5 | CF20: 3 | CG20: 4 | CH20: 1 | CI20: 1:11 | CM20: 100005 | CN20: 100057 | CP20: 100005
B21: 骷髅长刀 | D21: 10071 | E21: 70008 | H21: 0 | K21: 1 | P21: 1 | Q21: 1 | S21: 1 | T21: 1 | U21: 1 | Y21: 1041 | Z21: 1000 | AA21: 200 | AB21: 2 | AF21: 1 | AG21: 100 | AK21: 0 | AL21: 21003 | AM21: 1000 | AO21: 30013,30014 | AP21: 1,1 | AQ21: 10411,10412 | AR21: 1,1 | AS21: 10411,10412 | AT21: 1,1 | AW21: 3:10;50:50 | AX21: 4,5,6,7,8 | BF21: 10071 | BH21: 202:5;302:30 | BI21: 200,400 | BJ21: 320,100,100,100 | BK21: 100,100,100,200 | BO21: 100 | BP21: 200 | BQ21: 1,30000,4000 | BR21: 1 | BT21: 50 | BU21: 50 | BZ21: 2 | CA21: 3 | CB21: 3 | CC21: 4 | CD21: 4 | CE21: 5 | CF21: 3 | CG21: 4 | CH21: 25 | CI21: 1:8 | CM21: 100005 | CN21: 100057 | CP21: 100005
B22: 行尸 | D22: 10501 | E22: 70009 | H22: 0 | K22: 1 | P22: 1 | Q22: 3 | S22: 1 | T22: 1 | U22: 1 | Y22: 1101 | Z22: 1000 | AA22: 200 | AB22: 1 | AF22: 1 | AG22: 100 | AK22: 0 | AL22: 21010 | AM22: 1000 | AO22: 30022 | AP22: 1 | AQ22: 11011 | AR22: 1 | AS22: 11011 | AT22: 1 | AV22: 450,500 | AW22: 3:10;50:50 | AX22: 4,5,6,7,8 | BF22: 10501 | BH22: 202:5;302:30 | BI22: 150,300 | BJ22: 300,100,100,100 | BK22: 100,100,100,200 | BO22: 50 | BP22: 200 | BQ22: 1,30000,4000 | BR22: 1 | BT22: 50 | BU22: 40 | BZ22: 2 | CA22: 3 | CB22: 4 | CC22: 4 | CD22: 5 | CE22: 5 | CF22: 4 | CG22: 4 | CH22: 5 | CI22: 1:10 | CM22: 100005 | CN22: 100057 | CP22: 100005
B23: 高级行尸 | D23: 10511 | E23: 70010 | H23: 0 | K23: 1 | P23: 1 | Q23: 3 | S23: 1 | T23: 1 | U23: 1 | Y23: 1104 | Z23: 1000 | AA23: 200 | AB23: 1 | AF23: 1 | AG23: 100 | AK23: 0 | AL23: 21011 | AM23: 1100 | AO23: 30025 | AP23: 1 | AQ23: 11041 | AR23: 1 | AS23: 11041 | AT23: 1 | AV23: 450,500 | AW23: 3:10;50:50 | AX23: 4,5,6,7,8 | BF23: 10511 | BH23: 202:5;302:30 | BI23: 282,282 | BJ23: 350,100,100,100 | BK23: 100,100,100,200 | BO23: 100 | BP23: 200 | BQ23: 1,30000,4000 | BR23: 1 | BT23: 50 | BU23: 50 | BZ23: 1 | CA23: 1 | CB23: 1 | CC23: 2 | CD23: 2 | CE23: 2 | CF23: 1 | CG23: 2 | CH23: 5 | CI23: 1:10,16 | CM23: 100005 | CN23: 100057 | CP23: 100005
B24: 食腐犬 | D24: 10521 | E24: 70011 | H24: 0 | K24: 1 | P24: 3 | Q24: 3 | S24: 1 | T24: 1 | U24: 1 | Y24: 1202 | Z24: 1000 | AA24: 200 | AB24: 1 | AF24: 1 | AG24: 100 | AK24: 0 | AL24: 21001 | AM24: 1000 | AO24: 30001,30002 | AP24: 1,1 | AQ24: 30001,30002 | AR24: 1,1 | AS24: 30001,30002 | AT24: 1,1 | AV24: 550,700 | AW24: 3:10;50:50 | AX24: 4,5,6,7,8 | BF24: 10521 | BH24: 202:5;302:30 | BI24: 300,600 | BJ24: 500,100,100,100 | BK24: 100,100,100,200 | BO24: 100 | BP24: 200 | BQ24: 1,30000,4000 | BR24: 1 | BT24: 50 | BU24: 10 | BZ24: 2 | CA24: 2 | CB24: 3 | CC24: 3 | CD24: 4 | CE24: 4 | CF24: 3 | CG24: 3 | CH24: 5 | CI24: 1:13,26 | CM24: 100005 | CN24: 100057 | CP24: 100005
B25: 自爆僵尸 | D25: 10531 | E25: 70012 | H25: 0 | K25: 1 | P25: 1 | Q25: 3 | S25: 1 | T25: 1 | U25: 1 | Y25: 11101 | Z25: 1000 | AA25: 300 | AB25: 1 | AF25: 1 | AG25: 100 | AK25: 0 | AL25: 21014 | AM25: 1000 | AO25: 30026,30027 | AP25: 1,1 | AQ25: 11101,11102 | AR25: 1,1 | AS25: 11101,11102 | AT25: 1,1 | AW25: 3:10;50:50 | AX25: 4,5,6,7,8 | AY25: 1110002,6,1000 | AZ25: 1 | BA25: 1000,100 | BF25: 10531 | BH25: 202:5;302:30 | BI25: 150,300 | BJ25: 450,100,100,100 | BK25: 100,100,100,200 | BO25: 100 | BP25: 200 | BQ25: 1,30000,4000 | BR25: 1 | BT25: 50 | BU25: 50 | BZ25: 3 | CA25: 4 | CB25: 4 | CC25: 5 | CD25: 5 | CE25: 6 | CF25: 4 | CG25: 5 | CH25: 10 | CI25: 1:13,2 | CM25: 100005 | CN25: 100057 | CP25: 100005
B26: 火焰恶魔 | D26: 10541 | E26: 70013 | K26: 1 | P26: 2 | Q26: 3 | S26: 1 | T26: 1 | U26: 1 | Y26: 1613 | Z26: 1000 | AA26: 200 | AB26: 1 | AF26: 1 | AG26: 100 | AK26: 0 | AL26: 21001 | AM26: 1000 | AO26: 30001,30002 | AP26: 1,1 | AQ26: 30001,30002 | AR26: 1,1 | AS26: 30001,30002 | AT26: 1,1 | AV26: 450,500 | AW26: 3:10;50:50 | AX26: 4,5,6,7,8 | BF26: 10541 | BH26: 202:5;302:30 | BI26: 200,500 | BJ26: 350,100,100,100 | BK26: 100,100,100,200 | BO26: 100 | BP26: 200 | BQ26: 1,30000,4000 | BR26: 1 | BT26: 50 | BU26: 30 | BZ26: 1 | CA26: 1 | CB26: 1 | CC26: 1 | CD26: 1 | CE26: 1 | CF26: 1 | CG26: 1 | CI26: 1:15,18 | CM26: 100005 | CN26: 100057 | CP26: 100005
B27: 冲锋怪物 | D27: 10551 | E27: 70014 | H27: 0 | K27: 11 | P27: 1 | Q27: 1 | S27: 1 | T27: 1 | U27: 1 | Y27: 1020 | Z27: 1000 | AA27: 300 | AB27: 1 | AF27: 1 | AG27: 100 | AK27: 0 | AL27: 23023 | AM27: 1000 | AO27: 30001,30002 | AP27: 1,1 | AQ27: 10011,10012 | AR27: 1,1 | AS27: 10011,10012 | AT27: 1,1 | AW27: 3:10;50:50 | AX27: 4,5,6,7,8 | BF27: 10551 | BH27: 202:5;302:30 | BI27: 200,350 | BJ27: 600,100,100,100 | BK27: 100,100,100,200 | BO27: 50 | BP27: 200 | BQ27: 1,30000,4000 | BR27: 1 | BT27: 50 | BU27: 50 | BZ27: 3 | CA27: 4 | CB27: 4 | CC27: 4 | CD27: 5 | CE27: 6 | CF27: 4 | CG27: 4 | CM27: 100005 | CN27: 100057 | CP27: 100005
B28: 骷髅精英战士 | D28: 10601 | E28: 70015 | H28: 0 | K28: 2 | O28: 1 | P28: 1 | Q28: 1 | S28: 1 | T28: 1 | U28: 1 | Y28: 1003 | Z28: 1300 | AA28: 200 | AB28: 2 | AE28: 4 | AF28: 1 | AG28: 100 | AK28: 0 | AL28: 21003 | AM28: 1000 | AO28: 30151,30010 | AP28: 1,1 | AQ28: 30151,30010 | AR28: 1,1 | AS28: 30151,30010 | AT28: 1,1 | AU28: 2009:10000,-1 | AW28: 3:10;50:50 | AX28: 4,5,6,7,8 | BF28: 10601 | BH28: 202:5;302:50 | BI28: 150,350 | BJ28: 500,100,100,100 | BK28: 100,100,100,200 | BO28: 100 | BP28: 200 | BQ28: 1,30000,4000 | BR28: 2 | BT28: 50 | BU28: 50 | BZ28: 2 | CA28: 3 | CB28: 3 | CC28: 4 | CD28: 4 | CE28: 5 | CF28: 3 | CG28: 4 | CI28: 1:13,3 | CM28: 110101 | CP28: 110101
B29: 精英骷髅法师 | D29: 10611 | E29: 70016 | K29: 2 | O29: 1 | P29: 1 | Q29: 1 | S29: 1 | T29: 1 | U29: 1 | Y29: 1020 | Z29: 1300 | AA29: 300 | AB29: 2 | AE29: 4 | AF29: 1 | AG29: 100 | AK29: 0 | AL29: 21005 | AM29: 1000 | AO29: 30070,30071 | AP29: 1,1 | AQ29: 30070,30071,30072 | AR29: 1,1,1 | AS29: 30070,30071,30072 | AT29: 1,1,1 | AU29: 2009:10000,-1 | AV29: 450,500 | AW29: 3:10;50:50 | AX29: 4,5,6,7,8 | BF29: 10611 | BH29: 202:5;302:50 | BI29: 150,300 | BJ29: 450,100,100,100 | BK29: 100,100,100,200 | BO29: 100 | BP29: 200 | BQ29: 1,30000,4000 | BR29: 2 | BT29: 50 | BU29: 40 | BZ29: 1 | CA29: 1 | CB29: 1 | CC29: 1 | CD29: 1 | CE29: 1 | CF29: 1 | CG29: 1 | CH29: 35 | CI29: 1:18,22 | CM29: 110102 | CP29: 110102
B30: 魔弓 | D30: 10621 | E30: 70017 | H30: 0 | K30: 2 | O30: 1 | P30: 1 | Q30: 1 | S30: 1 | T30: 1 | U30: 1 | Y30: 1004 | Z30: 1500 | AA30: 200 | AB30: 2 | AE30: 4 | AF30: 1 | AG30: 100 | AK30: 0 | AL30: 21009 | AM30: 1000 | AO30: 30082,30081 | AP30: 1,1 | AQ30: 30082,30081 | AR30: 1,1 | AS30: 30082,30081 | AT30: 1,1 | AU30: 2009:10000,-1 | AW30: 3:10;50:50 | AX30: 4,5,6,7,8 | BF30: 10621 | BH30: 202:5;302:50 | BI30: 150,350 | BJ30: 450,100,100,100 | BK30: 100,100,100,200 | BO30: 100 | BP30: 200 | BQ30: 1,30000,4000 | BR30: 2 | BT30: 50 | BU30: 50 | BZ30: 2 | CA30: 3 | CB30: 3 | CC30: 3 | CD30: 3 | CE30: 4 | CF30: 3 | CG30: 3 | CH30: 32 | CI30: 1:17,23,6 | CM30: 110103 | CP30: 110103
B31: 骷髅将领 | D31: 10701 | E31: 70018 | G31: 302 | H31: 0 | K31: 3 | M31: 10811 | O31: 5 | P31: 1 | Q31: 1 | S31: 1 | T31: 1 | U31: 1 | Y31: 1005 | Z31: 1500 | AA31: 300 | AB31: 3 | AE31: 4 | AF31: 1 | AG31: 100 | AK31: 0 | AL31: 21005 | AM31: 1000 | AO31: 30019,30020,300201 | AP31: 1,1,1 | AQ31: 30019,30020,300201 | AR31: 1,1,1 | AS31: 30019,30020,300201 | AT31: 1,1,1 | AU31: 2009:10000,-1 | AW31: 3:10;50:50 | AX31: 4,5,6,7,8 | BE31: 1003 | BF31: 10701 | BH31: 202:5;302:50 | BI31: 150,350 | BJ31: 550,100,100,100 | BK31: 100,100,100,200 | BO31: 100 | BP31: 200 | BQ31: 1,30000,4000 | BR31: 3 | BT31: 50 | BU31: 50 | BZ31: 1 | CA31: 1 | CB31: 1 | CC31: 1 | CD31: 1 | CE31: 1 | CF31: 1 | CG31: 1 | CM31: 110201 | CO31: 100064 | CP31: 110201
B32: 缝合巨尸 | D32: 10711 | E32: 70019 | G32: 302 | H32: 0 | K32: 3 | M32: 10812 | O32: 5 | P32: 1 | Q32: 3 | S32: 1 | T32: 1 | U32: 1 | Y32: 1092 | Z32: 1000 | AA32: 500 | AB32: 3 | AE32: 4 | AF32: 1 | AG32: 100 | AH32: 2000 | AJ32: 1408008,4,0 | AK32: 0 | AL32: 21005 | AM32: 1000 | AO32: 30039,30041,30042 | AP32: 1,1,1 | AQ32: 30039,30041,30042 | AR32: 1,1,1 | AS32: 30039,30041,30042 | AT32: 1,1,1,1 | AU32: 2009:10000,-1 | AW32: 3:10;50:50 | AX32: 4,5,6,7,8 | BE32: 1003 | BF32: 10711 | BH32: 202:5;302:50 | BI32: 300,500 | BJ32: 550,100,100,100 | BK32: 100,100,100,200 | BO32: 100 | BP32: 200 | BQ32: 1,30000,4000 | BR32: 3 | BT32: 50 | BU32: 50 | BZ32: 1 | CA32: 1 | CB32: 1 | CC32: 1 | CD32: 1 | CE32: 1 | CF32: 1 | CG32: 1 | CM32: 110202 | CP32: 110202
B33: 骷髅王 | D33: 10721 | E33: 70020 | G33: 302 | H33: 0 | K33: 3 | M33: 10813 | O33: 5 | P33: 2 | Q33: 3 | S33: 1 | T33: 1 | U33: 1 | Y33: 1093 | Z33: 1500 | AA33: 400 | AB33: 3 | AE33: 4 | AF33: 2 | AG33: 150 | AH33: 5300 | AK33: 0 | AL33: 8002 | AM33: 1100 | AO33: 31106,31101,31102,31103 | AP33: 1,1,1,1 | AQ33: 31106,31101,31102,31103 | AR33: 1,1,1,1 | AS33: 31106,31101,31102,31103 | AT33: 1,1,1,1 | AU33: 2009:10000,-1 | AW33: 3:10;50:50 | AX33: 4,5,6,7,8 | AY33: 2002006,2,0 | BE33: 1003 | BF33: 10721 | BH33: 202:5;302:50 | BI33: 150,400 | BJ33: 550,100,100,100 | BK33: 100,100,100,200 | BO33: 100 | BP33: 200 | BQ33: 1,30000,4000 | BR33: 3 | BT33: 50 | BU33: 50 | BZ33: 1 | CA33: 1 | CB33: 1 | CC33: 1 | CD33: 1 | CE33: 1 | CF33: 1 | CG33: 1 | CM33: 110203 | CP33: 110203
B34: 地狱炎魔王 | D34: 10731 | E34: 70021 | G34: 302 | K34: 3 | L34: 1 | M34: 10814 | O34: 5 | P34: 2 | Q34: 3 | S34: 1 | T34: 1 | U34: 1 | Y34: 1094 | Z34: 1800 | AA34: 400 | AB34: 3 | AE34: 4 | AF34: 1 | AG34: 100 | AK34: 0 | AL34: 21010 | AM34: 1000 | AO34: 31114 | AP34: 1 | AQ34: 31114 | AR34: 1 | AS34: 31114 | AT34: 1 | AU34: 2009:10000,-1;31110:10000,-1;31112:10000,-1;31115:10000,-1 | AW34: 3:10;50:50 | AX34: 4,5,6,7,8 | BE34: 1003 | BF34: 10731 | BH34: 202:5;302:50 | BI34: 300,600 | BJ34: 550,100,100,100 | BK34: 100,100,100,200 | BO34: 100 | BP34: 200 | BQ34: 1,30000,4000 | BR34: 3 | BT34: 50 | BU34: 40 | BZ34: 1 | CA34: 2 | CB34: 1 | CC34: 2 | CD34: 1 | CE34: 1 | CF34: 1 | CG34: 1 | CM34: 110204 | CP34: 110204
B35: 骷髅盾卫 | C35: 快速模式 | D35: 10790 | E35: 70002 | H35: 0 | K35: 1 | P35: 1 | Q35: 1 | S35: 1 | T35: 1 | U35: 1 | Y35: 1095 | Z35: 1300 | AA35: 200 | AB35: 2 | AF35: 1 | AG35: 100 | AK35: 0 | AL35: 21001 | AM35: 1000 | AO35: 30001,30002 | AP35: 1,1 | AQ35: 10011,10012 | AR35: 1,1 | AS35: 10011,10012 | AT35: 1,1 | AW35: 3:10;50:50 | AX35: 4,5,6,7,8 | BF35: 10011 | BH35: 202:5;302:30 | BI35: 200,350 | BJ35: 300,100,100,100 | BK35: 100,100,100,200 | BO35: 50 | BP35: 200 | BQ35: 1,30000,4000 | BR35: 1 | BT35: 50 | BU35: 50 | BZ35: 3 | CA35: 4 | CB35: 4 | CC35: 4 | CD35: 5 | CE35: 6 | CF35: 4 | CG35: 4 | CH35: 3 | CI35: 1:5 | CM35: 100005 | CN35: 100057 | CP35: 100005
B36: 骷髅将领 | C36: 快速模式 | D36: 10791 | E36: 70018 | G36: 302 | H36: 0 | K36: 3 | M36: 10811 | O36: 5 | P36: 1 | Q36: 1 | S36: 1 | T36: 1 | U36: 1 | Y36: 1005 | Z36: 1500 | AA36: 300 | AB36: 3 | AE36: 4 | AF36: 1 | AG36: 100 | AK36: 0 | AL36: 21005 | AM36: 1000 | AO36: 30019,30020,300201 | AP36: 1,1,1 | AQ36: 30019,30020,300201 | AR36: 1,1,1 | AS36: 30019,30020,300201 | AT36: 1,1,1 | AU36: 2009:10000,-1 | AW36: 3:10;50:50 | AX36: 4,5,6,7,8 | BE36: 1003 | BF36: 10701 | BH36: 202:5;302:50 | BI36: 150,350 | BJ36: 550,100,100,100 | BK36: 100,100,100,200 | BO36: 100 | BP36: 200 | BQ36: 1,30000,4000 | BR36: 3 | BT36: 50 | BU36: 50 | BZ36: 1 | CA36: 1 | CB36: 1 | CC36: 1 | CD36: 1 | CE36: 1 | CF36: 1 | CG36: 1 | CM36: 1200000 | CO36: 100064 | CP36: 1200000
B37: 缝合巨尸 | C37: 快速模式 | D37: 10792 | E37: 70019 | G37: 302 | H37: 0 | K37: 3 | M37: 10812 | O37: 5 | P37: 1 | Q37: 3 | S37: 1 | T37: 1 | U37: 1 | Y37: 1092 | Z37: 1000 | AA37: 500 | AB37: 3 | AE37: 4 | AF37: 1 | AG37: 100 | AH37: 2000 | AJ37: 1408008,4,0 | AK37: 0 | AL37: 21005 | AM37: 1000 | AO37: 30039,30041,30042 | AP37: 1,1,1 | AQ37: 30039,30041,30042 | AR37: 1,1,1 | AS37: 30039,30041,30042 | AT37: 1,1,1,1 | AU37: 2009:10000,-1 | AW37: 3:10;50:50 | AX37: 4,5,6,7,8 | BE37: 1003 | BF37: 10711 | BH37: 202:5;302:50 | BI37: 300,500 | BJ37: 550,100,100,100 | BK37: 100,100,100,200 | BO37: 100 | BP37: 200 | BQ37: 1,30000,4000 | BR37: 3 | BT37: 50 | BU37: 50 | BZ37: 1 | CA37: 1 | CB37: 1 | CC37: 1 | CD37: 1 | CE37: 1 | CF37: 1 | CG37: 1 | CM37: 1200001 | CP37: 1200001
B38: 骷髅王 | C38: 快速模式 | D38: 10793 | E38: 70020 | G38: 302 | H38: 0 | K38: 3 | M38: 10813 | O38: 5 | P38: 2 | Q38: 3 | S38: 1 | T38: 1 | U38: 1 | Y38: 1093 | Z38: 1500 | AA38: 400 | AB38: 3 | AE38: 4 | AF38: 2 | AG38: 150 | AH38: 5300 | AK38: 0 | AL38: 8002 | AM38: 1100 | AO38: 31106,31101,31102,31103 | AP38: 1,1,1,1 | AQ38: 31106,31101,31102,31103 | AR38: 1,1,1,1 | AS38: 31106,31101,31102,31103 | AT38: 1,1,1,1 | AU38: 2009:10000,-1 | AW38: 3:10;50:50 | AX38: 4,5,6,7,8 | AY38: 2002006,2,0 | BE38: 1003 | BF38: 10721 | BH38: 202:5;302:50 | BI38: 150,400 | BJ38: 550,100,100,100 | BK38: 100,100,100,200 | BO38: 100 | BP38: 200 | BQ38: 1,30000,4000 | BR38: 3 | BT38: 50 | BU38: 50 | BZ38: 1 | CA38: 1 | CB38: 1 | CC38: 1 | CD38: 1 | CE38: 1 | CF38: 1 | CG38: 1 | CM38: 1200002 | CP38: 1200002
B39: 地狱炎魔王 | C39: 快速模式 | D39: 10794 | E39: 70021 | G39: 302 | K39: 3 | L39: 1 | M39: 10814 | O39: 5 | P39: 2 | Q39: 3 | S39: 1 | T39: 1 | U39: 1 | Y39: 1094 | Z39: 1800 | AA39: 400 | AB39: 3 | AE39: 4 | AF39: 1 | AG39: 100 | AK39: 0 | AL39: 21010 | AM39: 1000 | AO39: 31114 | AP39: 1 | AQ39: 31114 | AR39: 1 | AS39: 31114 | AT39: 1 | AU39: 2009:10000,-1;31110:10000,-1;31112:10000,-1;31115:10000,-1 | AW39: 3:10;50:50 | AX39: 4,5,6,7,8 | BE39: 1003 | BF39: 10731 | BH39: 202:5;302:50 | BI39: 300,600 | BJ39: 550,100,100,100 | BK39: 100,100,100,200 | BO39: 100 | BP39: 200 | BQ39: 1,30000,4000 | BR39: 3 | BT39: 50 | BU39: 40 | BZ39: 1 | CA39: 2 | CB39: 1 | CC39: 2 | CD39: 1 | CE39: 1 | CF39: 1 | CG39: 1 | CM39: 1200003 | CP39: 1200003
B40: 骷髅将领 | C40: 无尽-终BOSS | D40: 10950 | E40: 70018 | G40: 302 | H40: 0 | K40: 3 | L40: 1 | M40: 10811 | O40: 5 | P40: 1 | Q40: 1 | S40: 1 | T40: 1 | U40: 1 | Y40: 1005 | Z40: 1500 | AA40: 300 | AB40: 3 | AE40: 4 | AF40: 1 | AG40: 100 | AK40: 0 | AL40: 21005 | AM40: 1000 | AO40: 30019,30020,300201 | AP40: 1,1,1 | AQ40: 30019,30020,300201 | AR40: 1,1,1 | AS40: 30019,30020,300201 | AT40: 1,1,1 | AU40: 2009:10000,-1 | AW40: 3:10;50:50 | AX40: 4,5,6,7,8 | BE40: 1003 | BF40: 10701 | BH40: 202:5;302:50 | BI40: 150,350 | BJ40: 550,100,100,100 | BK40: 100,100,100,200 | BO40: 100 | BP40: 200 | BQ40: 1,30000,4000 | BR40: 3 | BT40: 50 | BU40: 50 | BZ40: 1 | CA40: 1 | CB40: 1 | CC40: 1 | CD40: 1 | CE40: 1 | CF40: 1 | CG40: 1 | CM40: 1210000 | CP40: 1210000
B41: 缝合巨尸 | C41: 无尽-终BOSS | D41: 10951 | E41: 70019 | G41: 302 | H41: 0 | K41: 3 | L41: 1 | M41: 10812 | O41: 5 | P41: 1 | Q41: 3 | S41: 1 | T41: 1 | U41: 1 | Y41: 1092 | Z41: 1000 | AA41: 500 | AB41: 3 | AE41: 4 | AF41: 1 | AG41: 100 | AH41: 2000 | AJ41: 1408008,4,0 | AK41: 0 | AL41: 21005 | AM41: 1000 | AO41: 30039,30041,30042 | AP41: 1,1,1 | AQ41: 30039,30041,30042 | AR41: 1,1,1 | AS41: 30039,30041,30042 | AT41: 1,1,1,1 | AU41: 2009:10000,-1 | AW41: 3:10;50:50 | AX41: 4,5,6,7,8 | BE41: 1003 | BF41: 10711 | BH41: 202:5;302:50 | BI41: 300,500 | BJ41: 550,100,100,100 | BK41: 100,100,100,200 | BO41: 100 | BP41: 200 | BQ41: 1,30000,4000 | BR41: 3 | BT41: 50 | BU41: 50 | BZ41: 1 | CA41: 1 | CB41: 1 | CC41: 1 | CD41: 1 | CE41: 1 | CF41: 1 | CG41: 1 | CM41: 1210000 | CP41: 1210000
B42: 骷髅王 | C42: 无尽-终BOSS | D42: 10952 | E42: 70020 | G42: 302 | H42: 0 | K42: 3 | L42: 1 | M42: 10813 | O42: 5 | P42: 2 | Q42: 3 | S42: 1 | T42: 1 | U42: 1 | Y42: 1093 | Z42: 1500 | AA42: 400 | AB42: 3 | AE42: 4 | AF42: 2 | AG42: 150 | AH42: 5300 | AK42: 0 | AL42: 8002 | AM42: 1100 | AO42: 31106,31101,31102,31103 | AP42: 1,1,1,1 | AQ42: 31106,31101,31102,31103 | AR42: 1,1,1,1 | AS42: 31106,31101,31102,31103 | AT42: 1,1,1,1 | AU42: 2009:10000,-1 | AW42: 3:10;50:50 | AX42: 4,5,6,7,8 | AY42: 2002006,2,0 | BE42: 1003 | BF42: 10721 | BH42: 202:5;302:50 | BI42: 150,400 | BJ42: 550,100,100,100 | BK42: 100,100,100,200 | BO42: 100 | BP42: 200 | BQ42: 1,30000,4000 | BR42: 3 | BT42: 50 | BU42: 50 | BZ42: 1 | CA42: 1 | CB42: 1 | CC42: 1 | CD42: 1 | CE42: 1 | CF42: 1 | CG42: 1 | CM42: 1210001 | CP42: 1210001
B43: 地狱炎魔王 | C43: 无尽-终BOSS | D43: 10953 | E43: 70021 | G43: 302 | K43: 3 | L43: 1 | M43: 10814 | O43: 5 | P43: 2 | Q43: 3 | S43: 1 | T43: 1 | U43: 1 | Y43: 1094 | Z43: 1800 | AA43: 400 | AB43: 3 | AE43: 4 | AF43: 1 | AG43: 100 | AK43: 0 | AL43: 21010 | AM43: 1000 | AO43: 31114 | AP43: 1 | AQ43: 31114 | AR43: 1 | AS43: 31114 | AT43: 1 | AU43: 2009:10000,-1;31110:10000,-1;31112:10000,-1;31115:10000,-1 | AW43: 3:10;50:50 | AX43: 4,5,6,7,8 | BE43: 1003 | BF43: 10731 | BH43: 202:5;302:50 | BI43: 300,600 | BJ43: 550,100,100,100 | BK43: 100,100,100,200 | BO43: 100 | BP43: 200 | BQ43: 1,30000,4000 | BR43: 3 | BT43: 50 | BU43: 40 | BZ43: 1 | CA43: 2 | CB43: 1 | CC43: 2 | CD43: 1 | CE43: 1 | CF43: 1 | CG43: 1 | CM43: 1210002 | CP43: 1210002
B44: 任务-怨灵 | D44: 10991 | E44: 70032 | K44: 2 | O44: 1 | P44: 1 | Q44: 1 | S44: 1 | T44: 1 | U44: 1 | Y44: 1020 | Z44: 1300 | AA44: 300 | AB44: 2 | AE44: 4 | AF44: 1 | AG44: 100 | AK44: 0 | AL44: 21005 | AM44: 1000 | AO44: 30070,30071 | AP44: 1,1 | AQ44: 30070,30071,30072 | AR44: 1,1,1 | AS44: 30070,30071,30072 | AT44: 1,1,1 | AU44: 2009:10000,-1 | AV44: 450,500 | AW44: 3:10;50:50 | AX44: 4,5,6,7,8 | BF44: 10611 | BH44: 202:5;302:50 | BI44: 150,300 | BJ44: 450,100,100,100 | BK44: 100,100,100,200 | BO44: 100 | BP44: 200 | BQ44: 1,30000,4000 | BR44: 2 | BT44: 50 | BU44: 40 | BZ44: 1 | CA44: 1 | CB44: 1 | CC44: 1 | CD44: 1 | CE44: 1 | CF44: 1 | CG44: 1 | CM44: 200103 | CP44: 200103
A45: 特殊怪物 | B45: 被召唤物-灰袍亡灵 | D45: 10800 | E45: 70022 | K45: 1 | P45: 1 | Q45: 1 | S45: 1 | T45: 1 | U45: 1 | Y45: 1020 | Z45: 1000 | AA45: 300 | AB45: 1 | AF45: 1 | AG45: 100 | AK45: 0 | AL45: 21005 | AM45: 1000 | AO45: 30070,30071,30072 | AP45: 1,1,1 | AQ45: 30070,30071,30072 | AR45: 1,1,1 | AS45: 30070,30071,30072 | AT45: 1,1,1 | AV45: 450,500 | AW45: 3:10;50:50 | AX45: 4,5,6,7,8 | BF45: 10162 | BH45: 202:5;302:30 | BI45: 150,300 | BJ45: 350,100,100,100 | BK45: 100,100,100,200 | BO45: 100 | BP45: 200 | BQ45: 1,30000,4000 | BR45: 1 | BT45: 50 | BU45: 40 | BZ45: 1 | CA45: 1 | CB45: 1 | CC45: 1 | CD45: 1 | CE45: 1 | CF45: 1 | CG45: 1 | CM45: 100005 | CP45: 100005
B46: 事件阵型怪物1 | D46: 10801 | E46: 70023 | K46: 11 | P46: 1 | Q46: 1 | S46: 1 | T46: 1 | U46: 1 | Y46: 1020 | Z46: 1000 | AA46: 300 | AB46: 1 | AF46: 1 | AG46: 100 | AK46: 0 | AL46: 23023 | AM46: 1000 | AO46: 30021 | AP46: 1 | AQ46: 10201 | AR46: 1 | AS46: 10201 | AT46: 1 | AV46: 450,500 | AW46: 3:10;50:50 | AX46: 4,5,6,7,8 | BF46: 10031 | BH46: 202:5;302:30 | BI46: 150,300 | BJ46: 650,100,100,100 | BK46: 100,100,100,200 | BO46: 100 | BP46: 200 | BQ46: 1,30000,4000 | BR46: 1 | BT46: 50 | BU46: 40 | BZ46: 1 | CA46: 1 | CB46: 1 | CC46: 1 | CD46: 1 | CE46: 1 | CF46: 1 | CG46: 1 | CM46: 100005 | CP46: 100005
B47: 事件怪物-火墙 | C47: ACT1 | D47: 10811 | E47: 70024 | K47: 12 | P47: 1 | Q47: 1 | S47: 1 | T47: 1 | U47: 1 | Y47: 4043 | Z47: 1000 | AA47: 300 | AB47: 1 | AF47: 1 | AG47: 100 | AK47: 0 | AU47: 13260:10000,-1 | AW47: 3:10;50:50 | AX47: 4,5,6,7,8 | BF47: 10901 | BH47: 202:5;302:30 | BI47: 150,300 | BJ47: 100,100,100,100 | BK47: 100,100,100,200 | BO47: 100 | BP47: 200 | BQ47: 1,30000,4000 | BR47: 1 | BT47: 50 | BU47: 40
B48: 事件怪物-火墙 | D48: 10812 | E48: 70024 | K48: 12 | P48: 1 | Q48: 1 | S48: 1 | T48: 1 | U48: 1 | Y48: 4043 | Z48: 1000 | AA48: 300 | AB48: 1 | AF48: 1 | AG48: 100 | AK48: 0 | AU48: 13260:10000,-1 | AW48: 3:10;50:50 | AX48: 4,5,6,7,8 | BF48: 10901 | BH48: 202:5;302:30 | BI48: 150,300 | BJ48: 100,100,100,100 | BK48: 100,100,100,200 | BO48: 100 | BP48: 200 | BQ48: 1,30000,4000 | BR48: 1 | BT48: 50 | BU48: 40
B49: 事件怪物-火墙 | D49: 10813 | E49: 70024 | K49: 12 | P49: 1 | Q49: 1 | S49: 1 | T49: 1 | U49: 1 | Y49: 4043 | Z49: 1000 | AA49: 300 | AB49: 1 | AF49: 1 | AG49: 100 | AK49: 0 | AU49: 13260:10000,-1 | AW49: 3:10;50:50 | AX49: 4,5,6,7,8 | BF49: 10901 | BH49: 202:5;302:30 | BI49: 150,300 | BJ49: 100,100,100,100 | BK49: 100,100,100,200 | BO49: 100 | BP49: 200 | BQ49: 1,30000,4000 | BR49: 1 | BT49: 50 | BU49: 40
B50: 事件怪物-火墙 | D50: 10814 | E50: 70024 | K50: 12 | P50: 1 | Q50: 1 | S50: 1 | T50: 1 | U50: 1 | Y50: 4043 | Z50: 1000 | AA50: 300 | AB50: 1 | AF50: 1 | AG50: 100 | AK50: 0 | AU50: 13260:10000,-1 | AW50: 3:10;50:50 | AX50: 4,5,6,7,8 | BF50: 10901 | BH50: 202:5;302:30 | BI50: 150,300 | BJ50: 100,100,100,100 | BK50: 100,100,100,200 | BO50: 100 | BP50: 200 | BQ50: 1,30000,4000 | BR50: 1 | BT50: 50 | BU50: 40
B51: 事件怪物-火墙 | C51: ACT2 | D51: 10815 | E51: 70024 | K51: 12 | P51: 1 | Q51: 1 | S51: 1 | T51: 1 | U51: 1 | Y51: 4043 | Z51: 1000 | AA51: 300 | AB51: 1 | AF51: 1 | AG51: 100 | AK51: 0 | AU51: 13260:10000,-1 | AW51: 3:10;50:50 | AX51: 4,5,6,7,8 | BF51: 10901 | BH51: 202:5;302:30 | BI51: 150,300 | BJ51: 100,100,100,100 | BK51: 100,100,100,200 | BO51: 100 | BP51: 200 | BQ51: 1,30000,4000 | BR51: 1 | BT51: 50 | BU51: 40
B52: 事件怪物-火墙 | D52: 10816 | E52: 70024 | K52: 12 | P52: 1 | Q52: 1 | S52: 1 | T52: 1 | U52: 1 | Y52: 4043 | Z52: 1000 | AA52: 300 | AB52: 1 | AF52: 1 | AG52: 100 | AK52: 0 | AU52: 13260:10000,-1 | AW52: 3:10;50:50 | AX52: 4,5,6,7,8 | BF52: 10901 | BH52: 202:5;302:30 | BI52: 150,300 | BJ52: 100,100,100,100 | BK52: 100,100,100,200 | BO52: 100 | BP52: 200 | BQ52: 1,30000,4000 | BR52: 1 | BT52: 50 | BU52: 40
B53: 事件怪物-火墙 | D53: 10817 | E53: 70024 | K53: 12 | P53: 1 | Q53: 1 | S53: 1 | T53: 1 | U53: 1 | Y53: 4043 | Z53: 1000 | AA53: 300 | AB53: 1 | AF53: 1 | AG53: 100 | AK53: 0 | AU53: 13260:10000,-1 | AW53: 3:10;50:50 | AX53: 4,5,6,7,8 | BF53: 10901 | BH53: 202:5;302:30 | BI53: 150,300 | BJ53: 100,100,100,100 | BK53: 100,100,100,200 | BO53: 100 | BP53: 200 | BQ53: 1,30000,4000 | BR53: 1 | BT53: 50 | BU53: 40
B54: 事件怪物-火墙 | D54: 10818 | E54: 70024 | K54: 12 | P54: 1 | Q54: 1 | S54: 1 | T54: 1 | U54: 1 | Y54: 4043 | Z54: 1000 | AA54: 300 | AB54: 1 | AF54: 1 | AG54: 100 | AK54: 0 | AU54: 13260:10000,-1 | AW54: 3:10;50:50 | AX54: 4,5,6,7,8 | BF54: 10901 | BH54: 202:5;302:30 | BI54: 150,300 | BJ54: 100,100,100,100 | BK54: 100,100,100,200 | BO54: 100 | BP54: 200 | BQ54: 1,30000,4000 | BR54: 1 | BT54: 50 | BU54: 40
B55: 事件怪物-火墙 | C55: ACT3 | D55: 10819 | E55: 70024 | K55: 12 | P55: 1 | Q55: 1 | S55: 1 | T55: 1 | U55: 1 | Y55: 4043 | Z55: 1000 | AA55: 300 | AB55: 1 | AF55: 1 | AG55: 100 | AK55: 0 | AU55: 13260:10000,-1 | AW55: 3:10;50:50 | AX55: 4,5,6,7,8 | BF55: 10901 | BH55: 202:5;302:30 | BI55: 150,300 | BJ55: 100,100,100,100 | BK55: 100,100,100,200 | BO55: 100 | BP55: 200 | BQ55: 1,30000,4000 | BR55: 1 | BT55: 50 | BU55: 40
B56: 事件怪物-火墙 | D56: 10820 | E56: 70024 | K56: 12 | P56: 1 | Q56: 1 | S56: 1 | T56: 1 | U56: 1 | Y56: 4043 | Z56: 1000 | AA56: 300 | AB56: 1 | AF56: 1 | AG56: 100 | AK56: 0 | AU56: 13260:10000,-1 | AW56: 3:10;50:50 | AX56: 4,5,6,7,8 | BF56: 10901 | BH56: 202:5;302:30 | BI56: 150,300 | BJ56: 100,100,100,100 | BK56: 100,100,100,200 | BO56: 100 | BP56: 200 | BQ56: 1,30000,4000 | BR56: 1 | BT56: 50 | BU56: 40
B57: 事件怪物-火墙 | D57: 10821 | E57: 70024 | K57: 12 | P57: 1 | Q57: 1 | S57: 1 | T57: 1 | U57: 1 | Y57: 4043 | Z57: 1000 | AA57: 300 | AB57: 1 | AF57: 1 | AG57: 100 | AK57: 0 | AU57: 13260:10000,-1 | AW57: 3:10;50:50 | AX57: 4,5,6,7,8 | BF57: 10901 | BH57: 202:5;302:30 | BI57: 150,300 | BJ57: 100,100,100,100 | BK57: 100,100,100,200 | BO57: 100 | BP57: 200 | BQ57: 1,30000,4000 | BR57: 1 | BT57: 50 | BU57: 40
B58: 事件怪物-火墙 | D58: 10822 | E58: 70024 | K58: 12 | P58: 1 | Q58: 1 | S58: 1 | T58: 1 | U58: 1 | Y58: 4043 | Z58: 1000 | AA58: 300 | AB58: 1 | AF58: 1 | AG58: 100 | AK58: 0 | AU58: 13260:10000,-1 | AW58: 3:10;50:50 | AX58: 4,5,6,7,8 | BF58: 10901 | BH58: 202:5;302:30 | BI58: 150,300 | BJ58: 100,100,100,100 | BK58: 100,100,100,200 | BO58: 100 | BP58: 200 | BQ58: 1,30000,4000 | BR58: 1 | BT58: 50 | BU58: 40
B59: 事件怪物-火墙 | C59: ACT4 | D59: 10823 | E59: 70024 | K59: 12 | P59: 1 | Q59: 1 | S59: 1 | T59: 1 | U59: 1 | Y59: 4043 | Z59: 1000 | AA59: 300 | AB59: 1 | AF59: 1 | AG59: 100 | AK59: 0 | AU59: 13260:10000,-1 | AW59: 3:10;50:50 | AX59: 4,5,6,7,8 | BF59: 10901 | BH59: 202:5;302:30 | BI59: 150,300 | BJ59: 100,100,100,100 | BK59: 100,100,100,200 | BO59: 100 | BP59: 200 | BQ59: 1,30000,4000 | BR59: 1 | BT59: 50 | BU59: 40
B60: 事件怪物-火墙 | D60: 10824 | E60: 70024 | K60: 12 | P60: 1 | Q60: 1 | S60: 1 | T60: 1 | U60: 1 | Y60: 4043 | Z60: 1000 | AA60: 300 | AB60: 1 | AF60: 1 | AG60: 100 | AK60: 0 | AU60: 13260:10000,-1 | AW60: 3:10;50:50 | AX60: 4,5,6,7,8 | BF60: 10901 | BH60: 202:5;302:30 | BI60: 150,300 | BJ60: 100,100,100,100 | BK60: 100,100,100,200 | BO60: 100 | BP60: 200 | BQ60: 1,30000,4000 | BR60: 1 | BT60: 50 | BU60: 40
B61: 事件怪物-火墙 | D61: 10825 | E61: 70024 | K61: 12 | P61: 1 | Q61: 1 | S61: 1 | T61: 1 | U61: 1 | Y61: 4043 | Z61: 1000 | AA61: 300 | AB61: 1 | AF61: 1 | AG61: 100 | AK61: 0 | AU61: 13260:10000,-1 | AW61: 3:10;50:50 | AX61: 4,5,6,7,8 | BF61: 10901 | BH61: 202:5;302:30 | BI61: 150,300 | BJ61: 100,100,100,100 | BK61: 100,100,100,200 | BO61: 100 | BP61: 200 | BQ61: 1,30000,4000 | BR61: 1 | BT61: 50 | BU61: 40
B62: 事件怪物-火墙 | D62: 10826 | E62: 70024 | K62: 12 | P62: 1 | Q62: 1 | S62: 1 | T62: 1 | U62: 1 | Y62: 4043 | Z62: 1000 | AA62: 300 | AB62: 1 | AF62: 1 | AG62: 100 | AK62: 0 | AU62: 13260:10000,-1 | AW62: 3:10;50:50 | AX62: 4,5,6,7,8 | BF62: 10901 | BH62: 202:5;302:30 | BI62: 150,300 | BJ62: 100,100,100,100 | BK62: 100,100,100,200 | BO62: 100 | BP62: 200 | BQ62: 1,30000,4000 | BR62: 1 | BT62: 50 | BU62: 40
B63: 事件怪物-火墙 | C63: ACT5 | D63: 10827 | E63: 70024 | K63: 12 | P63: 1 | Q63: 1 | S63: 1 | T63: 1 | U63: 1 | Y63: 4043 | Z63: 1000 | AA63: 300 | AB63: 1 | AF63: 1 | AG63: 100 | AK63: 0 | AU63: 13260:10000,-1 | AW63: 3:10;50:50 | AX63: 4,5,6,7,8 | BF63: 10901 | BH63: 202:5;302:30 | BI63: 150,300 | BJ63: 100,100,100,100 | BK63: 100,100,100,200 | BO63: 100 | BP63: 200 | BQ63: 1,30000,4000 | BR63: 1 | BT63: 50 | BU63: 40
B64: 事件怪物-火墙 | D64: 10828 | E64: 70024 | K64: 12 | P64: 1 | Q64: 1 | S64: 1 | T64: 1 | U64: 1 | Y64: 4043 | Z64: 1000 | AA64: 300 | AB64: 1 | AF64: 1 | AG64: 100 | AK64: 0 | AU64: 13260:10000,-1 | AW64: 3:10;50:50 | AX64: 4,5,6,7,8 | BF64: 10901 | BH64: 202:5;302:30 | BI64: 150,300 | BJ64: 100,100,100,100 | BK64: 100,100,100,200 | BO64: 100 | BP64: 200 | BQ64: 1,30000,4000 | BR64: 1 | BT64: 50 | BU64: 40
B65: 事件怪物-火墙 | D65: 10829 | E65: 70024 | K65: 12 | P65: 1 | Q65: 1 | S65: 1 | T65: 1 | U65: 1 | Y65: 4043 | Z65: 1000 | AA65: 300 | AB65: 1 | AF65: 1 | AG65: 100 | AK65: 0 | AU65: 13260:10000,-1 | AW65: 3:10;50:50 | AX65: 4,5,6,7,8 | BF65: 10901 | BH65: 202:5;302:30 | BI65: 150,300 | BJ65: 100,100,100,100 | BK65: 100,100,100,200 | BO65: 100 | BP65: 200 | BQ65: 1,30000,4000 | BR65: 1 | BT65: 50 | BU65: 40
B66: 事件怪物-火墙 | D66: 10830 | E66: 70024 | K66: 12 | P66: 1 | Q66: 1 | S66: 1 | T66: 1 | U66: 1 | Y66: 4043 | Z66: 1000 | AA66: 300 | AB66: 1 | AF66: 1 | AG66: 100 | AK66: 0 | AU66: 13260:10000,-1 | AW66: 3:10;50:50 | AX66: 4,5,6,7,8 | BF66: 10901 | BH66: 202:5;302:30 | BI66: 150,300 | BJ66: 100,100,100,100 | BK66: 100,100,100,200 | BO66: 100 | BP66: 200 | BQ66: 1,30000,4000 | BR66: 1 | BT66: 50 | BU66: 40
B67: 梦魇怪物-普通 | D67: 10901 | E67: 70025 | H67: 0 | K67: 13 | P67: 5 | Q67: 3 | S67: 1 | T67: 1 | U67: 1 | Y67: 1331 | Z67: 1000 | AA67: 200 | AB67: 1 | AE67: 4 | AF67: 1 | AG67: 100 | AK67: 0 | AL67: 21010 | AM67: 1000 | AO67: 30022 | AP67: 1 | AQ67: 30022 | AR67: 1 | AS67: 30022 | AT67: 1 | AW67: 3:10;50:50 | AX67: 4,5,6,7,8 | BF67: 10901 | BH67: 202:5;302:30 | BI67: 200,600 | BJ67: 400,100,100,100 | BK67: 100,100,100,200 | BO67: 100 | BP67: 200 | BQ67: 1,30000,4000 | BR67: 1 | BT67: 50 | BU67: 30 | BZ67: 4 | CA67: 5 | CB67: 5 | CC67: 5 | CD67: 5 | CE67: 6 | CF67: 5 | CG67: 5 | CM67: 100005 | CP67: 100005
B68: 梦魇怪物-梦魇眼球 | D68: 10902 | E68: 70026 | K68: 13 | P68: 5 | Q68: 3 | S68: 1 | T68: 1 | U68: 1 | Y68: 1710 | Z68: 1000 | AA68: 200 | AE68: 4 | AF68: 1 | AG68: 100 | AK68: 0 | AL68: 21009 | AM68: 1000 | AO68: 30121 | AP68: 1 | AQ68: 30121 | AR68: 1 | AS68: 30121 | AT68: 1 | AU68: 2005:10000,-1 | AW68: 3:10;50:50 | AX68: 4,5,6,7,8 | BF68: 10902 | BH68: 202:5;302:30 | BI68: 200,600 | BJ68: 400,100,100,100 | BK68: 100,100,100,200 | BO68: 100 | BP68: 200 | BQ68: 1,30000,4000 | BR68: 1 | BT68: 50 | BU68: 20 | BZ68: 4 | CA68: 5 | CB68: 5 | CC68: 5 | CD68: 5 | CE68: 6 | CF68: 5 | CG68: 5 | CM68: 100005 | CP68: 100005
B69: 梦魇怪物-普通触手 | D69: 10903 | E69: 70027 | K69: 13 | P69: 5 | Q69: 3 | S69: 1 | T69: 1 | U69: 1 | Y69: 200101 | Z69: 1400 | AA69: 200 | AE69: 4 | AF69: 1 | AG69: 100 | AK69: 0 | AL69: 190 | AM69: 1000 | AO69: 30131 | AP69: 1 | AQ69: 30131 | AR69: 1 | AS69: 30131 | AT69: 1 | AW69: 3:10;50:50 | AX69: 4,5,6,7,8 | BF69: 10903 | BH69: 202:5;302:30 | BI69: 200,600 | BJ69: 0,0,0,0 | BK69: 100,100,100,200 | BO69: 100 | BP69: 200 | BQ69: 1,30000,4000 | BR69: 1 | BT69: 50 | BU69: 10 | BZ69: 4 | CA69: 5 | CB69: 5 | CC69: 5 | CD69: 5 | CE69: 6 | CF69: 5 | CG69: 5 | CM69: 100005 | CP69: 100005
B70: 梦魇怪物-变异触手 | D70: 10904 | E70: 70028 | K70: 13 | P70: 5 | Q70: 3 | S70: 1 | T70: 1 | U70: 1 | Y70: 200102 | Z70: 1400 | AA70: 200 | AE70: 4 | AF70: 1 | AG70: 100 | AK70: 0 | AL70: 23011 | AM70: 1000 | AO70: 30141 | AP70: 1 | AQ70: 30141 | AR70: 1 | AS70: 30141 | AT70: 1 | AU70: 2005:10000,-1 | AW70: 3:10;50:50 | AX70: 4,5,6,7,8 | BF70: 10904 | BH70: 202:5;302:30 | BI70: 200,600 | BJ70: 0,0,0,0 | BK70: 100,100,100,200 | BO70: 100 | BP70: 200 | BQ70: 1,30000,4000 | BR70: 1 | BT70: 50 | BU70: 0 | BZ70: 4 | CA70: 5 | CB70: 5 | CC70: 5 | CD70: 5 | CE70: 6 | CF70: 5 | CG70: 5 | CM70: 100005 | CP70: 100005
B71: 梦魇怪物-精英 | D71: 10911 | E71: 70029 | H71: 0 | K71: 13 | P71: 5 | Q71: 3 | S71: 1 | T71: 1 | U71: 1 | Y71: 1331 | Z71: 1500 | AA71: 200 | AB71: 2 | AE71: 4 | AF71: 1 | AG71: 100 | AK71: 0 | AL71: 21010 | AM71: 1000 | AO71: 30022 | AP71: 1 | AQ71: 30022 | AR71: 1 | AS71: 30022 | AT71: 1 | AU71: 2005:10000,-1 | AW71: 3:10;50:50 | AX71: 4,5,6,7,8 | BF71: 10911 | BH71: 202:5;302:30 | BI71: 200,600 | BJ71: 450,100,100,100 | BK71: 100,100,100,200 | BO71: 100 | BP71: 200 | BQ71: 1,30000,4000 | BR71: 1 | BT71: 50 | BU71: 30 | BZ71: 4 | CA71: 5 | CB71: 5 | CC71: 5 | CD71: 5 | CE71: 6 | CF71: 5 | CG71: 5 | CM71: 100005 | CP71: 100005
B72: 梦魇怪物-首领 | D72: 10921 | E72: 70030 | H72: 0 | K72: 13 | P72: 5 | Q72: 3 | S72: 1 | T72: 1 | U72: 1 | Y72: 1331 | Z72: 2000 | AA72: 200 | AB72: 3 | AE72: 4 | AF72: 1 | AG72: 100 | AK72: 0 | AL72: 21010 | AM72: 1000 | AO72: 30022 | AP72: 1 | AQ72: 30022 | AR72: 1 | AS72: 30022 | AT72: 1 | AU72: 2005:10000,-1 | AW72: 3:10;50:50 | AX72: 4,5,6,7,8 | BF72: 10921 | BH72: 202:5;302:30 | BI72: 200,600 | BJ72: 600,100,100,100 | BK72: 100,100,100,200 | BO72: 100 | BP72: 200 | BQ72: 1,30000,4000 | BR72: 1 | BT72: 50 | BU72: 30 | BZ72: 4 | CA72: 5 | CB72: 5 | CC72: 5 | CD72: 5 | CE72: 6 | CF72: 5 | CG72: 5 | CM72: 100005 | CP72: 100005
A73: ACT2新 | B73: 原住民 | C73: 普通小怪 | D73: 11001 | E73: 70101 | H73: 0 | K73: 1 | P73: 1 | Q73: 3 | S73: 1 | T73: 1 | U73: 1 | Y73: 1334 | Z73: 800 | AA73: 200 | AF73: 1 | AG73: 100 | AK73: 0 | AL73: 21002 | AM73: 1000 | AO73: 30001 | AP73: 1 | AQ73: 30001 | AR73: 1 | AS73: 30001 | AT73: 1 | AW73: 3:10;50:50 | AX73: 4,5,6,7,8 | BF73: 11001 | BH73: 202:8;302:40 | BI73: 200,300 | BJ73: 350,100,100,100 | BK73: 100,100,100,200 | BO73: 100 | BP73: 200 | BQ73: 1,30000,4000 | BR73: 1 | BT73: 50 | BU73: 50 | BZ73: 3 | CA73: 4 | CB73: 3 | CC73: 4 | CD73: 3 | CE73: 4 | CF73: 3 | CG73: 4 | CH73: 1 | CI73: 1:3 | CM73: 100005 | CN73: 100057 | CP73: 100005
B74: 原住民胖子 | C74: 肉盾 | D74: 11011 | E74: 70102 | H74: 0 | K74: 1 | P74: 0 | Q74: 3 | S74: 1 | T74: 1 | U74: 1 | Y74: 1307 | Z74: 800 | AA74: 200 | AF74: 1 | AG74: 100 | AK74: 0 | AL74: 21002 | AM74: 1000 | AO74: 30001 | AP74: 1 | AQ74: 30001 | AR74: 1 | AS74: 30001 | AT74: 1 | AW74: 3:10;50:50 | AX74: 4,5,6,7,8 | BF74: 11011 | BH74: 202:8;302:40 | BI74: 450,1000 | BJ74: 350,100,100,100 | BK74: 100,100,100,200 | BO74: 100 | BP74: 200 | BQ74: 1,30000,4000 | BR74: 1 | BT74: 50 | BU74: 20 | BZ74: 1 | CA74: 2 | CB74: 1 | CC74: 2 | CD74: 1 | CE74: 2 | CF74: 1 | CG74: 2 | CH74: 5 | CI74: 1:10 | CM74: 100005 | CN74: 100057 | CP74: 100005
B75: 老鼠 | C75: 突袭怪 | D75: 11021 | E75: 70103 | K75: 1 | P75: 3 | Q75: 3 | S75: 1 | T75: 1 | U75: 1 | Y75: 1207 | Z75: 1000 | AA75: 200 | AF75: 1 | AG75: 100 | AK75: 0 | AL75: 21002 | AM75: 1000 | AO75: 30001 | AP75: 1 | AQ75: 30001 | AR75: 1 | AS75: 30001 | AT75: 1 | AV75: 450,500 | AW75: 3:10;50:50 | AX75: 4,5,6,7,8 | BF75: 11021 | BH75: 202:8;302:40 | BI75: 300,600 | BJ75: 500,100,100,100 | BK75: 100,100,100,200 | BO75: 100 | BP75: 200 | BQ75: 1,30000,4000 | BR75: 1 | BT75: 50 | BU75: 40 | BZ75: 4 | CA75: 4 | CB75: 5 | CC75: 6 | CD75: 7 | CE75: 8 | CF75: 5 | CG75: 6 | CH75: 13 | CI75: 1:16 | CM75: 100005 | CN75: 100057 | CP75: 100005
B76: 裂口恶犬 | C76: 刺客 | D76: 11031 | E76: 70104 | H76: 0 | K76: 1 | P76: 2 | Q76: 3 | S76: 1 | T76: 1 | U76: 1 | Y76: 1211 | Z76: 1000 | AA76: 200 | AF76: 1 | AG76: 100 | AK76: 0 | AL76: 21002 | AM76: 1000 | AO76: 30001 | AP76: 1 | AQ76: 30001 | AR76: 1 | AS76: 30001 | AT76: 1 | AW76: 3:10;50:50 | AX76: 4,5,6,7,8 | BF76: 11031 | BH76: 202:8;302:40 | BI76: 300,600 | BJ76: 600,100,100,100 | BK76: 100,100,100,200 | BO76: 100 | BP76: 200 | BQ76: 1,30000,4000 | BR76: 1 | BT76: 50 | BU76: 80 | BZ76: 3 | CA76: 4 | CB76: 3 | CC76: 4 | CD76: 3 | CE76: 4 | CF76: 3 | CG76: 4 | CH76: 27 | CI76: 1:12 | CM76: 100005 | CN76: 100057 | CP76: 100005
B77: 虫人 | C77: 进阶小怪 | D77: 11201 | E77: 70105 | K77: 1 | P77: 1 | Q77: 2 | S77: 1 | T77: 1 | U77: 1 | Y77: 1545 | Z77: 1100 | AA77: 200 | AF77: 1 | AG77: 100 | AK77: 0 | AL77: 21002 | AM77: 1000 | AO77: 30001 | AP77: 1 | AQ77: 30001 | AR77: 1 | AS77: 30001 | AT77: 1 | AV77: 450,500 | AW77: 3:10;50:50 | AX77: 4,5,6,7,8 | BF77: 11201 | BH77: 202:8;302:40 | BI77: 200,600 | BJ77: 350,100,100,100 | BK77: 100,100,100,200 | BO77: 100 | BP77: 200 | BQ77: 1,30000,4000 | BR77: 1 | BT77: 50 | BU77: 40 | BZ77: 1 | CA77: 1 | CB77: 1 | CC77: 1 | CD77: 1 | CE77: 1 | CF77: 1 | CG77: 1 | CH77: 1 | CI77: 1:2 | CM77: 100005 | CN77: 100057 | CP77: 100005
B78: 虫族猎杀者 | C78: 战士 | D78: 11211 | E78: 70106 | K78: 1 | P78: 3 | Q78: 2 | S78: 1 | T78: 1 | U78: 1 | Y78: 1514 | Z78: 1000 | AA78: 200 | AF78: 1 | AG78: 100 | AK78: 0 | AL78: 21002 | AM78: 1000 | AO78: 30001 | AP78: 1 | AQ78: 30001 | AR78: 1 | AS78: 30001 | AT78: 1 | AV78: 450,500 | AW78: 3:10;50:50 | AX78: 4,5,6,7,8 | BF78: 11211 | BH78: 202:8;302:40 | BI78: 150,400 | BJ78: 350,100,100,100 | BK78: 100,100,100,200 | BO78: 100 | BP78: 200 | BQ78: 1,30000,4000 | BR78: 1 | BT78: 50 | BU78: 40 | BZ78: 1 | CA78: 1 | CB78: 1 | CC78: 1 | CD78: 1 | CE78: 1 | CF78: 1 | CG78: 1 | CH78: 21 | CI78: 1:11 | CM78: 100005 | CN78: 100057 | CP78: 100005
B79: 虫人长矛 | C79: 远距战士 | D79: 11221 | E79: 70107 | K79: 1 | P79: 1 | Q79: 2 | S79: 1 | T79: 1 | U79: 1 | Y79: 1546 | Z79: 1300 | AA79: 200 | AF79: 1 | AG79: 100 | AK79: 0 | AL79: 21003 | AM79: 1000 | AO79: 30013,30014 | AP79: 1,1 | AQ79: 10411,10412 | AR79: 1,1 | AS79: 10411,10412 | AT79: 1,1 | AV79: 450,500 | AW79: 3:10;50:50 | AX79: 4,5,6,7,8 | BF79: 11221 | BH79: 202:8;302:40 | BI79: 150,300 | BJ79: 350,100,100,100 | BK79: 100,100,100,200 | BO79: 100 | BP79: 200 | BQ79: 1,30000,4000 | BR79: 1 | BT79: 50 | BU79: 40 | BZ79: 1 | CA79: 1 | CB79: 1 | CC79: 1 | CD79: 1 | CE79: 1 | CF79: 1 | CG79: 1 | CH79: 4 | CI79: 1:6 | CM79: 100005 | CN79: 100057 | CP79: 100005
B80: 驯虫师 | C80: 盾卫战士 | D80: 11231 | E80: 70108 | K80: 1 | P80: 1 | Q80: 2 | S80: 1 | T80: 1 | U80: 1 | Y80: 1544 | Z80: 1300 | AA80: 200 | AF80: 1 | AG80: 100 | AK80: 0 | AL80: 21003 | AM80: 1000 | AO80: 30151,30010 | AP80: 1,1 | AQ80: 30151,30010 | AR80: 1,1 | AS80: 30151,30010 | AT80: 1,1 | AV80: 450,500 | AW80: 3:10;50:50 | AX80: 4,5,6,7,8 | BF80: 11231 | BH80: 202:8;302:40 | BI80: 200,300 | BJ80: 350,100,100,100 | BK80: 100,100,100,200 | BO80: 100 | BP80: 200 | BQ80: 1,30000,4000 | BR80: 1 | BT80: 50 | BU80: 40 | BZ80: 1 | CA80: 1 | CB80: 1 | CC80: 1 | CD80: 1 | CE80: 1 | CF80: 1 | CG80: 1 | CH80: 7 | CI80: 1:3 | CM80: 100005 | CN80: 100057 | CP80: 100005
B81: 变异蟑螂 | C81: 肉盾 | D81: 11241 | E81: 70109 | K81: 1 | P81: 3 | Q81: 2 | S81: 1 | T81: 1 | U81: 1 | Y81: 1531 | Z81: 700 | AA81: 300 | AF81: 1 | AG81: 100 | AK81: 0 | AL81: 21011 | AM81: 1100 | AO81: 30025 | AP81: 1 | AQ81: 30025 | AR81: 1 | AS81: 30025 | AT81: 1 | AV81: 450,500 | AW81: 3:10;50:50 | AX81: 4,5,6,7,8 | BF81: 11241 | BH81: 202:8;302:40 | BI81: 200,500 | BJ81: 400,100,100,100 | BK81: 100,100,100,200 | BO81: 120 | BP81: 200 | BQ81: 1,30000,4000 | BR81: 1 | BT81: 50 | BU81: 30 | BZ81: 3 | CA81: 3 | CB81: 4 | CC81: 4 | CD81: 5 | CE81: 5 | CF81: 4 | CG81: 5 | CH81: 5 | CI81: 1:16 | CM81: 100005 | CN81: 100057 | CP81: 100005
B82: 远程蠕虫 | C82: 法师 | D82: 11251 | E82: 70110 | K82: 1 | P82: 3 | Q82: 2 | S82: 1 | T82: 1 | U82: 1 | Y82: 1548 | Z82: 1500 | AA82: 200 | AF82: 1 | AG82: 100 | AK82: 0 | AL82: 21005 | AM82: 1000 | AO82: 30095 | AP82: 1 | AQ82: 30095 | AR82: 1 | AS82: 30095 | AT82: 1 | AU82: 30001:10000,-1 | AV82: 450,500 | AW82: 3:10;50:50 | AX82: 4,5,6,7,8 | BF82: 11251 | BH82: 202:8;302:40 | BI82: 200,400 | BJ82: 400,100,100,100 | BK82: 100,100,100,200 | BO82: 100 | BP82: 200 | BQ82: 1,30000,4000 | BR82: 1 | BT82: 50 | BU82: 30 | BZ82: 1 | CA82: 1 | CB82: 1 | CC82: 1 | CD82: 1 | CE82: 1 | CF82: 1 | CG82: 1 | CH82: 26 | CI82: 1:25 | CM82: 100005 | CN82: 100057 | CP82: 100005
B83: 远程蠕虫分裂 | C83: 法师 | D83: 11252 | E83: 70110 | K83: 1 | P83: 3 | Q83: 2 | S83: 1 | T83: 1 | U83: 1 | Y83: 1548 | Z83: 700 | AA83: 100 | AF83: 1 | AG83: 100 | AK83: 0 | AL83: 21005 | AM83: 1000 | AO83: 30095 | AP83: 1 | AQ83: 30095 | AR83: 1 | AS83: 30095 | AT83: 1 | AV83: 450,500 | AW83: 3:10;50:50 | AX83: 4,5,6,7,8 | BF83: 11252 | BH83: 202:8;302:40 | BI83: 200,400 | BJ83: 400,100,100,100 | BK83: 100,100,100,200 | BO83: 100 | BP83: 200 | BQ83: 1,30000,4000 | BR83: 1 | BT83: 50 | BU83: 30 | BZ83: 1 | CA83: 1 | CB83: 1 | CC83: 1 | CD83: 1 | CE83: 1 | CF83: 1 | CG83: 1 | CH83: 26 | CI83: 1:25 | CN83: 100057
B84: 近战蠕虫 | C84: 近战 | D84: 11261 | E84: 70111 | K84: 1 | P84: 3 | Q84: 2 | S84: 1 | T84: 1 | U84: 1 | Y84: 1547 | Z84: 1300 | AA84: 200 | AF84: 1 | AG84: 100 | AK84: 0 | AL84: 21002 | AM84: 1000 | AO84: 30001 | AP84: 1 | AQ84: 30001 | AR84: 1 | AS84: 30001 | AT84: 1 | AU84: 30002:10000,-1 | AV84: 450,500 | AW84: 3:10;50:50 | AX84: 4,5,6,7,8 | BF84: 11261 | BH84: 202:8;302:40 | BI84: 200,400 | BJ84: 400,100,100,100 | BK84: 100,100,100,200 | BO84: 100 | BP84: 200 | BQ84: 1,30000,4000 | BR84: 1 | BT84: 50 | BU84: 40 | BZ84: 1 | CA84: 1 | CB84: 1 | CC84: 1 | CD84: 1 | CE84: 1 | CF84: 1 | CG84: 1 | CH84: 25 | CI84: 1:26 | CM84: 100005 | CN84: 100057 | CP84: 100005
B85: 近战蠕虫分裂 | C85: 近战 | D85: 11262 | E85: 70111 | K85: 1 | P85: 3 | Q85: 2 | S85: 1 | T85: 1 | U85: 1 | Y85: 1547 | Z85: 500 | AA85: 100 | AF85: 1 | AG85: 100 | AK85: 0 | AL85: 21002 | AM85: 1000 | AO85: 30001 | AP85: 1 | AQ85: 30001 | AR85: 1 | AS85: 30001 | AT85: 1 | AV85: 450,500 | AW85: 3:10;50:50 | AX85: 4,5,6,7,8 | BF85: 11262 | BH85: 202:8;302:40 | BI85: 200,400 | BJ85: 400,100,100,100 | BK85: 100,100,100,200 | BO85: 100 | BP85: 200 | BQ85: 1,30000,4000 | BR85: 1 | BT85: 50 | BU85: 40 | BZ85: 1 | CA85: 1 | CB85: 1 | CC85: 1 | CD85: 1 | CE85: 1 | CF85: 1 | CG85: 1 | CH85: 25 | CI85: 1:26 | CN85: 100057
B86: 殖民者 | C86: 高级小怪 | D86: 11401 | E86: 70112 | H86: 0 | K86: 1 | P86: 1 | Q86: 3 | S86: 1 | T86: 1 | U86: 1 | Y86: 1315 | Z86: 1100 | AA86: 200 | AF86: 1 | AG86: 100 | AK86: 0 | AL86: 21002 | AM86: 1000 | AO86: 30001 | AP86: 1 | AQ86: 30001 | AR86: 1 | AS86: 30001 | AT86: 1 | AW86: 3:10;50:50 | AX86: 4,5,6,7,8 | BF86: 11401 | BH86: 202:8;302:40 | BI86: 200,500 | BJ86: 400,100,100,100 | BK86: 100,100,100,200 | BO86: 100 | BP86: 200 | BQ86: 1,30000,4000 | BR86: 1 | BT86: 50 | BU86: 50 | BZ86: 1 | CA86: 2 | CB86: 3 | CC86: 4 | CD86: 5 | CE86: 6 | CF86: 3 | CG86: 4 | CH86: 1 | CI86: 1:7,16 | CM86: 100005 | CN86: 100057 | CP86: 100005
B87: 殖民者队长 | C87: 远程雷电 | D87: 11411 | E87: 70113 | H87: 0 | K87: 1 | P87: 1 | Q87: 3 | S87: 1 | T87: 1 | U87: 1 | Y87: 1312 | Z87: 1300 | AA87: 200 | AF87: 1 | AG87: 100 | AK87: 0 | AL87: 21005 | AM87: 1000 | AO87: 46001 | AP87: 1 | AQ87: 46001 | AR87: 1 | AS87: 46001 | AT87: 1 | AW87: 3:10;50:50 | AX87: 4,5,6,7,8 | BF87: 11411 | BH87: 202:8;302:40 | BI87: 200,500 | BJ87: 350,100,100,100 | BK87: 100,100,100,200 | BO87: 100 | BP87: 200 | BQ87: 1,30000,4000 | BR87: 1 | BT87: 50 | BU87: 50 | BZ87: 2 | CA87: 3 | CB87: 3 | CC87: 4 | CD87: 4 | CE87: 5 | CF87: 3 | CG87: 4 | CH87: 19 | CI87: 1:24,30 | CM87: 100005 | CN87: 100057 | CP87: 100005
B88: 殖民者标枪 | C88: 投掷标枪 | D88: 11421 | E88: 70114 | H88: 0 | K88: 1 | P88: 1 | Q88: 3 | S88: 1 | T88: 1 | U88: 1 | Y88: 1340 | Z88: 1000 | AA88: 200 | AF88: 1 | AG88: 100 | AK88: 0 | AL88: 21009 | AM88: 1000 | AO88: 30083 | AP88: 1 | AQ88: 30083 | AR88: 1 | AS88: 30083 | AT88: 1 | AW88: 3:10;50:50 | AX88: 4,5,6,7,8 | BF88: 11421 | BH88: 202:8;302:40 | BI88: 200,400 | BJ88: 400,100,100,100 | BK88: 100,100,100,200 | BO88: 100 | BP88: 200 | BQ88: 1,30000,4000 | BR88: 1 | BT88: 50 | BU88: 50 | BZ88: 2 | CA88: 3 | CB88: 3 | CC88: 4 | CD88: 4 | CE88: 5 | CF88: 3 | CG88: 4 | CH88: 6 | CI88: 1:32,30 | CM88: 100005 | CN88: 100057 | CP88: 100005
B89: 奴隶-野猪人 | C89: 肉盾精英 | D89: 11431 | E89: 70115 | H89: 0 | K89: 1 | P89: 1 | Q89: 3 | S89: 1 | T89: 1 | U89: 1 | Y89: 1329 | Z89: 750 | AA89: 200 | AF89: 1 | AG89: 100 | AK89: 0 | AL89: 21002 | AM89: 1000 | AO89: 30001 | AP89: 1 | AQ89: 30001 | AR89: 1 | AS89: 30001 | AT89: 1 | AW89: 3:10;50:50 | AX89: 4,5,6,7,8 | BF89: 11431 | BH89: 202:8;302:40 | BI89: 200,300 | BJ89: 400,100,100,100 | BK89: 100,100,100,200 | BO89: 100 | BP89: 200 | BQ89: 1,30000,4000 | BR89: 1 | BT89: 50 | BU89: 50 | BZ89: 2 | CA89: 3 | CB89: 3 | CC89: 4 | CD89: 4 | CE89: 5 | CF89: 3 | CG89: 4 | CH89: 5 | CI89: 1:24,3 | CM89: 100005 | CN89: 100057 | CP89: 100005
B90: 奴隶-牛头人 | C90: 战士精英 | D90: 11441 | E90: 70116 | H90: 0 | K90: 1 | P90: 2 | Q90: 3 | S90: 1 | T90: 1 | U90: 1 | Y90: 1323 | Z90: 1000 | AA90: 200 | AF90: 1 | AG90: 100 | AK90: 0 | AL90: 21002 | AM90: 1000 | AO90: 30001 | AP90: 1 | AQ90: 30001 | AR90: 1 | AS90: 30001 | AT90: 1 | AW90: 3:10;50:50 | AX90: 4,5,6,7,8 | BF90: 11441 | BH90: 202:8;302:40 | BI90: 200,300 | BJ90: 400,100,100,100 | BK90: 100,100,100,200 | BO90: 100 | BP90: 200 | BQ90: 1,30000,4000 | BR90: 1 | BT90: 50 | BU90: 30 | BZ90: 3 | CA90: 4 | CB90: 4 | CC90: 5 | CD90: 5 | CE90: 6 | CF90: 5 | CG90: 5 | CH90: 11 | CI90: 1:15,33 | CM90: 100005 | CN90: 100057 | CP90: 100005
B91: 殖民者刺客 | C91: 刺客精英 | D91: 11451 | E91: 70117 | H91: 0 | K91: 1 | P91: 1 | Q91: 3 | S91: 1 | T91: 1 | U91: 1 | Y91: 1317 | Z91: 1200 | AA91: 200 | AF91: 1 | AG91: 100 | AK91: 0 | AL91: 21002 | AM91: 1000 | AO91: 30001 | AP91: 1 | AQ91: 30001 | AR91: 1 | AS91: 30001 | AT91: 1 | AW91: 3:10;50:50 | AX91: 4,5,6,7,8 | BF91: 11451 | BH91: 202:8;302:40 | BI91: 200,400 | BJ91: 400,100,100,100 | BK91: 100,100,100,200 | BO91: 100 | BP91: 200 | BQ91: 1,30000,4000 | BR91: 1 | BT91: 50 | BU91: 50 | BZ91: 2 | CA91: 3 | CB91: 3 | CC91: 4 | CD91: 4 | CE91: 5 | CF91: 3 | CG91: 4 | CH91: 13 | CI91: 1:27,2 | CM91: 100005 | CN91: 100057 | CP91: 100005
B92: 野猪冲撞 | C92: 特性怪 | D92: 11461 | E92: 70126 | K92: 1 | P92: 3 | Q92: 3 | S92: 1 | T92: 1 | U92: 1 | Y92: 1217 | Z92: 1500 | AA92: 400 | AF92: 2 | AG92: 100 | AK92: 0 | AL92: 24020 | AM92: 1000 | AO92: 31511,46081 | AP92: 1,1 | AQ92: 31511,46081 | AR92: 1,1 | AS92: 31511,46081 | AT92: 1,1 | AU92: 2009:10000,-1;31514:10000,-1 | AW92: 3:10;50:50 | AX92: 4,5,6,7,8 | BF92: 12421 | BH92: 202:8;302:40 | BI92: 300,600 | BJ92: 400,100,100,100 | BK92: 100,100,100,200 | BO92: 100 | BP92: 200 | BQ92: 1,30000,4000 | BR92: 1 | BT92: 50 | BU92: 50 | BZ92: 1 | CA92: 1 | CB92: 1 | CC92: 1 | CD92: 1 | CE92: 1 | CF92: 1 | CG92: 1 | CH92: 13 | CI92: 1:8,10 | CM92: 112002 | CP92: 112002
B93: 空怪物-落雷 | D93: 11501 | E93: 70118 | K93: 12 | P93: 1 | Q93: 1 | S93: 1 | T93: 1 | U93: 1 | Y93: 4070 | Z93: 1000 | AA93: 0 | AB93: 1 | AF93: 1 | AG93: 100 | AK93: 0 | AL93: 21099 | AM93: 1000 | AN93: 1 | AO93: 45001 | AP93: 1 | AQ93: 45001 | AR93: 1 | AS93: 45001 | AT93: 1 | AU93: 13260:10000,-1;20000:10000,-1 | AW93: 3:10;50:50 | AX93: 4,5,6,7,8 | BF93: 11501 | BH93: 202:5;302:30 | BI93: 150,300 | BJ93: 100,100,100,100 | BK93: 100,100,100,200 | BO93: 100 | BP93: 200 | BQ93: 1,30000,4000 | BR93: 1 | BT93: 50 | BU93: 40 | CM93: 100005 | CP93: 100005
B94: 野蛮巨猩 | C94: 特殊精英 | D94: 11601 | E94: 70119 | H94: 0 | K94: 2 | O94: 1 | P94: 3 | Q94: 3 | S94: 1 | T94: 1 | U94: 1 | Y94: 1327 | Z94: 1000 | AA94: 300 | AB94: 2 | AE94: 4 | AF94: 1 | AG94: 100 | AK94: 0 | AL94: 21002 | AM94: 1000 | AO94: 30001 | AP94: 1 | AQ94: 30001 | AR94: 1 | AS94: 30001 | AT94: 1 | AU94: 2009:10000,-1 | AW94: 3:10;50:50 | AX94: 4,5,6,7,8 | BF94: 11601 | BH94: 202:8;302:60 | BI94: 450,1000 | BJ94: 500,100,100,100 | BK94: 100,100,100,200 | BO94: 100 | BP94: 200 | BQ94: 1,30000,4000 | BR94: 2 | BT94: 50 | BU94: 80 | BZ94: 4 | CA94: 5 | CB94: 3 | CC94: 4 | CD94: 6 | CE94: 8 | CF94: 3 | CG94: 4 | CI94: 1:13,15 | CM94: 111101 | CP94: 111101
B95: 蚀魂雷蛛 | C95: 特殊精英 | D95: 11611 | E95: 70120 | K95: 2 | O95: 1 | P95: 1 | Q95: 2 | S95: 1 | T95: 1 | U95: 1 | Y95: 1531 | Z95: 1000 | AA95: 300 | AB95: 2 | AE95: 4 | AF95: 1 | AG95: 100 | AK95: 0 | AL95: 21011 | AM95: 1100 | AO95: 30025 | AP95: 1 | AQ95: 30025 | AR95: 1 | AS95: 30025 | AT95: 1 | AU95: 2009:10000,-1 | AV95: 450,500 | AW95: 3:10;50:50 | AX95: 4,5,6,7,8 | BF95: 11611 | BH95: 202:8;302:60 | BI95: 200,500 | BJ95: 500,100,100,100 | BK95: 100,100,100,200 | BO95: 120 | BP95: 200 | BQ95: 1,30000,4000 | BR95: 2 | BT95: 50 | BU95: 30 | BZ95: 1 | CA95: 1 | CB95: 1 | CC95: 1 | CD95: 1 | CE95: 1 | CF95: 1 | CG95: 1 | CI95: 1:20,26,25 | CM95: 111102 | CP95: 111102
B96: 虫人毒师 | C96: 特殊精英 | D96: 11621 | E96: 70121 | K96: 2 | O96: 1 | P96: 1 | Q96: 2 | S96: 1 | T96: 1 | U96: 1 | Y96: 1550 | Z96: 1800 | AA96: 300 | AB96: 2 | AE96: 4 | AF96: 1 | AG96: 100 | AK96: 0 | AL96: 21011 | AM96: 1100 | AO96: 30025 | AP96: 1 | AQ96: 30025 | AR96: 1 | AS96: 30025 | AT96: 1 | AU96: 2009:10000,-1 | AW96: 3:10;50:50 | AX96: 4,5,6,7,8 | BF96: 11621 | BH96: 202:8;302:60 | BI96: 150,250 | BJ96: 500,100,100,100 | BK96: 100,100,100,200 | BO96: 100 | BP96: 200 | BQ96: 1,30000,4000 | BR96: 2 | BT96: 50 | BU96: 40 | BZ96: 1 | CA96: 1 | CB96: 1 | CC96: 1 | CD96: 1 | CE96: 1 | CF96: 1 | CG96: 1 | CH96: 34 | CI96: 1:20,25,11 | CM96: 111103 | CP96: 111103
B97: 奴隶-野猪队长 | C97: boss | D97: 11701 | E97: 70122 | G97: 302 | H97: 0 | K97: 3 | M97: 10815 | O97: 5 | P97: 1 | Q97: 3 | S97: 1 | T97: 1 | U97: 1 | Y97: 1329 | Z97: 1000 | AA97: 400 | AB97: 3 | AC97: 1 | AE97: 4 | AF97: 1 | AG97: 100 | AK97: 0 | AL97: 21005 | AM97: 1000 | AO97: 31201,31202 | AP97: 1,1 | AQ97: 31201,31202 | AR97: 1,1 | AS97: 31201,31202 | AT97: 1,1 | AU97: 2009:10000,-1 | AW97: 3:10;50:50 | AX97: 4,5,6,7,8 | BE97: 1003 | BF97: 11701 | BH97: 202:8;302:60 | BI97: 200,300 | BJ97: 550,100,100,100 | BK97: 100,100,100,200 | BO97: 100 | BP97: 200 | BQ97: 1,30000,4000 | BR97: 3 | BT97: 50 | BU97: 50 | BZ97: 2 | CA97: 3 | CB97: 3 | CC97: 4 | CD97: 4 | CE97: 5 | CF97: 3 | CG97: 4 | CM97: 111201 | CP97: 111201
B98: 电刑者 | C98: boss | D98: 11711 | E98: 70123 | G98: 302 | K98: 3 | M98: 10816 | O98: 5 | P98: 1 | Q98: 2 | S98: 1 | T98: 1 | U98: 1 | Y98: 1701 | Z98: 1000 | AA98: 300 | AB98: 3 | AC98: 1 | AE98: 4 | AF98: 1 | AG98: 100 | AK98: 0 | AL98: 21009 | AM98: 1000 | AO98: 31211 | AP98: 1 | AQ98: 31211 | AR98: 1 | AS98: 31211 | AT98: 1 | AU98: 2009:10000,-1;31212:10000,-1 | AW98: 3:10;50:50 | AX98: 4,5,6,7,8 | BE98: 1003 | BF98: 11711 | BH98: 202:8;302:60 | BI98: 200,600 | BJ98: 600,100,100,100 | BK98: 100,100,100,200 | BO98: 100 | BP98: 200 | BQ98: 1,30000,4000 | BR98: 3 | BT98: 50 | BU98: 40 | BZ98: 3 | CA98: 3 | CB98: 3 | CC98: 4 | CD98: 4 | CE98: 5 | CF98: 3 | CG98: 4 | CM98: 111202 | CP98: 111202
B99: 殖民者-统领 | C99: boss | D99: 11721 | E99: 70124 | G99: 302 | H99: 0 | K99: 3 | M99: 10817 | O99: 5 | P99: 0 | Q99: 3 | S99: 1 | T99: 1 | U99: 1 | Y99: 1318 | Z99: 1000 | AA99: 400 | AB99: 3 | AC99: 1 | AE99: 4 | AF99: 1 | AG99: 100 | AK99: 0 | AL99: 8002 | AM99: 1000 | AO99: 31221,31222,31223,31224 | AP99: 1,1,1,1 | AQ99: 31221,31222,31223,31224 | AR99: 1,1,1,1 | AS99: 31221,31222,31223,31224 | AT99: 1,1,1,1 | AU99: 2009:10000,-1 | AW99: 2:30;50:100 | AX99: 4,5,6,7,8 | BE99: 1003 | BF99: 11721 | BH99: 202:8;302:60 | BI99: 200,400 | BJ99: 550,100,100,100 | BK99: 100,100,100,200 | BO99: 100 | BP99: 200 | BQ99: 1,30000,4000 | BR99: 3 | BT99: 50 | BU99: 50 | BZ99: 2 | CA99: 3 | CB99: 3 | CC99: 4 | CD99: 4 | CE99: 5 | CF99: 3 | CG99: 4 | CM99: 111203 | CP99: 111203
B100: 殖民者-领主 | C100: boss | D100: 11731 | E100: 70125 | G100: 302 | H100: 0 | K100: 3 | L100: 1 | M100: 10818 | O100: 5 | P100: 1 | Q100: 3 | S100: 1 | T100: 1 | U100: 1 | Y100: 1309 | Z100: 1000 | AA100: 400 | AB100: 3 | AC100: 1 | AE100: 4 | AF100: 1 | AG100: 100 | AK100: 0 | AL100: 8002 | AM100: 1000 | AO100: 31231,31232,31233 | AP100: 1,1,1 | AQ100: 31231,31232,31233 | AR100: 1,1,1 | AS100: 31231,31232,31233 | AT100: 1,1,1 | AU100: 2009:10000,-1;31234:10000,-1 | AW100: 3:10;50:50 | AX100: 4,5,6,7,8 | BE100: 1003 | BF100: 11731 | BH100: 202:8;302:60 | BI100: 300,600 | BJ100: 600,100,100,100 | BK100: 100,100,100,200 | BO100: 100 | BP100: 200 | BQ100: 1,30000,4000 | BR100: 3 | BT100: 50 | BU100: 50 | BZ100: 1 | CA100: 1 | CB100: 1 | CC100: 2 | CD100: 2 | CE100: 3 | CF100: 1 | CG100: 2 | CM100: 111204 | CP100: 111204
...

Sheet 怪物属性表
A1: monster_value.xml
E3: 攻击力 201 | F3: 生命值 300 | G3: 生命回复速度 303 | H3: 护盾值 307 | I3: 护盾回复速度 309 | J3: 护甲值 305 | K3: 格挡率 313 | L3: 闪避% 311 | M3: 物理抗性% 320 | N3: 冰霜抗性% 316 | O3: 火焰抗性% 317 | P3: 闪电抗性% 318 | Q3: 混沌抗性% 319 | R3: 命中率% 226 | S3: 暴击几率% 219 | T3: 暴击伤害% 220 | U3: 护盾回复时间 | V3: 移动速度% 412 | W3: 流血系数 240 | X3: 灼烧系数 241 | Y3: 中毒系数 242 | Z3: 近战范围 430 | AA3: 区域范围 432 | AB3: 弹道范围 434
D4: id_i | E4: ATK_i | F4: HP_i | G4: HP_REG_i | H4: SHD_i | I4: SHD_REG_i | J4: ARM_i | K4: block_rate_i | L4: EVA_RATE_PER_i | M4: PHY_DR_PER_i | N4: FIRE_RES_PER_i | O4: FIR_RES_PER_i | P4: LTN_RES_PER_i | Q4: CHA_RES_PER_i | R4: ACC_PER_i | S4: CRIT_RATE_PER_i | T4: CRIT_DMG_PER_i | U4: SHLD_CD_i | V4: SPEED_PER_i | W4: BLEED_i | X4: BURN_i | Y4: POISON_i | Z4: ATK_RNG_PER_i | AA4: AOE_RNG_PER_i | AB4: BAT_RNG_PER_i
D5: 0 | E5: 0 | F5: 0 | G5: 0 | H5: 0 | I5: 0 | J5: 0 | K5: 0 | L5: 0 | M5: 0 | N5: 0 | O5: 0 | P5: 0 | Q5: 0 | R5: 0 | S5: 0 | T5: 0 | U5: 0 | V5: 0 | W5: 0 | X5: 0 | Y5: 0 | Z5: 0 | AA5: 0 | AB5: 0
D6: 1 | E6: 1 | F6: 10 | G6: 1 | H6: 0 | I6: 1 | J6: 100 | L6: 5 | M6: 0 | N6: 10 | O6: 0 | P6: 0 | Q6: 0 | R6: 100 | S6: 5 | T6: 150 | U6: 10 | V6: 0 | W6: 20 | X6: 30 | Y6: 20 | Z6: 0 | AA6: 0 | AB6: 0
D7: 2 | E7: 20 | F7: 300 | G7: 1 | H7: 10 | I7: 1 | J7: 100 | L7: 10 | M7: 10 | N7: 20 | O7: 20 | P7: 20 | Q7: 20 | R7: 100 | S7: 5 | T7: 150 | U7: 10 | V7: 0 | W7: 20 | X7: 30 | Y7: 20 | Z7: 0 | AA7: 0 | AB7: 0
D8: 3 | E8: 30 | F8: 500 | G8: 1 | H8: 10 | I8: 1 | J8: 100 | L8: 10 | M8: 10 | N8: 20 | O8: 20 | P8: 20 | Q8: 20 | R8: 100 | S8: 5 | T8: 150 | U8: 10 | V8: 0 | W8: 20 | X8: 30 | Y8: 20 | Z8: 0 | AA8: 0 | AB8: 0
D9: 4 | E9: 40 | F9: 1000 | G9: 1 | H9: 10 | I9: 1 | J9: 100 | L9: 10 | M9: 10 | N9: 20 | O9: 20 | P9: 20 | Q9: 20 | R9: 100 | S9: 5 | T9: 150 | U9: 10 | V9: 0 | W9: 20 | X9: 30 | Y9: 20 | Z9: 0 | AA9: 0 | AB9: 0
D10: 5 | E10: 50 | F10: 2000 | G10: 1 | H10: 10 | I10: 1 | J10: 100 | L10: 10 | M10: 10 | N10: 20 | O10: 20 | P10: 20 | Q10: 20 | R10: 100 | S10: 5 | T10: 150 | U10: 10 | V10: 0 | W10: 20 | X10: 30 | Y10: 20 | Z10: 0 | AA10: 0 | AB10: 0
B11: 梦魇怪物-梦魇眼球 | D11: 99994 | E11: 30 | F11: 1500 | G11: 0 | H11: 0 | I11: 0 | J11: 1000000 | L11: 0 | M11: 100 | N11: 100 | O11: 100 | P11: 100 | Q11: 100 | R11: 200 | S11: 25 | T11: 200 | U11: 10 | V11: 0 | W11: 20 | X11: 30 | Y11: 20 | Z11: 0 | AA11: 0 | AB11: 0
B12: 木桩怪 | D12: 99999 | E12: 1 | F12: 99999999 | G12: 1 | H12: 0 | I12: 0 | J12: 0 | L12: 0 | M12: 0 | N12: 0 | O12: 0 | P12: 0 | Q12: 0 | R12: 100 | S12: 5 | T12: 150 | U12: 10 | V12: 0 | W12: 20 | X12: 30 | Y12: 20 | Z12: 0 | AA12: 0 | AB12: 0
B13: 木桩怪 | D13: 99998 | E13: 1 | F13: 99999999 | G13: 1 | H13: 0 | I13: 0 | J13: 0 | L13: 50 | M13: 0 | N13: 0 | O13: 0 | P13: 0 | Q13: 0 | R13: 100 | S13: 5 | T13: 150 | U13: 10 | V13: 0 | W13: 20 | X13: 30 | Y13: 20 | Z13: 0 | AA13: 0 | AB13: 0
B14: 小怪近战 | D14: 101 | E14: 5 | F14: 10 | G14: 0 | H14: 0 | I14: 0 | J14: 200 | L14: 0 | M14: 0 | N14: 0 | O14: 0 | P14: 0 | Q14: 0 | R14: 100 | S14: 5 | T14: 200 | U14: 10 | V14: 0 | W14: 20 | X14: 30 | Y14: 20 | Z14: 0 | AA14: 0 | AB14: 0
B15: 小怪远程 | D15: 201 | E15: 10 | F15: 5 | G15: 0 | H15: 0 | I15: 0 | J15: 0 | L15: 10 | M15: 0 | N15: 0 | O15: 0 | P15: 0 | Q15: 0 | R15: 110 | S15: 10 | T15: 150 | U15: 10 | V15: 0 | W15: 20 | X15: 30 | Y15: 20 | Z15: 0 | AA15: 0 | AB15: 0
B16: 精英怪 | D16: 301 | E16: 20 | F16: 300 | G16: 1 | H16: 0 | I16: 0 | J16: 200 | L16: 20 | M16: 20 | N16: 20 | O16: 20 | P16: 20 | Q16: 20 | R16: 120 | S16: 25 | T16: 200 | U16: 10 | V16: 0 | W16: 20 | X16: 30 | Y16: 20 | Z16: 0 | AA16: 0 | AB16: 0
B17: Boss | D17: 401 | E17: 20 | F17: 1000 | G17: 1 | H17: 0 | I17: 0 | J17: 200 | L17: 20 | M17: 50 | N17: 50 | O17: 50 | P17: 50 | Q17: 50 | R17: 150 | S17: 25 | T17: 200 | U17: 10 | V17: 0 | W17: 20 | X17: 30 | Y17: 20 | Z17: 0 | AA17: 0 | AB17: 0
B18: 盗宝地精 | D18: 1001 | E18: 1 | F18: 3000 | G18: 1 | H18: 0 | I18: 0 | J18: 200 | L18: 20 | M18: 0 | N18: 0 | O18: 0 | P18: 0 | Q18: 0 | R18: 100 | S18: 0 | T18: 100 | U18: 10 | V18: 0 | W18: 20 | X18: 30 | Y18: 20 | Z18: 0 | AA18: 0 | AB18: 0
A19: ACT1怪物属性 | B19: 普通骷髅 | D19: 10001 | E19: 10 | F19: 50 | G19: 0 | H19: 0 | I19: 0 | J19: 0 | M19: 10 | N19: 10 | O19: 10 | P19: 10 | Q19: 10 | R19: 100 | S19: 0 | T19: 200 | U19: 10 | V19: 0 | W19: 20 | X19: 30 | Y19: 20 | Z19: 0 | AA19: 0 | AB19: 0
B20: 盾牌骷髅 | D20: 10011 | E20: 10 | F20: 200 | G20: 0 | H20: 100 | I20: 0 | J20: 0 | M20: 10 | N20: 10 | O20: 10 | P20: 10 | Q20: 10 | R20: 100 | S20: 0 | T20: 200 | U20: 10 | V20: 0 | W20: 20 | X20: 30 | Y20: 20 | Z20: 0 | AA20: 0 | AB20: 0
B21: 骷髅战士 | D21: 10021 | E21: 15 | F21: 300 | G21: 0 | H21: 0 | I21: 0 | J21: 0 | M21: 10 | N21: 10 | O21: 10 | P21: 10 | Q21: 10 | R21: 100 | S21: 5 | T21: 200 | U21: 10 | V21: 0 | W21: 20 | X21: 30 | Y21: 20 | Z21: 0 | AA21: 0 | AB21: 0
B22: 骷髅弓手 | D22: 10031 | E22: 20 | F22: 150 | G22: 0 | H22: 0 | I22: 0 | J22: 0 | M22: 10 | N22: 10 | O22: 10 | P22: 10 | Q22: 10 | R22: 100 | S22: 10 | T22: 200 | U22: 10 | V22: 0 | W22: 20 | X22: 30 | Y22: 20 | Z22: 0 | AA22: 0 | AB22: 0
B23: 骷髅法师 | D23: 10041 | E23: 15 | F23: 200 | G23: 0 | H23: 0 | I23: 0 | J23: 0 | M23: 10 | N23: 10 | O23: 10 | P23: 10 | Q23: 10 | R23: 100 | S23: 5 | T23: 200 | U23: 10 | V23: 0 | W23: 20 | X23: 30 | Y23: 20 | Z23: 0 | AA23: 0 | AB23: 0
B24: 骷髅刺客 | D24: 10051 | E24: 15 | F24: 75 | G24: 0 | H24: 0 | I24: 0 | J24: 0 | L24: 25 | M24: 10 | N24: 10 | O24: 10 | P24: 10 | Q24: 10 | R24: 100 | S24: 10 | T24: 200 | U24: 10 | V24: 0 | W24: 20 | X24: 30 | Y24: 20 | Z24: 0 | AA24: 0 | AB24: 0
B25: 中级骷髅战士 | D25: 10061 | E25: 15 | F25: 600 | G25: 0 | H25: 0 | I25: 0 | J25: 0 | L25: 10 | M25: 10 | N25: 10 | O25: 10 | P25: 10 | Q25: 10 | R25: 100 | S25: 5 | T25: 200 | U25: 10 | V25: 0 | W25: 20 | X25: 30 | Y25: 20 | Z25: 0 | AA25: 0 | AB25: 0
B26: 骷髅长刀 | D26: 10071 | E26: 20 | F26: 300 | G26: 0 | H26: 0 | I26: 0 | J26: 0 | L26: 10 | M26: 10 | N26: 10 | O26: 10 | P26: 10 | Q26: 10 | R26: 100 | S26: 10 | T26: 200 | U26: 10 | V26: 0 | W26: 20 | X26: 30 | Y26: 20 | Z26: 0 | AA26: 0 | AB26: 0
B27: 行尸 | D27: 10501 | E27: 10 | F27: 100 | G27: 0 | H27: 0 | I27: 0 | J27: 0 | M27: 10 | N27: 10 | O27: 10 | P27: 10 | Q27: 10 | R27: 100 | S27: 0 | T27: 200 | U27: 10 | V27: 0 | W27: 20 | X27: 30 | Y27: 20 | Z27: 0 | AA27: 0 | AB27: 0
B28: 高级行尸 | D28: 10511 | E28: 10 | F28: 1000 | G28: 0 | H28: 0 | I28: 0 | J28: 0 | M28: 10 | N28: 10 | O28: 10 | P28: 10 | Q28: 10 | R28: 100 | S28: 0 | T28: 200 | U28: 10 | V28: 0 | W28: 20 | X28: 30 | Y28: 20 | Z28: 0 | AA28: 0 | AB28: 0
B29: 食腐犬 | D29: 10521 | E29: 20 | F29: 200 | G29: 0 | H29: 0 | I29: 0 | J29: 0 | L29: 25 | M29: 10 | N29: 10 | O29: 10 | P29: 10 | Q29: 10 | R29: 100 | S29: 10 | T29: 200 | U29: 10 | V29: 0 | W29: 20 | X29: 30 | Y29: 20 | Z29: 0 | AA29: 0 | AB29: 0
B30: 自爆僵尸 | D30: 10531 | E30: 10 | F30: 500 | G30: 0 | H30: 0 | I30: 0 | J30: 0 | M30: 10 | N30: 10 | O30: 10 | P30: 10 | Q30: 10 | R30: 100 | S30: 0 | T30: 200 | U30: 10 | V30: 0 | W30: 20 | X30: 30 | Y30: 20 | Z30: 0 | AA30: 0 | AB30: 0
B31: 火焰恶魔 | D31: 10541 | E31: 15 | F31: 500 | G31: 0 | H31: 0 | I31: 0 | J31: 0 | M31: 10 | N31: 10 | O31: 10 | P31: 10 | Q31: 10 | R31: 100 | S31: 0 | T31: 200 | U31: 10 | V31: 0 | W31: 20 | X31: 30 | Y31: 20 | Z31: 0 | AA31: 0 | AB31: 0
B32: 冲锋怪物 | D32: 10551 | E32: 20 | F32: 100 | G32: 0 | H32: 0 | I32: 0 | J32: 0 | M32: 10 | N32: 10 | O32: 10 | P32: 10 | Q32: 10 | R32: 100 | S32: 0 | T32: 200 | U32: 10 | V32: 0 | W32: 20 | X32: 30 | Y32: 20 | Z32: 0 | AA32: 0 | AB32: 0
B33: 骷髅精英战士 | D33: 10601 | E33: 20 | F33: 1500 | G33: 0 | H33: 500 | I33: 0 | J33: 0 | L33: 10 | M33: 10 | N33: 10 | O33: 10 | P33: 10 | Q33: 10 | R33: 100 | S33: 5 | T33: 200 | U33: 10 | V33: 0 | W33: 20 | X33: 30 | Y33: 20 | Z33: 0 | AA33: 0 | AB33: 0
B34: 精英骷髅法师 | D34: 10611 | E34: 20 | F34: 2200 | G34: 0 | H34: 800 | I34: 0 | J34: 0 | L34: 10 | M34: 10 | N34: 10 | O34: 10 | P34: 10 | Q34: 10 | R34: 100 | S34: 5 | T34: 200 | U34: 10 | V34: 0 | W34: 20 | X34: 30 | Y34: 20 | Z34: 0 | AA34: 0 | AB34: 0
B35: 魔弓 | D35: 10621 | E35: 20 | F35: 3000 | G35: 0 | H35: 1000 | I35: 0 | J35: 0 | L35: 20 | M35: 10 | N35: 10 | O35: 10 | P35: 10 | Q35: 10 | R35: 100 | S35: 5 | T35: 200 | U35: 10 | V35: 0 | W35: 20 | X35: 30 | Y35: 20 | Z35: 0 | AA35: 0 | AB35: 0
B36: 骷髅将领 | D36: 10701 | E36: 20 | F36: 5000 | G36: 0 | H36: 1000 | I36: 0 | J36: 0 | L36: 10 | M36: 10 | N36: 10 | O36: 10 | P36: 10 | Q36: 10 | R36: 100 | S36: 5 | T36: 200 | U36: 10 | V36: 0 | W36: 20 | X36: 30 | Y36: 20 | Z36: 0 | AA36: 0 | AB36: 0
B37: 缝合巨尸 | D37: 10711 | E37: 20 | F37: 5500 | G37: 0 | H37: 1500 | I37: 0 | J37: 0 | L37: 10 | M37: 10 | N37: 10 | O37: 10 | P37: 10 | Q37: 10 | R37: 100 | S37: 5 | T37: 200 | U37: 10 | V37: 0 | W37: 20 | X37: 30 | Y37: 20 | Z37: 0 | AA37: 0 | AB37: 0
B38: 骷髅王 | D38: 10721 | E38: 20 | F38: 6000 | G38: 0 | H38: 2000 | I38: 0 | J38: 0 | L38: 20 | M38: 10 | N38: 10 | O38: 10 | P38: 10 | Q38: 10 | R38: 100 | S38: 10 | T38: 200 | U38: 10 | V38: 0 | W38: 20 | X38: 30 | Y38: 20 | Z38: 0 | AA38: 0 | AB38: 0
B39: 地狱炎魔王 | D39: 10731 | E39: 20 | F39: 7000 | G39: 0 | H39: 3000 | I39: 0 | J39: 0 | L39: 20 | M39: 10 | N39: 10 | O39: 10 | P39: 10 | Q39: 10 | R39: 100 | S39: 10 | T39: 200 | U39: 10 | V39: 0 | W39: 20 | X39: 30 | Y39: 20 | Z39: 0 | AA39: 0 | AB39: 0
A40: ACT2怪物属性 | B40: 原住民 | D40: 11001 | E40: 10 | F40: 60 | G40: 0 | H40: 0 | I40: 0 | J40: 0 | M40: 10 | N40: 10 | O40: 10 | P40: 15 | Q40: 10 | R40: 100 | T40: 200 | U40: 10 | V40: 0 | W40: 20 | X40: 30 | Y40: 20 | Z40: 0 | AA40: 0 | AB40: 0
B41: 原住民胖子 | D41: 11011 | E41: 10 | F41: 500 | G41: 0 | H41: 0 | I41: 0 | J41: 0 | M41: 10 | N41: 10 | O41: 10 | P41: 20 | Q41: 10 | R41: 100 | T41: 200 | U41: 10 | V41: 0 | W41: 20 | X41: 30 | Y41: 20 | Z41: 0 | AA41: 0 | AB41: 0
B42: 老鼠 | D42: 11021 | E42: 15 | F42: 180 | G42: 0 | H42: 0 | I42: 0 | J42: 0 | L42: 15 | M42: 10 | N42: 10 | O42: 10 | P42: 15 | Q42: 10 | R42: 100 | S42: 5 | T42: 200 | U42: 10 | V42: 0 | W42: 20 | X42: 30 | Y42: 20 | Z42: 0 | AA42: 0 | AB42: 0
B43: 裂口恶犬 | D43: 11031 | E43: 20 | F43: 200 | G43: 0 | H43: 0 | I43: 0 | J43: 0 | L43: 10 | M43: 10 | N43: 10 | O43: 10 | P43: 15 | Q43: 10 | R43: 100 | S43: 10 | T43: 200 | U43: 10 | V43: 0 | W43: 20 | X43: 30 | Y43: 20 | Z43: 0 | AA43: 0 | AB43: 0
B44: 虫人 | D44: 11201 | E44: 10 | F44: 100 | G44: 0 | H44: 0 | I44: 0 | J44: 0 | M44: 10 | N44: 10 | O44: 10 | P44: 15 | Q44: 10 | R44: 100 | T44: 200 | U44: 10 | V44: 0 | W44: 20 | X44: 30 | Y44: 20 | Z44: 0 | AA44: 0 | AB44: 0
B45: 虫族猎杀者 | D45: 11211 | E45: 15 | F45: 500 | G45: 0 | H45: 0 | I45: 0 | J45: 0 | L45: 5 | M45: 10 | N45: 10 | O45: 10 | P45: 15 | Q45: 10 | R45: 100 | T45: 200 | U45: 10 | V45: 0 | W45: 20 | X45: 30 | Y45: 20 | Z45: 0 | AA45: 0 | AB45: 0
B46: 虫人长矛 | D46: 11221 | E46: 15 | F46: 200 | G46: 0 | H46: 0 | I46: 0 | J46: 0 | M46: 10 | N46: 10 | O46: 10 | P46: 15 | Q46: 10 | R46: 100 | S46: 5 | T46: 200 | U46: 10 | V46: 0 | W46: 20 | X46: 30 | Y46: 20 | Z46: 0 | AA46: 0 | AB46: 0
B47: 驯虫师 | D47: 11231 | E47: 20 | F47: 600 | G47: 0 | H47: 0 | I47: 0 | J47: 0 | L47: 5 | M47: 10 | N47: 10 | O47: 10 | P47: 15 | Q47: 10 | R47: 100 | S47: 5 | T47: 200 | U47: 10 | V47: 0 | W47: 20 | X47: 30 | Y47: 20 | Z47: 0 | AA47: 0 | AB47: 0
B48: 变异蟑螂 | D48: 11241 | E48: 10 | F48: 1200 | G48: 0 | H48: 0 | I48: 0 | J48: 0 | M48: 10 | N48: 10 | O48: 10 | P48: 20 | Q48: 10 | R48: 100 | T48: 200 | U48: 10 | V48: 0 | W48: 20 | X48: 30 | Y48: 20 | Z48: 0 | AA48: 0 | AB48: 0
B49: 远程蠕虫 | D49: 11251 | E49: 15 | F49: 300 | G49: 0 | H49: 0 | I49: 0 | J49: 0 | M49: 10 | N49: 10 | O49: 10 | P49: 15 | Q49: 10 | R49: 100 | S49: 5 | T49: 200 | U49: 10 | V49: 0 | W49: 20 | X49: 30 | Y49: 20 | Z49: 0 | AA49: 0 | AB49: 0
B50: 远程蠕虫分裂 | D50: 11252 | E50: 15 | F50: 300 | G50: 0 | H50: 0 | I50: 0 | J50: 0 | M50: 10 | N50: 10 | O50: 10 | P50: 15 | Q50: 10 | R50: 100 | S50: 5 | T50: 200 | U50: 10 | V50: 30 | W50: 20 | X50: 30 | Y50: 20 | Z50: 0 | AA50: 0 | AB50: 0
B51: 近战蠕虫 | D51: 11261 | E51: 8 | F51: 60 | G51: 0 | H51: 0 | I51: 0 | J51: 0 | M51: 10 | N51: 10 | O51: 10 | P51: 15 | Q51: 10 | R51: 100 | T51: 200 | U51: 10 | V51: 0 | W51: 20 | X51: 30 | Y51: 20 | Z51: 0 | AA51: 0 | AB51: 0
B52: 近战蠕虫分裂 | D52: 11262 | E52: 8 | F52: 60 | G52: 0 | H52: 0 | I52: 0 | J52: 0 | M52: 10 | N52: 10 | O52: 10 | P52: 15 | Q52: 10 | R52: 100 | T52: 200 | U52: 10 | V52: 30 | W52: 20 | X52: 30 | Y52: 20 | Z52: 0 | AA52: 0 | AB52: 0
B53: 殖民者 | D53: 11401 | E53: 10 | F53: 200 | G53: 0 | H53: 0 | I53: 0 | J53: 0 | M53: 10 | N53: 10 | O53: 10 | P53: 15 | Q53: 10 | R53: 100 | T53: 200 | U53: 10 | V53: 0 | W53: 20 | X53: 30 | Y53: 20 | Z53: 0 | AA53: 0 | AB53: 0
B54: 殖民者队长 | D54: 11411 | E54: 15 | F54: 500 | G54: 0 | H54: 0 | I54: 0 | J54: 0 | L54: 10 | M54: 10 | N54: 10 | O54: 10 | P54: 15 | Q54: 10 | R54: 100 | S54: 5 | T54: 200 | U54: 10 | V54: 0 | W54: 20 | X54: 30 | Y54: 20 | Z54: 0 | AA54: 0 | AB54: 0
B55: 殖民者标枪 | D55: 11421 | E55: 15 | F55: 300 | G55: 0 | H55: 0 | I55: 0 | J55: 0 | L55: 5 | M55: 10 | N55: 10 | O55: 10 | P55: 15 | Q55: 10 | R55: 100 | S55: 5 | T55: 200 | U55: 10 | V55: 0 | W55: 20 | X55: 30 | Y55: 20 | Z55: 0 | AA55: 0 | AB55: 0
B56: 奴隶-野猪人 | D56: 11431 | E56: 20 | F56: 1500 | G56: 0 | H56: 0 | I56: 0 | J56: 0 | M56: 10 | N56: 10 | O56: 10 | P56: 20 | Q56: 10 | R56: 100 | T56: 200 | U56: 10 | V56: 0 | W56: 20 | X56: 30 | Y56: 20 | Z56: 0 | AA56: 0 | AB56: 0
B57: 奴隶-牛头人 | D57: 11441 | E57: 20 | F57: 1000 | G57: 0 | H57: 0 | I57: 0 | J57: 0 | M57: 10 | N57: 10 | O57: 10 | P57: 15 | Q57: 10 | R57: 100 | T57: 200 | U57: 10 | V57: 0 | W57: 20 | X57: 30 | Y57: 20 | Z57: 0 | AA57: 0 | AB57: 0
B58: 殖民者刺客 | D58: 11451 | E58: 20 | F58: 300 | G58: 0 | H58: 0 | I58: 0 | J58: 0 | L58: 20 | M58: 10 | N58: 10 | O58: 10 | P58: 15 | Q58: 10 | R58: 100 | S58: 10 | T58: 200 | U58: 10 | V58: 0 | W58: 20 | X58: 30 | Y58: 20 | Z58: 0 | AA58: 0 | AB58: 0
B59: 空怪物-落雷 | D59: 11501 | E59: 20 | F59: 200 | G59: 0 | H59: 0 | I59: 0 | J59: 0 | K59: 0 | L59: 0 | M59: 0 | N59: 0 | O59: 0 | P59: 0 | Q59: 0 | R59: 200 | S59: 25 | T59: 200 | U59: 10 | V59: 0 | W59: 20 | X59: 30 | Y59: 20 | Z59: 0 | AA59: 0 | AB59: 0
B60: 野蛮巨猩 | D60: 11601 | E60: 20 | F60: 2000 | G60: 0 | H60: 500 | I60: 0 | J60: 300 | M60: 10 | N60: 10 | O60: 10 | P60: 25 | Q60: 10 | R60: 100 | T60: 200 | U60: 10 | V60: 0 | W60: 20 | X60: 30 | Y60: 20 | Z60: 0 | AA60: 0 | AB60: 0
B61: 驯虫师 | D61: 11611 | E61: 20 | F61: 3200 | G61: 0 | H61: 800 | I61: 0 | J61: 300 | M61: 10 | N61: 10 | O61: 10 | P61: 25 | Q61: 10 | R61: 100 | T61: 200 | U61: 10 | V61: 0 | W61: 20 | X61: 30 | Y61: 20 | Z61: 0 | AA61: 0 | AB61: 0
B62: 喷毒师 | D62: 11621 | E62: 20 | F62: 4000 | G62: 0 | H62: 1000 | I62: 0 | J62: 300 | M62: 10 | N62: 10 | O62: 10 | P62: 25 | Q62: 10 | R62: 100 | T62: 200 | U62: 10 | V62: 0 | W62: 20 | X62: 30 | Y62: 20 | Z62: 0 | AA62: 0 | AB62: 0
B63: 奴隶-野猪队长 | D63: 11701 | E63: 20 | F63: 6500 | G63: 0 | H63: 1000 | I63: 0 | J63: 500 | M63: 10 | N63: 10 | O63: 10 | P63: 30 | Q63: 10 | R63: 100 | S63: 5 | T63: 200 | U63: 10 | V63: 0 | W63: 20 | X63: 30 | Y63: 20 | Z63: 0 | AA63: 0 | AB63: 0
B64: 虫人首领 | D64: 11711 | E64: 20 | F64: 7500 | G64: 0 | H64: 1500 | I64: 0 | J64: 500 | M64: 10 | N64: 10 | O64: 10 | P64: 30 | Q64: 10 | R64: 100 | S64: 5 | T64: 200 | U64: 10 | V64: 0 | W64: 20 | X64: 30 | Y64: 20 | Z64: 0 | AA64: 0 | AB64: 0
B65: 殖民者-暴怒 | D65: 11721 | E65: 20 | F65: 9000 | G65: 0 | H65: 2000 | I65: 0 | J65: 500 | L65: 10 | M65: 10 | N65: 10 | O65: 10 | P65: 30 | Q65: 10 | R65: 100 | S65: 5 | T65: 200 | U65: 10 | V65: 0 | W65: 20 | X65: 30 | Y65: 20 | Z65: 0 | AA65: 0 | AB65: 0
B66: 殖民者-领主 | D66: 11731 | E66: 20 | F66: 10000 | G66: 0 | H66: 3000 | I66: 0 | J66: 500 | L66: 10 | M66: 10 | N66: 10 | O66: 10 | P66: 30 | Q66: 10 | R66: 100 | S66: 10 | T66: 200 | U66: 10 | V66: 0 | W66: 20 | X66: 30 | Y66: 20 | Z66: 0 | AA66: 0 | AB66: 0
A67: ACT3怪物属性 | B67: 普通甲虫 | C67: 普通小怪 | D67: 12101 | E67: 10 | F67: 75 | G67: 0 | H67: 0 | I67: 0 | J67: 0 | M67: 10 | N67: 10 | O67: 10 | P67: 10 | Q67: 15 | R67: 100 | T67: 200 | U67: 10 | V67: 0 | W67: 20 | X67: 30 | Y67: 20 | Z67: 0 | AA67: 0 | AB67: 0
B68: 硬壳甲虫 | C68: 肉盾 | D68: 12111 | E68: 10 | F68: 500 | G68: 0 | H68: 0 | I68: 0 | J68: 0 | M68: 10 | N68: 10 | O68: 10 | P68: 10 | Q68: 25 | R68: 100 | T68: 200 | U68: 10 | V68: 0 | W68: 20 | X68: 30 | Y68: 20 | Z68: 0 | AA68: 0 | AB68: 0
B69: 腐化血犬 | C69: 突袭怪 | D69: 12121 | E69: 15 | F69: 180 | G69: 0 | H69: 0 | I69: 0 | J69: 0 | L69: 5 | M69: 10 | N69: 10 | O69: 10 | P69: 10 | Q69: 15 | R69: 100 | T69: 200 | U69: 10 | V69: 0 | W69: 20 | X69: 30 | Y69: 20 | Z69: 0 | AA69: 0 | AB69: 0
B70: 沙漠毒蝎 | C70: 刺客 | D70: 12131 | E70: 20 | F70: 240 | G70: 0 | H70: 0 | I70: 0 | J70: 0 | L70: 5 | M70: 10 | N70: 10 | O70: 10 | P70: 10 | Q70: 15 | R70: 100 | S70: 5 | T70: 200 | U70: 10 | V70: 0 | W70: 20 | X70: 30 | Y70: 20 | Z70: 0 | AA70: 0 | AB70: 0
B71: 腐血行尸 | C71: 进阶小怪 | D71: 12201 | E71: 10 | F71: 150 | G71: 0 | H71: 0 | I71: 0 | J71: 0 | M71: 10 | N71: 10 | O71: 10 | P71: 10 | Q71: 15 | R71: 100 | S71: 5 | T71: 200 | U71: 10 | V71: 0 | W71: 20 | X71: 30 | Y71: 20 | Z71: 0 | AA71: 0 | AB71: 0
B72: 高级腐血行尸 | C72: 进阶肉盾 | D72: 12211 | E72: 10 | F72: 1200 | G72: 0 | H72: 0 | I72: 0 | J72: 0 | M72: 10 | N72: 10 | O72: 10 | P72: 10 | Q72: 25 | R72: 100 | S72: 10 | T72: 200 | U72: 10 | V72: 0 | W72: 20 | X72: 30 | Y72: 20 | Z72: 0 | AA72: 0 | AB72: 0
B73: 沙漠毒株 | C73: 突袭怪 | D73: 12221 | E73: 15 | F73: 250 | G73: 0 | H73: 0 | I73: 0 | J73: 0 | L73: 10 | M73: 10 | N73: 10 | O73: 10 | P73: 10 | Q73: 15 | R73: 100 | S73: 10 | T73: 200 | U73: 10 | V73: 0 | W73: 20 | X73: 30 | Y73: 20 | Z73: 0 | AA73: 0 | AB73: 0
B74: 腐化野猪人 | C74: 进阶战士 | D74: 12231 | E74: 20 | F74: 200 | G74: 0 | H74: 0 | I74: 0 | J74: 0 | M74: 10 | N74: 10 | O74: 10 | P74: 10 | Q74: 20 | R74: 100 | S74: 10 | T74: 200 | U74: 10 | V74: 0 | W74: 20 | X74: 30 | Y74: 20 | Z74: 0 | AA74: 0 | AB74: 0
B75: 腐化蚊虫 | C75: 远程 | D75: 12241 | E75: 15 | F75: 500 | G75: 0 | H75: 0 | I75: 0 | J75: 0 | M75: 10 | N75: 10 | O75: 10 | P75: 10 | Q75: 15 | R75: 100 | S75: 10 | T75: 200 | U75: 10 | V75: 0 | W75: 20 | X75: 30 | Y75: 20 | Z75: 0 | AA75: 0 | AB75: 0
B76: 腐化残肢 | C76: 远程 | D76: 12251 | E76: 8 | F76: 900 | G76: 0 | H76: 0 | I76: 0 | J76: 0 | M76: 10 | N76: 10 | O76: 10 | P76: 10 | Q76: 15 | R76: 100 | S76: 10 | T76: 200 | U76: 10 | V76: 0 | W76: 20 | X76: 30 | Y76: 20 | Z76: 0 | AA76: 0 | AB76: 0
B77: 腐血蜥蜴 | C77: 高级小怪 | D77: 12401 | E77: 20 | F77: 200 | G77: 0 | H77: 0 | I77: 0 | J77: 0 | M77: 10 | N77: 10 | O77: 10 | P77: 10 | Q77: 15 | R77: 100 | S77: 10 | T77: 200 | U77: 10 | V77: 0 | W77: 20 | X77: 30 | Y77: 20 | Z77: 0 | AA77: 0 | AB77: 0
B78: 腐化裂口巨犬 | C78: 高级战士 | D78: 12411 | E78: 15 | F78: 600 | G78: 0 | H78: 0 | I78: 0 | J78: 0 | L78: 10 | M78: 10 | N78: 10 | O78: 10 | P78: 10 | Q78: 15 | R78: 100 | S78: 10 | T78: 200 | U78: 10 | V78: 0 | W78: 20 | X78: 30 | Y78: 20 | Z78: 0 | AA78: 0 | AB78: 0
B79: 赤化巨魔 | C79: 高阶肉盾 | D79: 12421 | E79: 20 | F79: 1800 | G79: 0 | H79: 0 | I79: 0 | J79: 0 | L79: 10 | M79: 10 | N79: 10 | O79: 10 | P79: 10 | Q79: 25 | R79: 100 | S79: 10 | T79: 200 | U79: 10 | V79: 0 | W79: 20 | X79: 30 | Y79: 20 | Z79: 0 | AA79: 0 | AB79: 0
B80: 腐化血巢 | C80: 召唤小怪 | D80: 12431 | E80: 15 | F80: 1800 | G80: 0 | H80: 0 | I80: 0 | J80: 0 | M80: 10 | N80: 10 | O80: 10 | P80: 10 | Q80: 15 | R80: 100 | S80: 10 | T80: 200 | U80: 10 | V80: 0 | W80: 20 | X80: 30 | Y80: 20 | Z80: 0 | AA80: 0 | AB80: 0
B81: 被召唤物-腐化小虫子 | C81: 召唤物 | D81: 12432 | E81: 10 | F81: 100 | G81: 0 | H81: 0 | I81: 0 | J81: 0 | M81: 0 | N81: 0 | O81: 0 | P81: 0 | Q81: 15 | R81: 100 | S81: 10 | T81: 200 | U81: 10 | V81: 0 | W81: 20 | X81: 30 | Y81: 20 | Z81: 0 | AA81: 0 | AB81: 0
B82: 毒雾怪物 | C82: 特殊怪 | D82: 12441 | E82: 20 | F82: 1800 | G82: 0 | H82: 0 | I82: 0 | J82: 0 | M82: 0 | N82: 0 | O82: 0 | P82: 0 | Q82: 15 | R82: 100 | T82: 200 | U82: 10 | V82: 0 | W82: 20 | X82: 30 | Y82: 20 | Z82: 0 | AA82: 0 | AB82: 0
B83: 暗红毒蛛 | C83: 特殊精英 | D83: 12601 | E83: 20 | F83: 2000 | G83: 0 | H83: 500 | I83: 0 | J83: 300 | M83: 10 | N83: 10 | O83: 10 | P83: 10 | Q83: 25 | R83: 100 | T83: 200 | U83: 10 | V83: 0 | W83: 20 | X83: 30 | Y83: 20 | Z83: 0 | AA83: 0 | AB83: 0
B84: 腐血蜥蜴 | C84: 特殊精英 | D84: 12611 | E84: 20 | F84: 2500 | G84: 0 | H84: 800 | I84: 0 | J84: 300 | M84: 10 | N84: 10 | O84: 10 | P84: 10 | Q84: 25 | R84: 100 | T84: 200 | U84: 10 | V84: 0 | W84: 20 | X84: 30 | Y84: 20 | Z84: 0 | AA84: 0 | AB84: 0
B85: 腐化裂口巨犬 | C85: 特殊精英 | D85: 12621 | E85: 20 | F85: 3000 | G85: 0 | H85: 1000 | I85: 0 | J85: 300 | M85: 10 | N85: 10 | O85: 10 | P85: 10 | Q85: 25 | R85: 100 | T85: 200 | U85: 10 | V85: 0 | W85: 20 | X85: 30 | Y85: 20 | Z85: 0 | AA85: 0 | AB85: 0
B86: 裂口吞噬者 | C86: boss | D86: 12701 | E86: 25 | F86: 5000 | G86: 0 | H86: 1000 | I86: 0 | J86: 750 | M86: 10 | N86: 10 | O86: 10 | P86: 10 | Q86: 30 | R86: 100 | S86: 5 | T86: 200 | U86: 10 | V86: 0 | W86: 20 | X86: 30 | Y86: 20 | Z86: 0 | AA86: 0 | AB86: 0
B87: 缝合之眼 | C87: boss | D87: 12711 | E87: 25 | F87: 7000 | G87: 0 | H87: 1500 | I87: 0 | J87: 750 | L87: 10 | M87: 10 | N87: 10 | O87: 10 | P87: 10 | Q87: 30 | R87: 100 | S87: 5 | T87: 200 | U87: 10 | V87: 0 | W87: 20 | X87: 30 | Y87: 20 | Z87: 0 | AA87: 0 | AB87: 0
B88: 血斧掠夺者-卡洛斯 | C88: boss | D88: 12721 | E88: 25 | F88: 10000 | G88: 0 | H88: 2000 | I88: 0 | J88: 750 | L88: 10 | M88: 10 | N88: 10 | O88: 10 | P88: 10 | Q88: 30 | R88: 100 | S88: 10 | T88: 200 | U88: 10 | V88: 0 | W88: 20 | X88: 30 | Y88: 20 | Z88: 0 | AA88: 0 | AB88: 0
B89: 腐蚀之主 | C89: boss | D89: 12731 | E89: 25 | F89: 13000 | G89: 0 | H89: 3000 | I89: 0 | J89: 750 | L89: 10 | M89: 10 | N89: 10 | O89: 10 | P89: 10 | Q89: 30 | R89: 100 | S89: 10 | T89: 200 | U89: 10 | V89: 0 | W89: 20 | X89: 30 | Y89: 20 | Z89: 0 | AA89: 0 | AB89: 0
A90: ACT4怪物属性 | B90: 尖刺血球人 | C90: 通用小怪 | D90: 13101 | E90: 10 | F90: 85 | G90: 0 | H90: 0 | I90: 0 | J90: 0 | M90: 10 | N90: 15 | O90: 10 | P90: 10 | Q90: 10 | R90: 100 | T90: 200 | U90: 10 | V90: 0 | W90: 20 | X90: 30 | Y90: 20 | Z90: 0 | AA90: 0 | AB90: 0
B91: 雪胖子 | C91: 通用肉盾 | D91: 13111 | E91: 10 | F91: 800 | G91: 0 | H91: 0 | I91: 0 | J91: 0 | M91: 10 | N91: 20 | O91: 10 | P91: 10 | Q91: 10 | R91: 100 | T91: 200 | U91: 10 | V91: 0 | W91: 20 | X91: 30 | Y91: 20 | Z91: 0 | AA91: 0 | AB91: 0
B92: 冰原雪狼 | C92: 突袭怪 | D92: 13121 | E92: 15 | F92: 300 | G92: 0 | H92: 0 | I92: 0 | J92: 0 | L92: 15 | M92: 10 | N92: 15 | O92: 10 | P92: 10 | Q92: 10 | R92: 100 | S92: 5 | T92: 200 | U92: 10 | V92: 0 | W92: 20 | X92: 30 | Y92: 20 | Z92: 0 | AA92: 0 | AB92: 0
B93: 冰原鹿人 | C93: 进阶小怪 | D93: 13201 | E93: 15 | F93: 170 | G93: 0 | H93: 0 | I93: 0 | J93: 0 | M93: 10 | N93: 15 | O93: 10 | P93: 10 | Q93: 10 | R93: 100 | T93: 200 | U93: 10 | V93: 0 | W93: 20 | X93: 30 | Y93: 20 | Z93: 0 | AA93: 0 | AB93: 0
B94: 冰原羊魇 | C94: 进阶小怪 | D94: 13211 | E94: 15 | F94: 200 | G94: 0 | H94: 0 | I94: 0 | J94: 0 | M94: 10 | N94: 15 | O94: 10 | P94: 10 | Q94: 10 | R94: 100 | T94: 200 | U94: 10 | V94: 0 | W94: 20 | X94: 30 | Y94: 20 | Z94: 0 | AA94: 0 | AB94: 0
B95: 冰原裂口犬 | C95: 突袭怪 | D95: 13221 | E95: 15 | F95: 300 | G95: 0 | H95: 0 | I95: 0 | J95: 0 | L95: 15 | M95: 10 | N95: 15 | O95: 10 | P95: 10 | Q95: 10 | R95: 100 | S95: 10 | T95: 200 | U95: 10 | V95: 0 | W95: 20 | X95: 30 | Y95: 20 | Z95: 0 | AA95: 0 | AB95: 0
B96: 冰原蜥蜴 | C96: 突袭怪 | D96: 13231 | E96: 15 | F96: 300 | G96: 0 | H96: 0 | I96: 0 | J96: 0 | L96: 15 | M96: 10 | N96: 15 | O96: 10 | P96: 10 | Q96: 10 | R96: 100 | S96: 10 | T96: 200 | U96: 10 | V96: 0 | W96: 20 | X96: 30 | Y96: 20 | Z96: 0 | AA96: 0 | AB96: 0
B97: 冰原骨蛛 | C97: 远程 | D97: 13241 | E97: 15 | F97: 600 | G97: 0 | H97: 0 | I97: 0 | J97: 0 | M97: 10 | N97: 15 | O97: 10 | P97: 10 | Q97: 10 | R97: 100 | T97: 200 | U97: 10 | V97: 0 | W97: 20 | X97: 30 | Y97: 20 | Z97: 0 | AA97: 0 | AB97: 0
B98: 冰原蚊虫 | C98: 远程 | D98: 13251 | E98: 15 | F98: 600 | G98: 0 | H98: 0 | I98: 0 | J98: 0 | M98: 10 | N98: 15 | O98: 10 | P98: 10 | Q98: 10 | R98: 100 | T98: 200 | U98: 10 | V98: 0 | W98: 20 | X98: 30 | Y98: 20 | Z98: 0 | AA98: 0 | AB98: 0
B99: 普通冰刺幽魂 | C99: 远程 | D99: 13261 | E99: 10 | F99: 800 | G99: 0 | H99: 0 | I99: 0 | J99: 0 | M99: 10 | N99: 15 | O99: 10 | P99: 10 | Q99: 10 | R99: 100 | T99: 200 | U99: 10 | V99: 0 | W99: 20 | X99: 30 | Y99: 20 | Z99: 0 | AA99: 0 | AB99: 0
B100: 冰原食尸鬼 | C100: 进阶肉盾 | D100: 13271 | E100: 15 | F100: 1200 | G100: 0 | H100: 300 | I100: 0 | J100: 300 | M100: 10 | N100: 20 | O100: 10 | P100: 10 | Q100: 10 | R100: 100 | S100: 5 | T100: 200 | U100: 10 | V100: 0 | W100: 20 | X100: 30 | Y100: 20 | Z100: 0 | AA100: 0 | AB100: 0
B101: 冰霜守卫 | C101: 进阶肉盾 | D101: 13281 | E101: 20 | F101: 1600 | G101: 0 | H101: 300 | I101: 0 | J101: 300 | M101: 10 | N101: 20 | O101: 10 | P101: 10 | Q101: 10 | R101: 100 | S101: 5 | T101: 200 | U101: 10 | V101: 0 | W101: 20 | X101: 30 | Y101: 20 | Z101: 0 | AA101: 0 | AB101: 0
...

Sheet Sheet3
A1: 1: | B1: 300010 | C1: ;2: | D1: 300011 | E1: ;3: | F1: 300012 | G1: ;4: | H1: 300013 | I1: ;5: | J1: 300014 | K1: ;6: | L1: 300015 | M1: ;7: | N1: 300016 | O1: ;8: | P1: 300017 | Q1: ;9: | R1: 300018 | S1: ;10: | T1: 300019 | U1: =A1&B1&C1&D1&E1&F1&G1&H1&I1&J1&K1&L1&M1&N1&O1&P1&Q1&R1&S1&T1 -> 1:300010;2:300011;3:300012;4:300013;5:300014;6:300015;7:300016;8:300017;9:300018;10:300019
A2: 1: | B2: 300020 | C2: ;2: | D2: 300021 | E2: ;3: | F2: 300022 | G2: ;4: | H2: 300023 | I2: ;5: | J2: 300024 | K2: ;6: | L2: 300025 | M2: ;7: | N2: 300026 | O2: ;8: | P2: 300027 | Q2: ;9: | R2: 300028 | S2: ;10: | T2: 300029 | U2: =A2&B2&C2&D2&E2&F2&G2&H2&I2&J2&K2&L2&M2&N2&O2&P2&Q2&R2&S2&T2 -> 1:300020;2:300021;3:300022;4:300023;5:300024;6:300025;7:300026;8:300027;9:300028;10:300029
A3: 1: | B3: 300030 | C3: ;2: | D3: 300031 | E3: ;3: | F3: 300032 | G3: ;4: | H3: 300033 | I3: ;5: | J3: 300034 | K3: ;6: | L3: 300035 | M3: ;7: | N3: 300036 | O3: ;8: | P3: 300037 | Q3: ;9: | R3: 300038 | S3: ;10: | T3: 300039 | U3: =A3&B3&C3&D3&E3&F3&G3&H3&I3&J3&K3&L3&M3&N3&O3&P3&Q3&R3&S3&T3 -> 1:300030;2:300031;3:300032;4:300033;5:300034;6:300035;7:300036;8:300037;9:300038;10:300039
A4: 1: | B4: 300040 | C4: ;2: | D4: 300041 | E4: ;3: | F4: 300042 | G4: ;4: | H4: 300043 | I4: ;5: | J4: 300044 | K4: ;6: | L4: 300045 | M4: ;7: | N4: 300046 | O4: ;8: | P4: 300047 | Q4: ;9: | R4: 300048 | S4: ;10: | T4: 300049 | U4: =A4&B4&C4&D4&E4&F4&G4&H4&I4&J4&K4&L4&M4&N4&O4&P4&Q4&R4&S4&T4 -> 1:300040;2:300041;3:300042;4:300043;5:300044;6:300045;7:300046;8:300047;9:300048;10:300049
A5: 1: | B5: 300050 | C5: ;2: | D5: 300051 | E5: ;3: | F5: 300052 | G5: ;4: | H5: 300053 | I5: ;5: | J5: 300054 | K5: ;6: | L5: 300055 | M5: ;7: | N5: 300056 | O5: ;8: | P5: 300057 | Q5: ;9: | R5: 300058 | S5: ;10: | T5: 300059 | U5: =A5&B5&C5&D5&E5&F5&G5&H5&I5&J5&K5&L5&M5&N5&O5&P5&Q5&R5&S5&T5 -> 1:300050;2:300051;3:300052;4:300053;5:300054;6:300055;7:300056;8:300057;9:300058;10:300059
A6: 1: | B6: 300060 | C6: ;2: | D6: 300061 | E6: ;3: | F6: 300062 | G6: ;4: | H6: 300063 | I6: ;5: | J6: 300064 | K6: ;6: | L6: 300065 | M6: ;7: | N6: 300066 | O6: ;8: | P6: 300067 | Q6: ;9: | R6: 300068 | S6: ;10: | T6: 300069 | U6: =A6&B6&C6&D6&E6&F6&G6&H6&I6&J6&K6&L6&M6&N6&O6&P6&Q6&R6&S6&T6 -> 1:300060;2:300061;3:300062;4:300063;5:300064;6:300065;7:300066;8:300067;9:300068;10:300069
A7: 1: | B7: 300070 | C7: ;2: | D7: 300071 | E7: ;3: | F7: 300072 | G7: ;4: | H7: 300073 | I7: ;5: | J7: 300074 | K7: ;6: | L7: 300075 | M7: ;7: | N7: 300076 | O7: ;8: | P7: 300077 | Q7: ;9: | R7: 300078 | S7: ;10: | T7: 300079 | U7: =A7&B7&C7&D7&E7&F7&G7&H7&I7&J7&K7&L7&M7&N7&O7&P7&Q7&R7&S7&T7 -> 1:300070;2:300071;3:300072;4:300073;5:300074;6:300075;7:300076;8:300077;9:300078;10:300079
A8: 1: | B8: 300080 | C8: ;2: | D8: 300081 | E8: ;3: | F8: 300082 | G8: ;4: | H8: 300083 | I8: ;5: | J8: 300084 | K8: ;6: | L8: 300085 | M8: ;7: | N8: 300086 | O8: ;8: | P8: 300087 | Q8: ;9: | R8: 300088 | S8: ;10: | T8: 300089 | U8: =A8&B8&C8&D8&E8&F8&G8&H8&I8&J8&K8&L8&M8&N8&O8&P8&Q8&R8&S8&T8 -> 1:300080;2:300081;3:300082;4:300083;5:300084;6:300085;7:300086;8:300087;9:300088;10:300089
A9: 1: | B9: 300090 | C9: ;2: | D9: 300091 | E9: ;3: | F9: 300092 | G9: ;4: | H9: 300093 | I9: ;5: | J9: 300094 | K9: ;6: | L9: 300095 | M9: ;7: | N9: 300096 | O9: ;8: | P9: 300097 | Q9: ;9: | R9: 300098 | S9: ;10: | T9: 300099 | U9: =A9&B9&C9&D9&E9&F9&G9&H9&I9&J9&K9&L9&M9&N9&O9&P9&Q9&R9&S9&T9 -> 1:300090;2:300091;3:300092;4:300093;5:300094;6:300095;7:300096;8:300097;9:300098;10:300099
A10: 1: | B10: 300100 | C10: ;2: | D10: 300101 | E10: ;3: | F10: 300102 | G10: ;4: | H10: 300103 | I10: ;5: | J10: 300104 | K10: ;6: | L10: 300105 | M10: ;7: | N10: 300106 | O10: ;8: | P10: 300107 | Q10: ;9: | R10: 300108 | S10: ;10: | T10: 300109 | U10: =A10&B10&C10&D10&E10&F10&G10&H10&I10&J10&K10&L10&M10&N10&O10&P10&Q10&R10&S10&T10 -> 1:300100;2:300101;3:300102;4:300103;5:300104;6:300105;7:300106;8:300107;9:300108;10:300109
A11: 1: | B11: 300110 | C11: ;2: | D11: 300111 | E11: ;3: | F11: 300112 | G11: ;4: | H11: 300113 | I11: ;5: | J11: 300114 | K11: ;6: | L11: 300115 | M11: ;7: | N11: 300116 | O11: ;8: | P11: 300117 | Q11: ;9: | R11: 300118 | S11: ;10: | T11: 300119 | U11: =A11&B11&C11&D11&E11&F11&G11&H11&I11&J11&K11&L11&M11&N11&O11&P11&Q11&R11&S11&T11 -> 1:300110;2:300111;3:300112;4:300113;5:300114;6:300115;7:300116;8:300117;9:300118;10:300119
A12: 1: | B12: 300120 | C12: ;2: | D12: 300121 | E12: ;3: | F12: 300122 | G12: ;4: | H12: 300123 | I12: ;5: | J12: 300124 | K12: ;6: | L12: 300125 | M12: ;7: | N12: 300126 | O12: ;8: | P12: 300127 | Q12: ;9: | R12: 300128 | S12: ;10: | T12: 300129 | U12: =A12&B12&C12&D12&E12&F12&G12&H12&I12&J12&K12&L12&M12&N12&O12&P12&Q12&R12&S12&T12 -> 1:300120;2:300121;3:300122;4:300123;5:300124;6:300125;7:300126;8:300127;9:300128;10:300129
... A41: 1: | B41: 300410 | C41: ;2: | D41: 300411 | E41: ;3: | F41: 300412 | G41: ;4: | H41: 300413 | I41: ;5: | J41: 300414 | K41: ;6: | L41: 300415 | M41: ;7: | N41: 300416 | O41: ;8: | P41: 300417 | Q41: ;9: | R41: 300418 | S41: ;10: | T41: 300419 | U41: =A41&B41&C41&D41&E41&F41&G41&H41&I41&J41&K41&L41&M41&N41&O41&P41&Q41&R41&S41&T41 -> 1:300410;2:300411;3:300412;4:300413;5:300414;6:300415;7:300416;8:300417;9:300418;10:300419
A46: 45 | B46: 1.6 | C46: =A46*B46 -> 72
A47: 54 | B47: 1.6 | C47: =A47*B47 -> 86.4
A48: 60 | B48: 1.6 | C48: =A48*B48 -> 96
A49: 75 | B49: 1.6 | C49: =A49*B49 -> 120
A50: 90 | B50: 1.6 | C50: =A50*B50 -> 144
A51: 99 | B51: 1.6 | C51: =A51*B51 -> 158.4
A52: 105 | B52: 1.6 | C52: =A52*B52 -> 168
A53: 120 | B53: 1.6 | C53: =A53*B53 -> 192
A54: 135 | B54: 1.6 | C54: =A54*B54 -> 216
A55: 150 | B55: 1.6 | C55: =A55*B55 -> 240

Sheet 怪物词缀投放
P1: 1:
A2: 地图 | B2: 怪物名 | C2: 怪物类型 | D2: 怪物ID | E2: 怪物技能 | F2: 怪物技能 | G2: 伤害类型 | H2: 固定词缀 | I2: 随机词缀1 | J2: 随机词缀2 | K2: 随机词缀3 | L2: 固定词缀配置 | M2: 随机词缀配置 | N2: 随机词缀配置 | O2: 随机词缀配置 | P2: 随机词缀输出
A3: ACT1新 | B3: 火焰恶魔 | C3: 小怪 | D3: 10541 | E3: =VLOOKUP(D3,怪物基本表!$D$7:$AO$276,38,FALSE) -> 30001,30002 | F3: =SUBSTITUTE(IFERROR(VLOOKUP(INT(LEFT($E3,5)),$S$3:$T$177,2,FALSE),"xxx")&","&IFERROR(VLOOKUP(INT(MID($E3,7,5)),$S$3:$T$177,2,FALSE),"xxx")&IFERROR(VLOOKUP(INT(MID($E3,13,5)),$S$3:$T$177,2,FALSE),"xxx")&IFERROR(VLOOKUP(INT(MID($E3,19,5)),$S$3:$T$177,2,FALSE),"xxx"),"x","") -> , | G3: 物理 | L3: =_xlfn.IFNA(VLOOKUP(H3,$V$3:$W$38,2,FALSE),"xxx") -> xxx | M3: =_xlfn.IFNA(VLOOKUP(I3,$V$3:$W$38,2,FALSE),"xxx") -> xxx | N3: =_xlfn.IFNA(VLOOKUP(J3,$V$3:$W$38,2,FALSE),"xxx") -> xxx | O3: =_xlfn.IFNA(VLOOKUP(K3,$V$3:$W$38,2,FALSE),"xxx") -> xxx | P3: =$P$1&M3&","&N3&","&O3 -> 1:xxx,xxx,xxx | S3: 10001 | T3: 火球术 | V3: 词缀名称 | W3: 词缀ID
B4: 骷髅精英战士 | C4: 特殊精英 | D4: 10601 | E4: =VLOOKUP(D4,怪物基本表!$D$7:$AO$276,38,FALSE) -> 30151,30010 | F4: =SUBSTITUTE(IFERROR(VLOOKUP(INT(LEFT($E4,5)),$S$3:$T$177,2,FALSE),"xxx")&","&IFERROR(VLOOKUP(INT(MID($E4,7,5)),$S$3:$T$177,2,FALSE),"xxx")&IFERROR(VLOOKUP(INT(MID($E4,13,5)),$S$3:$T$177,2,FALSE),"xxx")&IFERROR(VLOOKUP(INT(MID($E4,19,5)),$S$3:$T$177,2,FALSE),"xxx"),"x","") -> , | G4: 物理 | I4: 狂暴 | J4: 皮肤硬化 | L4: =_xlfn.IFNA(VLOOKUP(H4,$V$3:$W$38,2,FALSE),"xxx") -> xxx | M4: =_xlfn.IFNA(VLOOKUP(I4,$V$3:$W$38,2,FALSE),"xxx") -> 13 | N4: =_xlfn.IFNA(VLOOKUP(J4,$V$3:$W$38,2,FALSE),"xxx") -> 3 | O4: =_xlfn.IFNA(VLOOKUP(K4,$V$3:$W$38,2,FALSE),"xxx") -> xxx | P4: =$P$1&M4&","&N4&","&O4 -> 1:13,3,xxx | S4: 10002 | T4: 炼狱之火 | V4: 特别强壮 | W4: 1
B5: 精英骷髅法师 | C5: 特殊精英 | D5: 10611 | E5: =VLOOKUP(D5,怪物基本表!$D$7:$AO$276,38,FALSE) -> 30070,30071 | F5: =SUBSTITUTE(IFERROR(VLOOKUP(INT(LEFT($E5,5)),$S$3:$T$177,2,FALSE),"xxx")&","&IFERROR(VLOOKUP(INT(MID($E5,7,5)),$S$3:$T$177,2,FALSE),"xxx")&IFERROR(VLOOKUP(INT(MID($E5,13,5)),$S$3:$T$177,2,FALSE),"xxx")&IFERROR(VLOOKUP(INT(MID($E5,19,5)),$S$3:$T$177,2,FALSE),"xxx"),"x","") -> , | G5: 火球 | H5: 【光环】抗性 | I5: 火焰强化 | J5: 火焰护甲 | L5: =_xlfn.IFNA(VLOOKUP(H5,$V$3:$W$38,2,FALSE),"xxx") -> 35 | M5: =_xlfn.IFNA(VLOOKUP(I5,$V$3:$W$38,2,FALSE),"xxx") -> 18 | N5: =_xlfn.IFNA(VLOOKUP(J5,$V$3:$W$38,2,FALSE),"xxx") -> 22 | O5: =_xlfn.IFNA(VLOOKUP(K5,$V$3:$W$38,2,FALSE),"xxx") -> xxx | P5: =$P$1&M5&","&N5&","&O5 -> 1:18,22,xxx | S5: 10003 | T5: 寒冰球 | V5: 特别快速 | W5: 2
B6: 魔弓 | C6: 特殊精英 | D6: 10621 | E6: =VLOOKUP(D6,怪物基本表!$D$7:$AO$276,38,FALSE) -> 30082,30081 | F6: =SUBSTITUTE(IFERROR(VLOOKUP(INT(LEFT($E6,5)),$S$3:$T$177,2,FALSE),"xxx")&","&IFERROR(VLOOKUP(INT(MID($E6,7,5)),$S$3:$T$177,2,FALSE),"xxx")&IFERROR(VLOOKUP(INT(MID($E6,13,5)),$S$3:$T$177,2,FALSE),"xxx")&IFERROR(VLOOKUP(INT(MID($E6,19,5)),$S$3:$T$177,2,FALSE),"xxx"),"x","") -> , | G6: 冰弓 | H6: 【光环】精准 | I6: 冰冻强化 | J6: 冰霜护甲 | K6: 多重射击 | L6: =_xlfn.IFNA(VLOOKUP(H6,$V$3:$W$38,2,FALSE),"xxx") -> 32 | M6: =_xlfn.IFNA(VLOOKUP(I6,$V$3:$W$38,2,FALSE),"xxx") -> 17 | N6: =_xlfn.IFNA(VLOOKUP(J6,$V$3:$W$38,2,FALSE),"xxx") -> 23 | O6: =_xlfn.IFNA(VLOOKUP(K6,$V$3:$W$38,2,FALSE),"xxx") -> 6 | P6: =$P$1&M6&","&N6&","&O6 -> 1:17,23,6 | S6: 10004 | T6: 电能弹 | V6: 皮肤硬化 | W6: 3
B7: 骷髅将领 | C7: boss | D7: 10701 | E7: =VLOOKUP(D7,怪物基本表!$D$7:$AO$276,38,FALSE) -> 30019,30020,300201 | F7: =SUBSTITUTE(IFERROR(VLOOKUP(INT(LEFT($E7,5)),$S$3:$T$177,2,FALSE),"xxx")&","&IFERROR(VLOOKUP(INT(MID($E7,7,5)),$S$3:$T$177,2,FALSE),"xxx")&IFERROR(VLOOKUP(INT(MID($E7,13,5)),$S$3:$T$177,2,FALSE),"xxx")&IFERROR(VLOOKUP(INT(MID($E7,19,5)),$S$3:$T$177,2,FALSE),"xxx"),"x","") -> , | L7: =_xlfn.IFNA(VLOOKUP(H7,$V$3:$W$38,2,FALSE),"xxx") -> xxx | M7: =_xlfn.IFNA(VLOOKUP(I7,$V$3:$W$38,2,FALSE),"xxx") -> xxx | N7: =_xlfn.IFNA(VLOOKUP(J7,$V$3:$W$38,2,FALSE),"xxx") -> xxx | O7: =_xlfn.IFNA(VLOOKUP(K7,$V$3:$W$38,2,FALSE),"xxx") -> xxx | P7: =$P$1&M7&","&N7&","&O7 -> 1:xxx,xxx,xxx | S7: 10005 | T7: 连锁闪电 | V7: 精准 | W7: 4
B8: 缝合巨尸 | C8: boss | D8: 10711 | E8: =VLOOKUP(D8,怪物基本表!$D$7:$AO$276,38,FALSE) -> 30039,30041,30042 | F8: =SUBSTITUTE(IFERROR(VLOOKUP(INT(LEFT($E8,5)),$S$3:$T$177,2,FALSE),"xxx")&","&IFERROR(VLOOKUP(INT(MID($E8,7,5)),$S$3:$T$177,2,FALSE),"xxx")&IFERROR(VLOOKUP(INT(MID($E8,13,5)),$S$3:$T$177,2,FALSE),"xxx")&IFERROR(VLOOKUP(INT(MID($E8,19,5)),$S$3:$T$177,2,FALSE),"xxx"),"x","") -> , | L8: =_xlfn.IFNA(VLOOKUP(H8,$V$3:$W$38,2,FALSE),"xxx") -> xxx | M8: =_xlfn.IFNA(VLOOKUP(I8,$V$3:$W$38,2,FALSE),"xxx") -> xxx | N8: =_xlfn.IFNA(VLOOKUP(J8,$V$3:$W$38,2,FALSE),"xxx") -> xxx | O8: =_xlfn.IFNA(VLOOKUP(K8,$V$3:$W$38,2,FALSE),"xxx") -> xxx | P8: =$P$1&M8&","&N8&","&O8 -> 1:xxx,xxx,xxx | S8: 10006 | T8: 枯萎 | V8: 生命再生 | W8: 5
B9: 骷髅王 | C9: boss | D9: 10721 | E9: =VLOOKUP(D9,怪物基本表!$D$7:$AO$276,38,FALSE) -> 31106,31101,31102,31103 | F9: =SUBSTITUTE(IFERROR(VLOOKUP(INT(LEFT($E9,5)),$S$3:$T$177,2,FALSE),"xxx")&","&IFERROR(VLOOKUP(INT(MID($E9,7,5)),$S$3:$T$177,2,FALSE),"xxx")&IFERROR(VLOOKUP(INT(MID($E9,13,5)),$S$3:$T$177,2,FALSE),"xxx")&IFERROR(VLOOKUP(INT(MID($E9,19,5)),$S$3:$T$177,2,FALSE),"xxx"),"x","") -> , | L9: =_xlfn.IFNA(VLOOKUP(H9,$V$3:$W$38,2,FALSE),"xxx") -> xxx | M9: =_xlfn.IFNA(VLOOKUP(I9,$V$3:$W$38,2,FALSE),"xxx") -> xxx | N9: =_xlfn.IFNA(VLOOKUP(J9,$V$3:$W$38,2,FALSE),"xxx") -> xxx | O9: =_xlfn.IFNA(VLOOKUP(K9,$V$3:$W$38,2,FALSE),"xxx") -> xxx | P9: =$P$1&M9&","&N9&","&O9 -> 1:xxx,xxx,xxx | S9: 10007 | T9: 骸骨之魂 | V9: 多重射击 | W9: 6
B10: 地狱炎魔王 | C10: boss | D10: 10731 | E10: =VLOOKUP(D10,怪物基本表!$D$7:$AO$276,38,FALSE) -> 31114 | F10: =SUBSTITUTE(IFERROR(VLOOKUP(INT(LEFT($E10,5)),$S$3:$T$177,2,FALSE),"xxx")&","&IFERROR(VLOOKUP(INT(MID($E10,7,5)),$S$3:$T$177,2,FALSE),"xxx")&IFERROR(VLOOKUP(INT(MID($E10,13,5)),$S$3:$T$177,2,FALSE),"xxx")&IFERROR(VLOOKUP(INT(MID($E10,19,5)),$S$3:$T$177,2,FALSE),"xxx"),"x","") -> , | L10: =_xlfn.IFNA(VLOOKUP(H10,$V$3:$W$38,2,FALSE),"xxx") -> xxx | M10: =_xlfn.IFNA(VLOOKUP(I10,$V$3:$W$38,2,FALSE),"xxx") -> xxx | N10: =_xlfn.IFNA(VLOOKUP(J10,$V$3:$W$38,2,FALSE),"xxx") -> xxx | O10: =_xlfn.IFNA(VLOOKUP(K10,$V$3:$W$38,2,FALSE),"xxx") -> xxx | P10: =$P$1&M10&","&N10&","&O10 -> 1:xxx,xxx,xxx | S10: 100071 | T10: 骸骨之魂——自爆 | V10: 护盾 | W10: 7
B11: 任务-怨灵 | D11: 10991 | E11: =VLOOKUP(D11,怪物基本表!$D$7:$AO$276,38,FALSE) -> 30070,30071 | F11: =SUBSTITUTE(IFERROR(VLOOKUP(INT(LEFT($E11,5)),$S$3:$T$177,2,FALSE),"xxx")&","&IFERROR(VLOOKUP(INT(MID($E11,7,5)),$S$3:$T$177,2,FALSE),"xxx")&IFERROR(VLOOKUP(INT(MID($E11,13,5)),$S$3:$T$177,2,FALSE),"xxx")&IFERROR(VLOOKUP(INT(MID($E11,19,5)),$S$3:$T$177,2,FALSE),"xxx"),"x","") -> , | L11: =_xlfn.IFNA(VLOOKUP(H11,$V$3:$W$38,2,FALSE),"xxx") -> xxx | M11: =_xlfn.IFNA(VLOOKUP(I11,$V$3:$W$38,2,FALSE),"xxx") -> xxx | N11: =_xlfn.IFNA(VLOOKUP(J11,$V$3:$W$38,2,FALSE),"xxx") -> xxx | O11: =_xlfn.IFNA(VLOOKUP(K11,$V$3:$W$38,2,FALSE),"xxx") -> xxx | P11: =$P$1&M11&","&N11&","&O11 -> 1:xxx,xxx,xxx | S11: 10008 | T11: 猛击 左 | V11: 无法眩晕 | W11: 8
A12: ACT2新 | B12: 野蛮巨猩 | C12: 特殊精英 | D12: 11601 | E12: =VLOOKUP(D12,怪物基本表!$D$7:$AO$276,38,FALSE) -> 30001 | F12: =SUBSTITUTE(IFERROR(VLOOKUP(INT(LEFT($E12,5)),$S$3:$T$177,2,FALSE),"xxx")&","&IFERROR(VLOOKUP(INT(MID($E12,7,5)),$S$3:$T$177,2,FALSE),"xxx")&IFERROR(VLOOKUP(INT(MID($E12,13,5)),$S$3:$T$177,2,FALSE),"xxx")&IFERROR(VLOOKUP(INT(MID($E12,19,5)),$S$3:$T$177,2,FALSE),"xxx"),"x","") -> , | I12: 狂暴 | J12: 元素抗性 | L12: =_xlfn.IFNA(VLOOKUP(H12,$V$3:$W$38,2,FALSE),"xxx") -> xxx | M12: =_xlfn.IFNA(VLOOKUP(I12,$V$3:$W$38,2,FALSE),"xxx") -> 13 | N12: =_xlfn.IFNA(VLOOKUP(J12,$V$3:$W$38,2,FALSE),"xxx") -> 15 | O12: =_xlfn.IFNA(VLOOKUP(K12,$V$3:$W$38,2,FALSE),"xxx") -> xxx | P12: =$P$1&M12&","&N12&","&O12 -> 1:13,15,xxx | S12: 10009 | T12: 猛击 右 | V12: 无法冻结 | W12: 9
B13: 蚀魂雷蛛 | C13: 特殊精英 | D13: 11611 | E13: =VLOOKUP(D13,怪物基本表!$D$7:$AO$276,38,FALSE) -> 30025 | F13: =SUBSTITUTE(IFERROR(VLOOKUP(INT(LEFT($E13,5)),$S$3:$T$177,2,FALSE),"xxx")&","&IFERROR(VLOOKUP(INT(MID($E13,7,5)),$S$3:$T$177,2,FALSE),"xxx")&IFERROR(VLOOKUP(INT(MID($E13,13,5)),$S$3:$T$177,2,FALSE),"xxx")&IFERROR(VLOOKUP(INT(MID($E13,19,5)),$S$3:$T$177,2,FALSE),"xxx"),"x","") -> , | I13: 混沌强化 | J13: 恶毒 | K13: 衰老 | L13: =_xlfn.IFNA(VLOOKUP(H13,$V$3:$W$38,2,FALSE),"xxx") -> xxx | M13: =_xlfn.IFNA(VLOOKUP(I13,$V$3:$W$38,2,FALSE),"xxx") -> 20 | N13: =_xlfn.IFNA(VLOOKUP(J13,$V$3:$W$38,2,FALSE),"xxx") -> 26 | O13: =_xlfn.IFNA(VLOOKUP(K13,$V$3:$W$38,2,FALSE),"xxx") -> 25 | P13: =$P$1&M13&","&N13&","&O13 -> 1:20,26,25 | S13: 10010 | T13: 闪电惩击 | V13: 免疫异常 | W13: 10
B14: 虫人毒师 | C14: 特殊精英 | D14: 11621 | E14: =VLOOKUP(D14,怪物基本表!$D$7:$AO$276,38,FALSE) -> 30025 | F14: =SUBSTITUTE(IFERROR(VLOOKUP(INT(LEFT($E14,5)),$S$3:$T$177,2,FALSE),"xxx")&","&IFERROR(VLOOKUP(INT(MID($E14,7,5)),$S$3:$T$177,2,FALSE),"xxx")&IFERROR(VLOOKUP(INT(MID($E14,13,5)),$S$3:$T$177,2,FALSE),"xxx")&IFERROR(VLOOKUP(INT(MID($E14,19,5)),$S$3:$T$177,2,FALSE),"xxx"),"x","") -> , | H14: 【光环】生命回复 | I14: 混沌强化 | J14: 衰老 | K14: 复仇者 | L14: =_xlfn.IFNA(VLOOKUP(H14,$V$3:$W$38,2,FALSE),"xxx") -> 34 | M14: =_xlfn.IFNA(VLOOKUP(I14,$V$3:$W$38,2,FALSE),"xxx") -> 20 | N14: =_xlfn.IFNA(VLOOKUP(J14,$V$3:$W$38,2,FALSE),"xxx") -> 25 | O14: =_xlfn.IFNA(VLOOKUP(K14,$V$3:$W$38,2,FALSE),"xxx") -> 11 | P14: =$P$1&M14&","&N14&","&O14 -> 1:20,25,11 | S14: 10011 | T14: 重击 | V14: 复仇者 | W14: 11
B15: 奴隶-野猪队长 | C15: boss | D15: 11701 | E15: =VLOOKUP(D15,怪物基本表!$D$7:$AO$276,38,FALSE) -> 31201,31202 | F15: =SUBSTITUTE(IFERROR(VLOOKUP(INT(LEFT($E15,5)),$S$3:$T$177,2,FALSE),"xxx")&","&IFERROR(VLOOKUP(INT(MID($E15,7,5)),$S$3:$T$177,2,FALSE),"xxx")&IFERROR(VLOOKUP(INT(MID($E15,13,5)),$S$3:$T$177,2,FALSE),"xxx")&IFERROR(VLOOKUP(INT(MID($E15,19,5)),$S$3:$T$177,2,FALSE),"xxx"),"x","") -> , | L15: =_xlfn.IFNA(VLOOKUP(H15,$V$3:$W$38,2,FALSE),"xxx") -> xxx | M15: =_xlfn.IFNA(VLOOKUP(I15,$V$3:$W$38,2,FALSE),"xxx") -> xxx | N15: =_xlfn.IFNA(VLOOKUP(J15,$V$3:$W$38,2,FALSE),"xxx") -> xxx | O15: =_xlfn.IFNA(VLOOKUP(K15,$V$3:$W$38,2,FALSE),"xxx") -> xxx | P15: =$P$1&M15&","&N15&","&O15 -> 1:xxx,xxx,xxx | S15: 10012 | T15: 雷神之怒 | V15: 衰变之刃 | W15: 12
B16: 电刑者 | C16: boss | D16: 11711 | E16: =VLOOKUP(D16,怪物基本表!$D$7:$AO$276,38,FALSE) -> 31211 | F16: =SUBSTITUTE(IFERROR(VLOOKUP(INT(LEFT($E16,5)),$S$3:$T$177,2,FALSE),"xxx")&","&IFERROR(VLOOKUP(INT(MID($E16,7,5)),$S$3:$T$177,2,FALSE),"xxx")&IFERROR(VLOOKUP(INT(MID($E16,13,5)),$S$3:$T$177,2,FALSE),"xxx")&IFERROR(VLOOKUP(INT(MID($E16,19,5)),$S$3:$T$177,2,FALSE),"xxx"),"x","") -> , | L16: =_xlfn.IFNA(VLOOKUP(H16,$V$3:$W$38,2,FALSE),"xxx") -> xxx | M16: =_xlfn.IFNA(VLOOKUP(I16,$V$3:$W$38,2,FALSE),"xxx") -> xxx | N16: =_xlfn.IFNA(VLOOKUP(J16,$V$3:$W$38,2,FALSE),"xxx") -> xxx | O16: =_xlfn.IFNA(VLOOKUP(K16,$V$3:$W$38,2,FALSE),"xxx") -> xxx | P16: =$P$1&M16&","&N16&","&O16 -> 1:xxx,xxx,xxx | S16: 10013 | T16: 旋风横扫 | V16: 狂暴 | W16: 13
B17: 殖民者-统领 | C17: boss | D17: 11721 | E17: =VLOOKUP(D17,怪物基本表!$D$7:$AO$276,38,FALSE) -> 31221,31222,31223,31224 | F17: =SUBSTITUTE(IFERROR(VLOOKUP(INT(LEFT($E17,5)),$S$3:$T$177,2,FALSE),"xxx")&","&IFERROR(VLOOKUP(INT(MID($E17,7,5)),$S$3:$T$177,2,FALSE),"xxx")&IFERROR(VLOOKUP(INT(MID($E17,13,5)),$S$3:$T$177,2,FALSE),"xxx")&IFERROR(VLOOKUP(INT(MID($E17,19,5)),$S$3:$T$177,2,FALSE),"xxx"),"x","") -> , | L17: =_xlfn.IFNA(VLOOKUP(H17,$V$3:$W$38,2,FALSE),"xxx") -> xxx | M17: =_xlfn.IFNA(VLOOKUP(I17,$V$3:$W$38,2,FALSE),"xxx") -> xxx | N17: =_xlfn.IFNA(VLOOKUP(J17,$V$3:$W$38,2,FALSE),"xxx") -> xxx | O17: =_xlfn.IFNA(VLOOKUP(K17,$V$3:$W$38,2,FALSE),"xxx") -> xxx | P17: =$P$1&M17&","&N17&","&O17 -> 1:xxx,xxx,xxx | S17: 10014 | T17: 冰霜之刃 | V17: 元素附体 | W17: 14
B18: 殖民者-领主 | C18: boss | D18: 11731 | E18: =VLOOKUP(D18,怪物基本表!$D$7:$AO$276,38,FALSE) -> 31231,31232,31233 | F18: =SUBSTITUTE(IFERROR(VLOOKUP(INT(LEFT($E18,5)),$S$3:$T$177,2,FALSE),"xxx")&","&IFERROR(VLOOKUP(INT(MID($E18,7,5)),$S$3:$T$177,2,FALSE),"xxx")&IFERROR(VLOOKUP(INT(MID($E18,13,5)),$S$3:$T$177,2,FALSE),"xxx")&IFERROR(VLOOKUP(INT(MID($E18,19,5)),$S$3:$T$177,2,FALSE),"xxx"),"x","") -> , | L18: =_xlfn.IFNA(VLOOKUP(H18,$V$3:$W$38,2,FALSE),"xxx") -> xxx | M18: =_xlfn.IFNA(VLOOKUP(I18,$V$3:$W$38,2,FALSE),"xxx") -> xxx | N18: =_xlfn.IFNA(VLOOKUP(J18,$V$3:$W$38,2,FALSE),"xxx") -> xxx | O18: =_xlfn.IFNA(VLOOKUP(K18,$V$3:$W$38,2,FALSE),"xxx") -> xxx | P18: =$P$1&M18&","&N18&","&O18 -> 1:xxx,xxx,xxx | S18: 10015 | T18: 剑气斩 | V18: 元素抗性 | W18: 15
B19: 任务-电刑者 | D19: 11901 | E19: =VLOOKUP(D19,怪物基本表!$D$7:$AO$276,38,FALSE) -> 31211 | F19: =SUBSTITUTE(IFERROR(VLOOKUP(INT(LEFT($E19,5)),$S$3:$T$177,2,FALSE),"xxx")&","&IFERROR(VLOOKUP(INT(MID($E19,7,5)),$S$3:$T$177,2,FALSE),"xxx")&IFERROR(VLOOKUP(INT(MID($E19,13,5)),$S$3:$T$177,2,FALSE),"xxx")&IFERROR(VLOOKUP(INT(MID($E19,19,5)),$S$3:$T$177,2,FALSE),"xxx"),"x","") -> , | L19: =_xlfn.IFNA(VLOOKUP(H19,$V$3:$W$38,2,FALSE),"xxx") -> xxx | M19: =_xlfn.IFNA(VLOOKUP(I19,$V$3:$W$38,2,FALSE),"xxx") -> xxx | N19: =_xlfn.IFNA(VLOOKUP(J19,$V$3:$W$38,2,FALSE),"xxx") -> xxx | O19: =_xlfn.IFNA(VLOOKUP(K19,$V$3:$W$38,2,FALSE),"xxx") -> xxx | P19: =$P$1&M19&","&N19&","&O19 -> 1:xxx,xxx,xxx | S19: 10016 | T19: 复仇 | V19: 幽灵 | W19: 16
B20: 任务-封印者 | D20: 11911 | E20: =VLOOKUP(D20,怪物基本表!$D$7:$AO$276,38,FALSE) -> 31211 | F20: =SUBSTITUTE(IFERROR(VLOOKUP(INT(LEFT($E20,5)),$S$3:$T$177,2,FALSE),"xxx")&","&IFERROR(VLOOKUP(INT(MID($E20,7,5)),$S$3:$T$177,2,FALSE),"xxx")&IFERROR(VLOOKUP(INT(MID($E20,13,5)),$S$3:$T$177,2,FALSE),"xxx")&IFERROR(VLOOKUP(INT(MID($E20,19,5)),$S$3:$T$177,2,FALSE),"xxx"),"x","") -> , | L20: =_xlfn.IFNA(VLOOKUP(H20,$V$3:$W$38,2,FALSE),"xxx") -> xxx | M20: =_xlfn.IFNA(VLOOKUP(I20,$V$3:$W$38,2,FALSE),"xxx") -> xxx | N20: =_xlfn.IFNA(VLOOKUP(J20,$V$3:$W$38,2,FALSE),"xxx") -> xxx | O20: =_xlfn.IFNA(VLOOKUP(K20,$V$3:$W$38,2,FALSE),"xxx") -> xxx | P20: =$P$1&M20&","&N20&","&O20 -> 1:xxx,xxx,xxx | S20: 10018 | T20: 冰霜之锤1 | V20: 冰冻强化 | W20: 17
B21: 任务-雷祭司亡魂 | D21: 11921 | E21: =VLOOKUP(D21,怪物基本表!$D$7:$AO$276,38,FALSE) -> 30070,30071 | F21: =SUBSTITUTE(IFERROR(VLOOKUP(INT(LEFT($E21,5)),$S$3:$T$177,2,FALSE),"xxx")&","&IFERROR(VLOOKUP(INT(MID($E21,7,5)),$S$3:$T$177,2,FALSE),"xxx")&IFERROR(VLOOKUP(INT(MID($E21,13,5)),$S$3:$T$177,2,FALSE),"xxx")&IFERROR(VLOOKUP(INT(MID($E21,19,5)),$S$3:$T$177,2,FALSE),"xxx"),"x","") -> , | L21: =_xlfn.IFNA(VLOOKUP(H21,$V$3:$W$38,2,FALSE),"xxx") -> xxx | M21: =_xlfn.IFNA(VLOOKUP(I21,$V$3:$W$38,2,FALSE),"xxx") -> xxx | N21: =_xlfn.IFNA(VLOOKUP(J21,$V$3:$W$38,2,FALSE),"xxx") -> xxx | O21: =_xlfn.IFNA(VLOOKUP(K21,$V$3:$W$38,2,FALSE),"xxx") -> xxx | P21: =$P$1&M21&","&N21&","&O21 -> 1:xxx,xxx,xxx | S21: 10021 | T21: 烈火斩击 | V21: 火焰强化 | W21: 18
A22: ACT3新 | B22: 暗红毒蛛 | C22: 特殊精英 | D22: 12601 | E22: =VLOOKUP(D22,怪物基本表!$D$7:$AO$276,38,FALSE) -> 30082,30081 | F22: =SUBSTITUTE(IFERROR(VLOOKUP(INT(LEFT($E22,5)),$S$3:$T$177,2,FALSE),"xxx")&","&IFERROR(VLOOKUP(INT(MID($E22,7,5)),$S$3:$T$177,2,FALSE),"xxx")&IFERROR(VLOOKUP(INT(MID($E22,13,5)),$S$3:$T$177,2,FALSE),"xxx")&IFERROR(VLOOKUP(INT(MID($E22,19,5)),$S$3:$T$177,2,FALSE),"xxx"),"x","") -> , | H22: 恶毒 | I22: 衰老 | J22: 【光环】速度 | L22: =_xlfn.IFNA(VLOOKUP(H22,$V$3:$W$38,2,FALSE),"xxx") -> 26 | M22: =_xlfn.IFNA(VLOOKUP(I22,$V$3:$W$38,2,FALSE),"xxx") -> 25 | N22: =_xlfn.IFNA(VLOOKUP(J22,$V$3:$W$38,2,FALSE),"xxx") -> 31 | O22: =_xlfn.IFNA(VLOOKUP(K22,$V$3:$W$38,2,FALSE),"xxx") -> xxx | P22: =$P$1&M22&","&N22&","&O22 -> 1:25,31,xxx | S22: 10022 | T22: 骨矛 | V22: 闪电强化 | W22: 19
B23: 腐血蜥蜴 | C23: 特殊精英 | D23: 12611 | E23: =VLOOKUP(D23,怪物基本表!$D$7:$AO$276,38,FALSE) -> 30001 | F23: =SUBSTITUTE(IFERROR(VLOOKUP(INT(LEFT($E23,5)),$S$3:$T$177,2,FALSE),"xxx")&","&IFERROR(VLOOKUP(INT(MID($E23,7,5)),$S$3:$T$177,2,FALSE),"xxx")&IFERROR(VLOOKUP(INT(MID($E23,13,5)),$S$3:$T$177,2,FALSE),"xxx")&IFERROR(VLOOKUP(INT(MID($E23,19,5)),$S$3:$T$177,2,FALSE),"xxx"),"x","") -> , | H23: 恶毒 | I23: 狂暴 | J23: 皮肤硬化 | L23: =_xlfn.IFNA(VLOOKUP(H23,$V$3:$W$38,2,FALSE),"xxx") -> 26 | M23: =_xlfn.IFNA(VLOOKUP(I23,$V$3:$W$38,2,FALSE),"xxx") -> 13 | N23: =_xlfn.IFNA(VLOOKUP(J23,$V$3:$W$38,2,FALSE),"xxx") -> 3 | O23: =_xlfn.IFNA(VLOOKUP(K23,$V$3:$W$38,2,FALSE),"xxx") -> xxx | P23: =$P$1&M23&","&N23&","&O23 -> 1:13,3,xxx | S23: 10023 | T23: 虚空之匕 | V23: 混沌强化 | W23: 20
B24: 腐化裂口巨犬 | C24: 特殊精英 | D24: 12621 | E24: =VLOOKUP(D24,怪物基本表!$D$7:$AO$276,38,FALSE) -> 30001 | F24: =SUBSTITUTE(IFERROR(VLOOKUP(INT(LEFT($E24,5)),$S$3:$T$177,2,FALSE),"xxx")&","&IFERROR(VLOOKUP(INT(MID($E24,7,5)),$S$3:$T$177,2,FALSE),"xxx")&IFERROR(VLOOKUP(INT(MID($E24,13,5)),$S$3:$T$177,2,FALSE),"xxx")&IFERROR(VLOOKUP(INT(MID($E24,19,5)),$S$3:$T$177,2,FALSE),"xxx"),"x","") -> , | H24: 【光环】速度 | I24: 狂暴 | J24: 特别快速 | L24: =_xlfn.IFNA(VLOOKUP(H24,$V$3:$W$38,2,FALSE),"xxx") -> 31 | M24: =_xlfn.IFNA(VLOOKUP(I24,$V$3:$W$38,2,FALSE),"xxx") -> 13 | N24: =_xlfn.IFNA(VLOOKUP(J24,$V$3:$W$38,2,FALSE),"xxx") -> 2 | O24: =_xlfn.IFNA(VLOOKUP(K24,$V$3:$W$38,2,FALSE),"xxx") -> xxx | P24: =$P$1&M24&","&N24&","&O24 -> 1:13,2,xxx | S24: 10024 | T24: 割裂左 | V24: 物理强化 | W24: 21
B25: 裂口吞噬者 | C25: boss | D25: 12701 | E25: =VLOOKUP(D25,怪物基本表!$D$7:$AO$276,38,FALSE) -> 31301,31302 | F25: =SUBSTITUTE(IFERROR(VLOOKUP(INT(LEFT($E25,5)),$S$3:$T$177,2,FALSE),"xxx")&","&IFERROR(VLOOKUP(INT(MID($E25,7,5)),$S$3:$T$177,2,FALSE),"xxx")&IFERROR(VLOOKUP(INT(MID($E25,13,5)),$S$3:$T$177,2,FALSE),"xxx")&IFERROR(VLOOKUP(INT(MID($E25,19,5)),$S$3:$T$177,2,FALSE),"xxx"),"x","") -> , | L25: =_xlfn.IFNA(VLOOKUP(H25,$V$3:$W$38,2,FALSE),"xxx") -> xxx | M25: =_xlfn.IFNA(VLOOKUP(I25,$V$3:$W$38,2,FALSE),"xxx") -> xxx | N25: =_xlfn.IFNA(VLOOKUP(J25,$V$3:$W$38,2,FALSE),"xxx") -> xxx | O25: =_xlfn.IFNA(VLOOKUP(K25,$V$3:$W$38,2,FALSE),"xxx") -> xxx | P25: =$P$1&M25&","&N25&","&O25 -> 1:xxx,xxx,xxx | S25: 10025 | T25: 割裂右 | V25: 火焰护甲 | W25: 22
B26: 缝合之眼 | C26: boss | D26: 12711 | E26: =VLOOKUP(D26,怪物基本表!$D$7:$AO$276,38,FALSE) -> 31311,31312 | F26: =SUBSTITUTE(IFERROR(VLOOKUP(INT(LEFT($E26,5)),$S$3:$T$177,2,FALSE),"xxx")&","&IFERROR(VLOOKUP(INT(MID($E26,7,5)),$S$3:$T$177,2,FALSE),"xxx")&IFERROR(VLOOKUP(INT(MID($E26,13,5)),$S$3:$T$177,2,FALSE),"xxx")&IFERROR(VLOOKUP(INT(MID($E26,19,5)),$S$3:$T$177,2,FALSE),"xxx"),"x","") -> , | L26: =_xlfn.IFNA(VLOOKUP(H26,$V$3:$W$38,2,FALSE),"xxx") -> xxx | M26: =_xlfn.IFNA(VLOOKUP(I26,$V$3:$W$38,2,FALSE),"xxx") -> xxx | N26: =_xlfn.IFNA(VLOOKUP(J26,$V$3:$W$38,2,FALSE),"xxx") -> xxx | O26: =_xlfn.IFNA(VLOOKUP(K26,$V$3:$W$38,2,FALSE),"xxx") -> xxx | P26: =$P$1&M26&","&N26&","&O26 -> 1:xxx,xxx,xxx | S26: 10026 | T26: 多重箭 | V26: 冰霜护甲 | W26: 23
B27: 血斧掠夺者-卡洛斯 | C27: boss | D27: 12721 | E27: =VLOOKUP(D27,怪物基本表!$D$7:$AO$276,38,FALSE) -> 31321,31322,31323 | F27: =SUBSTITUTE(IFERROR(VLOOKUP(INT(LEFT($E27,5)),$S$3:$T$177,2,FALSE),"xxx")&","&IFERROR(VLOOKUP(INT(MID($E27,7,5)),$S$3:$T$177,2,FALSE),"xxx")&IFERROR(VLOOKUP(INT(MID($E27,13,5)),$S$3:$T$177,2,FALSE),"xxx")&IFERROR(VLOOKUP(INT(MID($E27,19,5)),$S$3:$T$177,2,FALSE),"xxx"),"x","") -> , | L27: =_xlfn.IFNA(VLOOKUP(H27,$V$3:$W$38,2,FALSE),"xxx") -> xxx | M27: =_xlfn.IFNA(VLOOKUP(I27,$V$3:$W$38,2,FALSE),"xxx") -> xxx | N27: =_xlfn.IFNA(VLOOKUP(J27,$V$3:$W$38,2,FALSE),"xxx") -> xxx | O27: =_xlfn.IFNA(VLOOKUP(K27,$V$3:$W$38,2,FALSE),"xxx") -> xxx | P27: =$P$1&M27&","&N27&","&O27 -> 1:xxx,xxx,xxx | S27: 10027 | T27: 冰冻箭 | V27: 闪电护甲 | W27: 24
B28: 腐蚀之主 | C28: boss | D28: 12731 | E28: =VLOOKUP(D28,怪物基本表!$D$7:$AO$276,38,FALSE) -> 31331,31332,31333,31334 | F28: =SUBSTITUTE(IFERROR(VLOOKUP(INT(LEFT($E28,5)),$S$3:$T$177,2,FALSE),"xxx")&","&IFERROR(VLOOKUP(INT(MID($E28,7,5)),$S$3:$T$177,2,FALSE),"xxx")&IFERROR(VLOOKUP(INT(MID($E28,13,5)),$S$3:$T$177,2,FALSE),"xxx")&IFERROR(VLOOKUP(INT(MID($E28,19,5)),$S$3:$T$177,2,FALSE),"xxx"),"x","") -> , | L28: =_xlfn.IFNA(VLOOKUP(H28,$V$3:$W$38,2,FALSE),"xxx") -> xxx | M28: =_xlfn.IFNA(VLOOKUP(I28,$V$3:$W$38,2,FALSE),"xxx") -> xxx | N28: =_xlfn.IFNA(VLOOKUP(J28,$V$3:$W$38,2,FALSE),"xxx") -> xxx | O28: =_xlfn.IFNA(VLOOKUP(K28,$V$3:$W$38,2,FALSE),"xxx") -> xxx | P28: =$P$1&M28&","&N28&","&O28 -> 1:xxx,xxx,xxx | S28: 10028 | T28: 炽炎箭 | V28: 衰老 | W28: 25
B29: 任务-腐化祭司幻影 | D29: 12901 | E29: =VLOOKUP(D29,怪物基本表!$D$7:$AO$276,38,FALSE) -> 30070,30071 | F29: =SUBSTITUTE(IFERROR(VLOOKUP(INT(LEFT($E29,5)),$S$3:$T$177,2,FALSE),"xxx")&","&IFERROR(VLOOKUP(INT(MID($E29,7,5)),$S$3:$T$177,2,FALSE),"xxx")&IFERROR(VLOOKUP(INT(MID($E29,13,5)),$S$3:$T$177,2,FALSE),"xxx")&IFERROR(VLOOKUP(INT(MID($E29,19,5)),$S$3:$T$177,2,FALSE),"xxx"),"x","") -> , | L29: =_xlfn.IFNA(VLOOKUP(H29,$V$3:$W$38,2,FALSE),"xxx") -> xxx | M29: =_xlfn.IFNA(VLOOKUP(I29,$V$3:$W$38,2,FALSE),"xxx") -> xxx | N29: =_xlfn.IFNA(VLOOKUP(J29,$V$3:$W$38,2,FALSE),"xxx") -> xxx | O29: =_xlfn.IFNA(VLOOKUP(K29,$V$3:$W$38,2,FALSE),"xxx") -> xxx | P29: =$P$1&M29&","&N29&","&O29 -> 1:xxx,xxx,xxx | S29: 10029 | T29: 闪电枪 | V29: 恶毒 | W29: 26
A30: ACT4新 | B30: 巨型石人 | C30: 特殊精英 | D30: 13601 | E30: =VLOOKUP(D30,怪物基本表!$D$7:$AO$276,38,FALSE) -> 30001 | F30: =SUBSTITUTE(IFERROR(VLOOKUP(INT(LEFT($E30,5)),$S$3:$T$177,2,FALSE),"xxx")&","&IFERROR(VLOOKUP(INT(MID($E30,7,5)),$S$3:$T$177,2,FALSE),"xxx")&IFERROR(VLOOKUP(INT(MID($E30,13,5)),$S$3:$T$177,2,FALSE),"xxx")&IFERROR(VLOOKUP(INT(MID($E30,19,5)),$S$3:$T$177,2,FALSE),"xxx"),"x","") -> , | H30: 生命再生 | I30: 皮肤硬化 | J30: 冰冻强化 | L30: =_xlfn.IFNA(VLOOKUP(H30,$V$3:$W$38,2,FALSE),"xxx") -> 5 | M30: =_xlfn.IFNA(VLOOKUP(I30,$V$3:$W$38,2,FALSE),"xxx") -> 3 | N30: =_xlfn.IFNA(VLOOKUP(J30,$V$3:$W$38,2,FALSE),"xxx") -> 17 | O30: =_xlfn.IFNA(VLOOKUP(K30,$V$3:$W$38,2,FALSE),"xxx") -> xxx | P30: =$P$1&M30&","&N30&","&O30 -> 1:3,17,xxx | S30: 10030 | T30: 腐蚀箭 | V30: 撕裂 | W30: 27
B31: 冰原巨犬 | C31: 特殊精英 | D31: 13611 | E31: =VLOOKUP(D31,怪物基本表!$D$7:$AO$276,38,FALSE) -> 30001 | F31: =SUBSTITUTE(IFERROR(VLOOKUP(INT(LEFT($E31,5)),$S$3:$T$177,2,FALSE),"xxx")&","&IFERROR(VLOOKUP(INT(MID($E31,7,5)),$S$3:$T$177,2,FALSE),"xxx")&IFERROR(VLOOKUP(INT(MID($E31,13,5)),$S$3:$T$177,2,FALSE),"xxx")&IFERROR(VLOOKUP(INT(MID($E31,19,5)),$S$3:$T$177,2,FALSE),"xxx"),"x","") -> , | H31: 特别快速 | I31: 特别强壮 | J31: 冰霜护甲 | L31: =_xlfn.IFNA(VLOOKUP(H31,$V$3:$W$38,2,FALSE),"xxx") -> 2 | M31: =_xlfn.IFNA(VLOOKUP(I31,$V$3:$W$38,2,FALSE),"xxx") -> 1 | N31: =_xlfn.IFNA(VLOOKUP(J31,$V$3:$W$38,2,FALSE),"xxx") -> 23 | O31: =_xlfn.IFNA(VLOOKUP(K31,$V$3:$W$38,2,FALSE),"xxx") -> xxx | P31: =$P$1&M31&","&N31&","&O31 -> 1:1,23,xxx | S31: 10031 | T31: 天堂之拳 | V31: 灼痛 | W31: 28
B32: 冰刺幽魂 | C32: 特殊精英 | D32: 13621 | E32: =VLOOKUP(D32,怪物基本表!$D$7:$AO$276,38,FALSE) -> 31211 | F32: =SUBSTITUTE(IFERROR(VLOOKUP(INT(LEFT($E32,5)),$S$3:$T$177,2,FALSE),"xxx")&","&IFERROR(VLOOKUP(INT(MID($E32,7,5)),$S$3:$T$177,2,FALSE),"xxx")&IFERROR(VLOOKUP(INT(MID($E32,13,5)),$S$3:$T$177,2,FALSE),"xxx")&IFERROR(VLOOKUP(INT(MID($E32,19,5)),$S$3:$T$177,2,FALSE),"xxx"),"x","") -> , | H32: 【光环】精准 | I32: 复仇者 | J32: 冰霜护甲 | K32: 混沌强化 | L32: =_xlfn.IFNA(VLOOKUP(H32,$V$3:$W$38,2,FALSE),"xxx") -> 32 | M32: =_xlfn.IFNA(VLOOKUP(I32,$V$3:$W$38,2,FALSE),"xxx") -> 11 | N32: =_xlfn.IFNA(VLOOKUP(J32,$V$3:$W$38,2,FALSE),"xxx") -> 23 | O32: =_xlfn.IFNA(VLOOKUP(K32,$V$3:$W$38,2,FALSE),"xxx") -> 20 | P32: =$P$1&M32&","&N32&","&O32 -> 1:11,23,20 | S32: 10032 | T32: 元素打击 火 | V32: 死亡回响 | W32: 29
B33: 腹眼巨魔 | C33: boss | D33: 13701 | E33: =VLOOKUP(D33,怪物基本表!$D$7:$AO$276,38,FALSE) -> 31401,31402 | F33: =SUBSTITUTE(IFERROR(VLOOKUP(INT(LEFT($E33,5)),$S$3:$T$177,2,FALSE),"xxx")&","&IFERROR(VLOOKUP(INT(MID($E33,7,5)),$S$3:$T$177,2,FALSE),"xxx")&IFERROR(VLOOKUP(INT(MID($E33,13,5)),$S$3:$T$177,2,FALSE),"xxx")&IFERROR(VLOOKUP(INT(MID($E33,19,5)),$S$3:$T$177,2,FALSE),"xxx"),"x","") -> , | L33: =_xlfn.IFNA(VLOOKUP(H33,$V$3:$W$38,2,FALSE),"xxx") -> xxx | M33: =_xlfn.IFNA(VLOOKUP(I33,$V$3:$W$38,2,FALSE),"xxx") -> xxx | N33: =_xlfn.IFNA(VLOOKUP(J33,$V$3:$W$38,2,FALSE),"xxx") -> xxx | O33: =_xlfn.IFNA(VLOOKUP(K33,$V$3:$W$38,2,FALSE),"xxx") -> xxx | P33: =$P$1&M33&","&N33&","&O33 -> 1:xxx,xxx,xxx | S33: 10033 | T33: 元素打击 冰 | V33: 【光环】物理增伤 | W33: 30
B34: 冰霜巨人 | C34: boss | D34: 13711 | E34: =VLOOKUP(D34,怪物基本表!$D$7:$AO$276,38,FALSE) -> 31411,31412 | F34: =SUBSTITUTE(IFERROR(VLOOKUP(INT(LEFT($E34,5)),$S$3:$T$177,2,FALSE),"xxx")&","&IFERROR(VLOOKUP(INT(MID($E34,7,5)),$S$3:$T$177,2,FALSE),"xxx")&IFERROR(VLOOKUP(INT(MID($E34,13,5)),$S$3:$T$177,2,FALSE),"xxx")&IFERROR(VLOOKUP(INT(MID($E34,19,5)),$S$3:$T$177,2,FALSE),"xxx"),"x","") -> , | L34: =_xlfn.IFNA(VLOOKUP(H34,$V$3:$W$38,2,FALSE),"xxx") -> xxx | M34: =_xlfn.IFNA(VLOOKUP(I34,$V$3:$W$38,2,FALSE),"xxx") -> xxx | N34: =_xlfn.IFNA(VLOOKUP(J34,$V$3:$W$38,2,FALSE),"xxx") -> xxx | O34: =_xlfn.IFNA(VLOOKUP(K34,$V$3:$W$38,2,FALSE),"xxx") -> xxx | P34: =$P$1&M34&","&N34&","&O34 -> 1:xxx,xxx,xxx | S34: 10034 | T34: 元素打击 雷 | V34: 【光环】速度 | W34: 31
B35: 冰锤首领 | C35: boss | D35: 13721 | E35: =VLOOKUP(D35,怪物基本表!$D$7:$AO$276,38,FALSE) -> 31421,31422,31423 | F35: =SUBSTITUTE(IFERROR(VLOOKUP(INT(LEFT($E35,5)),$S$3:$T$177,2,FALSE),"xxx")&","&IFERROR(VLOOKUP(INT(MID($E35,7,5)),$S$3:$T$177,2,FALSE),"xxx")&IFERROR(VLOOKUP(INT(MID($E35,13,5)),$S$3:$T$177,2,FALSE),"xxx")&IFERROR(VLOOKUP(INT(MID($E35,19,5)),$S$3:$T$177,2,FALSE),"xxx"),"x","") -> , | L35: =_xlfn.IFNA(VLOOKUP(H35,$V$3:$W$38,2,FALSE),"xxx") -> xxx | M35: =_xlfn.IFNA(VLOOKUP(I35,$V$3:$W$38,2,FALSE),"xxx") -> xxx | N35: =_xlfn.IFNA(VLOOKUP(J35,$V$3:$W$38,2,FALSE),"xxx") -> xxx | O35: =_xlfn.IFNA(VLOOKUP(K35,$V$3:$W$38,2,FALSE),"xxx") -> xxx | P35: =$P$1&M35&","&N35&","&O35 -> 1:xxx,xxx,xxx | S35: 10035 | T35: 格挡落雷 | V35: 【光环】精准 | W35: 32
B36: 冰霜寒主 | C36: boss | D36: 13731 | E36: =VLOOKUP(D36,怪物基本表!$D$7:$AO$276,38,FALSE) -> 31431,31432,31433,31434 | F36: =SUBSTITUTE(IFERROR(VLOOKUP(INT(LEFT($E36,5)),$S$3:$T$177,2,FALSE),"xxx")&","&IFERROR(VLOOKUP(INT(MID($E36,7,5)),$S$3:$T$177,2,FALSE),"xxx")&IFERROR(VLOOKUP(INT(MID($E36,13,5)),$S$3:$T$177,2,FALSE),"xxx")&IFERROR(VLOOKUP(INT(MID($E36,19,5)),$S$3:$T$177,2,FALSE),"xxx"),"x","") -> , | L36: =_xlfn.IFNA(VLOOKUP(H36,$V$3:$W$38,2,FALSE),"xxx") -> xxx | M36: =_xlfn.IFNA(VLOOKUP(I36,$V$3:$W$38,2,FALSE),"xxx") -> xxx | N36: =_xlfn.IFNA(VLOOKUP(J36,$V$3:$W$38,2,FALSE),"xxx") -> xxx | O36: =_xlfn.IFNA(VLOOKUP(K36,$V$3:$W$38,2,FALSE),"xxx") -> xxx | P36: =$P$1&M36&","&N36&","&O36 -> 1:xxx,xxx,xxx | S36: 10036 | T36: 落雷 | V36: 【光环】护盾 | W36: 33
B37: 任务-巨型石头人 | D37: 13901 | E37: =VLOOKUP(D37,怪物基本表!$D$7:$AO$276,38,FALSE) -> 31411,31412 | F37: =SUBSTITUTE(IFERROR(VLOOKUP(INT(LEFT($E37,5)),$S$3:$T$177,2,FALSE),"xxx")&","&IFERROR(VLOOKUP(INT(MID($E37,7,5)),$S$3:$T$177,2,FALSE),"xxx")&IFERROR(VLOOKUP(INT(MID($E37,13,5)),$S$3:$T$177,2,FALSE),"xxx")&IFERROR(VLOOKUP(INT(MID($E37,19,5)),$S$3:$T$177,2,FALSE),"xxx"),"x","") -> , | L37: =_xlfn.IFNA(VLOOKUP(H37,$V$3:$W$38,2,FALSE),"xxx") -> xxx | M37: =_xlfn.IFNA(VLOOKUP(I37,$V$3:$W$38,2,FALSE),"xxx") -> xxx | N37: =_xlfn.IFNA(VLOOKUP(J37,$V$3:$W$38,2,FALSE),"xxx") -> xxx | O37: =_xlfn.IFNA(VLOOKUP(K37,$V$3:$W$38,2,FALSE),"xxx") -> xxx | P37: =$P$1&M37&","&N37&","&O37 -> 1:xxx,xxx,xxx | S37: 10037 | T37: 格挡反射冰 | V37: 【光环】生命回复 | W37: 34
B38: 任务-哨兵灵魂 | D38: 13902 | E38: =VLOOKUP(D38,怪物基本表!$D$7:$AO$276,38,FALSE) -> 30070,30071 | F38: =SUBSTITUTE(IFERROR(VLOOKUP(INT(LEFT($E38,5)),$S$3:$T$177,2,FALSE),"xxx")&","&IFERROR(VLOOKUP(INT(MID($E38,7,5)),$S$3:$T$177,2,FALSE),"xxx")&IFERROR(VLOOKUP(INT(MID($E38,13,5)),$S$3:$T$177,2,FALSE),"xxx")&IFERROR(VLOOKUP(INT(MID($E38,19,5)),$S$3:$T$177,2,FALSE),"xxx"),"x","") -> , | L38: =_xlfn.IFNA(VLOOKUP(H38,$V$3:$W$38,2,FALSE),"xxx") -> xxx | M38: =_xlfn.IFNA(VLOOKUP(I38,$V$3:$W$38,2,FALSE),"xxx") -> xxx | N38: =_xlfn.IFNA(VLOOKUP(J38,$V$3:$W$38,2,FALSE),"xxx") -> xxx | O38: =_xlfn.IFNA(VLOOKUP(K38,$V$3:$W$38,2,FALSE),"xxx") -> xxx | P38: =$P$1&M38&","&N38&","&O38 -> 1:xxx,xxx,xxx | S38: 10038 | T38: 冰霜锥形攻击 | V38: 【光环】抗性 | W38: 35
B39: 任务-钥之守卫 | D39: 13903 | E39: =VLOOKUP(D39,怪物基本表!$D$7:$AO$276,38,FALSE) -> 31421,31422,31423 | F39: =SUBSTITUTE(IFERROR(VLOOKUP(INT(LEFT($E39,5)),$S$3:$T$177,2,FALSE),"xxx")&","&IFERROR(VLOOKUP(INT(MID($E39,7,5)),$S$3:$T$177,2,FALSE),"xxx")&IFERROR(VLOOKUP(INT(MID($E39,13,5)),$S$3:$T$177,2,FALSE),"xxx")&IFERROR(VLOOKUP(INT(MID($E39,19,5)),$S$3:$T$177,2,FALSE),"xxx"),"x","") -> , | L39: =_xlfn.IFNA(VLOOKUP(H39,$V$3:$W$38,2,FALSE),"xxx") -> xxx | M39: =_xlfn.IFNA(VLOOKUP(I39,$V$3:$W$38,2,FALSE),"xxx") -> xxx | N39: =_xlfn.IFNA(VLOOKUP(J39,$V$3:$W$38,2,FALSE),"xxx") -> xxx | O39: =_xlfn.IFNA(VLOOKUP(K39,$V$3:$W$38,2,FALSE),"xxx") -> xxx | P39: =$P$1&M39&","&N39&","&O39 -> 1:xxx,xxx,xxx | S39: 10039 | T39: 格挡电能弹
A40: ACT5新 | B40: 地狱炎蜴 | C40: 特殊精英 | D40: 14601 | E40: =VLOOKUP(D40,怪物基本表!$D$7:$AO$276,38,FALSE) -> 30001 | F40: =SUBSTITUTE(IFERROR(VLOOKUP(INT(LEFT($E40,5)),$S$3:$T$177,2,FALSE),"xxx")&","&IFERROR(VLOOKUP(INT(MID($E40,7,5)),$S$3:$T$177,2,FALSE),"xxx")&IFERROR(VLOOKUP(INT(MID($E40,13,5)),$S$3:$T$177,2,FALSE),"xxx")&IFERROR(VLOOKUP(INT(MID($E40,19,5)),$S$3:$T$177,2,FALSE),"xxx"),"x","") -> , | I40: 恶毒 | J40: 火焰护甲 | L40: =_xlfn.IFNA(VLOOKUP(H40,$V$3:$W$38,2,FALSE),"xxx") -> xxx | M40: =_xlfn.IFNA(VLOOKUP(I40,$V$3:$W$38,2,FALSE),"xxx") -> 26 | N40: =_xlfn.IFNA(VLOOKUP(J40,$V$3:$W$38,2,FALSE),"xxx") -> 22 | O40: =_xlfn.IFNA(VLOOKUP(K40,$V$3:$W$38,2,FALSE),"xxx") -> xxx | P40: =$P$1&M40&","&N40&","&O40 -> 1:26,22,xxx | S40: 10040 | T40: 格挡电能弹
B41: 炎狱队长 | C41: 特殊精英 | D41: 14611 | E41: =VLOOKUP(D41,怪物基本表!$D$7:$AO$276,38,FALSE) -> 30001 | F41: =SUBSTITUTE(IFERROR(VLOOKUP(INT(LEFT($E41,5)),$S$3:$T$177,2,FALSE),"xxx")&","&IFERROR(VLOOKUP(INT(MID($E41,7,5)),$S$3:$T$177,2,FALSE),"xxx")&IFERROR(VLOOKUP(INT(MID($E41,13,5)),$S$3:$T$177,2,FALSE),"xxx")&IFERROR(VLOOKUP(INT(MID($E41,19,5)),$S$3:$T$177,2,FALSE),"xxx"),"x","") -> , | I41: 衰老 | J41: 火焰护甲 | L41: =_xlfn.IFNA(VLOOKUP(H41,$V$3:$W$38,2,FALSE),"xxx") -> xxx | M41: =_xlfn.IFNA(VLOOKUP(I41,$V$3:$W$38,2,FALSE),"xxx") -> 25 | N41: =_xlfn.IFNA(VLOOKUP(J41,$V$3:$W$38,2,FALSE),"xxx") -> 22 | O41: =_xlfn.IFNA(VLOOKUP(K41,$V$3:$W$38,2,FALSE),"xxx") -> xxx | P41: =$P$1&M41&","&N41&","&O41 -> 1:25,22,xxx | S41: 10042 | T41: 拳击 第一下
B42: 魇魔 | C42: 特殊精英 | D42: 14621 | E42: =VLOOKUP(D42,怪物基本表!$D$7:$AO$276,38,FALSE) -> 31211 | F42: =SUBSTITUTE(IFERROR(VLOOKUP(INT(LEFT($E42,5)),$S$3:$T$177,2,FALSE),"xxx")&","&IFERROR(VLOOKUP(INT(MID($E42,7,5)),$S$3:$T$177,2,FALSE),"xxx")&IFERROR(VLOOKUP(INT(MID($E42,13,5)),$S$3:$T$177,2,FALSE),"xxx")&IFERROR(VLOOKUP(INT(MID($E42,19,5)),$S$3:$T$177,2,FALSE),"xxx"),"x","") -> , | H42: 【光环】精准 | I42: 【光环】生命回复 | J42: 混沌强化 | K42: 火焰护甲 | L42: =_xlfn.IFNA(VLOOKUP(H42,$V$3:$W$38,2,FALSE),"xxx") -> 32 | M42: =_xlfn.IFNA(VLOOKUP(I42,$V$3:$W$38,2,FALSE),"xxx") -> 34 | N42: =_xlfn.IFNA(VLOOKUP(J42,$V$3:$W$38,2,FALSE),"xxx") -> 20 | O42: =_xlfn.IFNA(VLOOKUP(K42,$V$3:$W$38,2,FALSE),"xxx") -> 22 | P42: =$P$1&M42&","&N42&","&O42 -> 1:34,20,22 | S42: 10043 | T42: 拳击第二下
B43: 地狱守卫 | C43: boss | D43: 14701 | E43: =VLOOKUP(D43,怪物基本表!$D$7:$AO$276,38,FALSE) -> 31501,31502 | F43: =SUBSTITUTE(IFERROR(VLOOKUP(INT(LEFT($E43,5)),$S$3:$T$177,2,FALSE),"xxx")&","&IFERROR(VLOOKUP(INT(MID($E43,7,5)),$S$3:$T$177,2,FALSE),"xxx")&IFERROR(VLOOKUP(INT(MID($E43,13,5)),$S$3:$T$177,2,FALSE),"xxx")&IFERROR(VLOOKUP(INT(MID($E43,19,5)),$S$3:$T$177,2,FALSE),"xxx"),"x","") -> , | L43: =_xlfn.IFNA(VLOOKUP(H43,$V$3:$W$38,2,FALSE),"xxx") -> xxx | M43: =_xlfn.IFNA(VLOOKUP(I43,$V$3:$W$38,2,FALSE),"xxx") -> xxx | N43: =_xlfn.IFNA(VLOOKUP(J43,$V$3:$W$38,2,FALSE),"xxx") -> xxx | O43: =_xlfn.IFNA(VLOOKUP(K43,$V$3:$W$38,2,FALSE),"xxx") -> xxx | P43: =$P$1&M43&","&N43&","&O43 -> 1:xxx,xxx,xxx | S43: 10044 | T43: 凿击左
B44: 掠夺者·卡洛斯 | C44: boss | D44: 14711 | E44: =VLOOKUP(D44,怪物基本表!$D$7:$AO$276,38,FALSE) -> 31511,31512,31513 | F44: =SUBSTITUTE(IFERROR(VLOOKUP(INT(LEFT($E44,5)),$S$3:$T$177,2,FALSE),"xxx")&","&IFERROR(VLOOKUP(INT(MID($E44,7,5)),$S$3:$T$177,2,FALSE),"xxx")&IFERROR(VLOOKUP(INT(MID($E44,13,5)),$S$3:$T$177,2,FALSE),"xxx")&IFERROR(VLOOKUP(INT(MID($E44,19,5)),$S$3:$T$177,2,FALSE),"xxx"),"x","") -> , | L44: =_xlfn.IFNA(VLOOKUP(H44,$V$3:$W$38,2,FALSE),"xxx") -> xxx | M44: =_xlfn.IFNA(VLOOKUP(I44,$V$3:$W$38,2,FALSE),"xxx") -> xxx | N44: =_xlfn.IFNA(VLOOKUP(J44,$V$3:$W$38,2,FALSE),"xxx") -> xxx | O44: =_xlfn.IFNA(VLOOKUP(K44,$V$3:$W$38,2,FALSE),"xxx") -> xxx | P44: =$P$1&M44&","&N44&","&O44 -> 1:xxx,xxx,xxx | S44: 10045 | T44: 凿击右
B45: 菲尼克斯 | C45: boss | D45: 14721 | E45: =VLOOKUP(D45,怪物基本表!$D$7:$AO$276,38,FALSE) -> 31521,31524,31523,31522 | F45: =SUBSTITUTE(IFERROR(VLOOKUP(INT(LEFT($E45,5)),$S$3:$T$177,2,FALSE),"xxx")&","&IFERROR(VLOOKUP(INT(MID($E45,7,5)),$S$3:$T$177,2,FALSE),"xxx")&IFERROR(VLOOKUP(INT(MID($E45,13,5)),$S$3:$T$177,2,FALSE),"xxx")&IFERROR(VLOOKUP(INT(MID($E45,19,5)),$S$3:$T$177,2,FALSE),"xxx"),"x","") -> , | L45: =_xlfn.IFNA(VLOOKUP(H45,$V$3:$W$38,2,FALSE),"xxx") -> xxx | M45: =_xlfn.IFNA(VLOOKUP(I45,$V$3:$W$38,2,FALSE),"xxx") -> xxx | N45: =_xlfn.IFNA(VLOOKUP(J45,$V$3:$W$38,2,FALSE),"xxx") -> xxx | O45: =_xlfn.IFNA(VLOOKUP(K45,$V$3:$W$38,2,FALSE),"xxx") -> xxx | P45: =$P$1&M45&","&N45&","&O45 -> 1:xxx,xxx,xxx | S45: 10046 | T45: 毒刃左
B46: 深渊主宰 | C46: boss | D46: 14731 | E46: =VLOOKUP(D46,怪物基本表!$D$7:$AO$276,38,FALSE) -> 31531,31532,31534,31535 | F46: =SUBSTITUTE(IFERROR(VLOOKUP(INT(LEFT($E46,5)),$S$3:$T$177,2,FALSE),"xxx")&","&IFERROR(VLOOKUP(INT(MID($E46,7,5)),$S$3:$T$177,2,FALSE),"xxx")&IFERROR(VLOOKUP(INT(MID($E46,13,5)),$S$3:$T$177,2,FALSE),"xxx")&IFERROR(VLOOKUP(INT(MID($E46,19,5)),$S$3:$T$177,2,FALSE),"xxx"),"x","") -> , | L46: =_xlfn.IFNA(VLOOKUP(H46,$V$3:$W$38,2,FALSE),"xxx") -> xxx | M46: =_xlfn.IFNA(VLOOKUP(I46,$V$3:$W$38,2,FALSE),"xxx") -> xxx | N46: =_xlfn.IFNA(VLOOKUP(J46,$V$3:$W$38,2,FALSE),"xxx") -> xxx | O46: =_xlfn.IFNA(VLOOKUP(K46,$V$3:$W$38,2,FALSE),"xxx") -> xxx | P46: =$P$1&M46&","&N46&","&O46 -> 1:xxx,xxx,xxx | S46: 10047 | T46: 毒刃右
B47: 终局BOSS- | D47: 14801 | E47: =VLOOKUP(D47,怪物基本表!$D$7:$AO$276,38,FALSE) -> 33121,33122,33123,33124 | F47: =SUBSTITUTE(IFERROR(VLOOKUP(INT(LEFT($E47,5)),$S$3:$T$177,2,FALSE),"xxx")&","&IFERROR(VLOOKUP(INT(MID($E47,7,5)),$S$3:$T$177,2,FALSE),"xxx")&IFERROR(VLOOKUP(INT(MID($E47,13,5)),$S$3:$T$177,2,FALSE),"xxx")&IFERROR(VLOOKUP(INT(MID($E47,19,5)),$S$3:$T$177,2,FALSE),"xxx"),"x","") -> , | L47: =_xlfn.IFNA(VLOOKUP(H47,$V$3:$W$38,2,FALSE),"xxx") -> xxx | M47: =_xlfn.IFNA(VLOOKUP(I47,$V$3:$W$38,2,FALSE),"xxx") -> xxx | N47: =_xlfn.IFNA(VLOOKUP(J47,$V$3:$W$38,2,FALSE),"xxx") -> xxx | O47: =_xlfn.IFNA(VLOOKUP(K47,$V$3:$W$38,2,FALSE),"xxx") -> xxx | P47: =$P$1&M47&","&N47&","&O47 -> 1:xxx,xxx,xxx | S47: 10048 | T47: 死亡挥砍
B48: 终局BOSS- | D48: 14802 | E48: =VLOOKUP(D48,怪物基本表!$D$7:$AO$276,38,FALSE) -> 33122 | F48: =SUBSTITUTE(IFERROR(VLOOKUP(INT(LEFT($E48,5)),$S$3:$T$177,2,FALSE),"xxx")&","&IFERROR(VLOOKUP(INT(MID($E48,7,5)),$S$3:$T$177,2,FALSE),"xxx")&IFERROR(VLOOKUP(INT(MID($E48,13,5)),$S$3:$T$177,2,FALSE),"xxx")&IFERROR(VLOOKUP(INT(MID($E48,19,5)),$S$3:$T$177,2,FALSE),"xxx"),"x","") -> , | L48: =_xlfn.IFNA(VLOOKUP(H48,$V$3:$W$38,2,FALSE),"xxx") -> xxx | M48: =_xlfn.IFNA(VLOOKUP(I48,$V$3:$W$38,2,FALSE),"xxx") -> xxx | N48: =_xlfn.IFNA(VLOOKUP(J48,$V$3:$W$38,2,FALSE),"xxx") -> xxx | O48: =_xlfn.IFNA(VLOOKUP(K48,$V$3:$W$38,2,FALSE),"xxx") -> xxx | P48: =$P$1&M48&","&N48&","&O48 -> 1:xxx,xxx,xxx | S48: 10049 | T48: 斩击 左
B49: 终局BOSS- | D49: 14803 | E49: =VLOOKUP(D49,怪物基本表!$D$7:$AO$276,38,FALSE) -> 33121 | F49: =SUBSTITUTE(IFERROR(VLOOKUP(INT(LEFT($E49,5)),$S$3:$T$177,2,FALSE),"xxx")&","&IFERROR(VLOOKUP(INT(MID($E49,7,5)),$S$3:$T$177,2,FALSE),"xxx")&IFERROR(VLOOKUP(INT(MID($E49,13,5)),$S$3:$T$177,2,FALSE),"xxx")&IFERROR(VLOOKUP(INT(MID($E49,19,5)),$S$3:$T$177,2,FALSE),"xxx"),"x","") -> , | L49: =_xlfn.IFNA(VLOOKUP(H49,$V$3:$W$38,2,FALSE),"xxx") -> xxx | M49: =_xlfn.IFNA(VLOOKUP(I49,$V$3:$W$38,2,FALSE),"xxx") -> xxx | N49: =_xlfn.IFNA(VLOOKUP(J49,$V$3:$W$38,2,FALSE),"xxx") -> xxx | O49: =_xlfn.IFNA(VLOOKUP(K49,$V$3:$W$38,2,FALSE),"xxx") -> xxx | P49: =$P$1&M49&","&N49&","&O49 -> 1:xxx,xxx,xxx | S49: 10050 | T49: 斩击 右
B50: 任务-熔喉献祭者 | D50: 14901 | E50: =VLOOKUP(D50,怪物基本表!$D$7:$AO$276,38,FALSE) -> 30001 | F50: =SUBSTITUTE(IFERROR(VLOOKUP(INT(LEFT($E50,5)),$S$3:$T$177,2,FALSE),"xxx")&","&IFERROR(VLOOKUP(INT(MID($E50,7,5)),$S$3:$T$177,2,FALSE),"xxx")&IFERROR(VLOOKUP(INT(MID($E50,13,5)),$S$3:$T$177,2,FALSE),"xxx")&IFERROR(VLOOKUP(INT(MID($E50,19,5)),$S$3:$T$177,2,FALSE),"xxx"),"x","") -> , | L50: =_xlfn.IFNA(VLOOKUP(H50,$V$3:$W$38,2,FALSE),"xxx") -> xxx | M50: =_xlfn.IFNA(VLOOKUP(I50,$V$3:$W$38,2,FALSE),"xxx") -> xxx | N50: =_xlfn.IFNA(VLOOKUP(J50,$V$3:$W$38,2,FALSE),"xxx") -> xxx | O50: =_xlfn.IFNA(VLOOKUP(K50,$V$3:$W$38,2,FALSE),"xxx") -> xxx | P50: =$P$1&M50&","&N50&","&O50 -> 1:xxx,xxx,xxx | S50: 10051 | T50: 碎颅 左
A51: 地下监牢新 （隐藏） | B51: 腹口裂尸 | C51: 固定精英 | D51: 40601 | E51: =VLOOKUP(D51,怪物基本表!$D$7:$AO$276,38,FALSE) -> 31401,31402 | F51: =SUBSTITUTE(IFERROR(VLOOKUP(INT(LEFT($E51,5)),$S$3:$T$177,2,FALSE),"xxx")&","&IFERROR(VLOOKUP(INT(MID($E51,7,5)),$S$3:$T$177,2,FALSE),"xxx")&IFERROR(VLOOKUP(INT(MID($E51,13,5)),$S$3:$T$177,2,FALSE),"xxx")&IFERROR(VLOOKUP(INT(MID($E51,19,5)),$S$3:$T$177,2,FALSE),"xxx"),"x","") -> , | H51: 【光环】生命回复 | I51: 冰冻强化 | J51: 冰霜护甲 | K51: 无法冻结 | L51: =_xlfn.IFNA(VLOOKUP(H51,$V$3:$W$38,2,FALSE),"xxx") -> 34 | M51: =_xlfn.IFNA(VLOOKUP(I51,$V$3:$W$38,2,FALSE),"xxx") -> 17 | N51: =_xlfn.IFNA(VLOOKUP(J51,$V$3:$W$38,2,FALSE),"xxx") -> 23 | O51: =_xlfn.IFNA(VLOOKUP(K51,$V$3:$W$38,2,FALSE),"xxx") -> 9 | P51: =$P$1&M51&","&N51&","&O51 -> 1:17,23,9 | S51: 10052 | T51: 碎颅 右
B52: 贪欲行尸 | C52: 固定精英 | D52: 40611 | E52: =VLOOKUP(D52,怪物基本表!$D$7:$AO$276,38,FALSE) -> 31411,31412 | F52: =SUBSTITUTE(IFERROR(VLOOKUP(INT(LEFT($E52,5)),$S$3:$T$177,2,FALSE),"xxx")&","&IFERROR(VLOOKUP(INT(MID($E52,7,5)),$S$3:$T$177,2,FALSE),"xxx")&IFERROR(VLOOKUP(INT(MID($E52,13,5)),$S$3:$T$177,2,FALSE),"xxx")&IFERROR(VLOOKUP(INT(MID($E52,19,5)),$S$3:$T$177,2,FALSE),"xxx"),"x","") -> , | H52: 【光环】抗性 | I52: 冰冻强化 | J52: 冰霜护甲 | K52: 免疫异常 | L52: =_xlfn.IFNA(VLOOKUP(H52,$V$3:$W$38,2,FALSE),"xxx") -> 35 | M52: =_xlfn.IFNA(VLOOKUP(I52,$V$3:$W$38,2,FALSE),"xxx") -> 17 | N52: =_xlfn.IFNA(VLOOKUP(J52,$V$3:$W$38,2,FALSE),"xxx") -> 23 | O52: =_xlfn.IFNA(VLOOKUP(K52,$V$3:$W$38,2,FALSE),"xxx") -> 10 | P52: =$P$1&M52&","&N52&","&O52 -> 1:17,23,10 | S52: 10053 | T52: 残忍挥击 左
B53: 缝合巨尸 | C53: BOSS | D53: 40701 | E53: =VLOOKUP(D53,怪物基本表!$D$7:$AO$276,38,FALSE) -> 30039,30041,30042 | F53: =SUBSTITUTE(IFERROR(VLOOKUP(INT(LEFT($E53,5)),$S$3:$T$177,2,FALSE),"xxx")&","&IFERROR(VLOOKUP(INT(MID($E53,7,5)),$S$3:$T$177,2,FALSE),"xxx")&IFERROR(VLOOKUP(INT(MID($E53,13,5)),$S$3:$T$177,2,FALSE),"xxx")&IFERROR(VLOOKUP(INT(MID($E53,19,5)),$S$3:$T$177,2,FALSE),"xxx"),"x","") -> , | L53: =_xlfn.IFNA(VLOOKUP(H53,$V$3:$W$38,2,FALSE),"xxx") -> xxx | M53: =_xlfn.IFNA(VLOOKUP(I53,$V$3:$W$38,2,FALSE),"xxx") -> xxx | N53: =_xlfn.IFNA(VLOOKUP(J53,$V$3:$W$38,2,FALSE),"xxx") -> xxx | O53: =_xlfn.IFNA(VLOOKUP(K53,$V$3:$W$38,2,FALSE),"xxx") -> xxx | P53: =$P$1&M53&","&N53&","&O53 -> 1:xxx,xxx,xxx | S53: 10054 | T53: 残忍挥击 右
B54: 屠夫 | C54: BOSS | D54: 40711 | E54: =VLOOKUP(D54,怪物基本表!$D$7:$AO$276,38,FALSE) -> 33101,33102,33104 | F54: =SUBSTITUTE(IFERROR(VLOOKUP(INT(LEFT($E54,5)),$S$3:$T$177,2,FALSE),"xxx")&","&IFERROR(VLOOKUP(INT(MID($E54,7,5)),$S$3:$T$177,2,FALSE),"xxx")&IFERROR(VLOOKUP(INT(MID($E54,13,5)),$S$3:$T$177,2,FALSE),"xxx")&IFERROR(VLOOKUP(INT(MID($E54,19,5)),$S$3:$T$177,2,FALSE),"xxx"),"x","") -> , | L54: =_xlfn.IFNA(VLOOKUP(H54,$V$3:$W$38,2,FALSE),"xxx") -> xxx | M54: =_xlfn.IFNA(VLOOKUP(I54,$V$3:$W$38,2,FALSE),"xxx") -> xxx | N54: =_xlfn.IFNA(VLOOKUP(J54,$V$3:$W$38,2,FALSE),"xxx") -> xxx | O54: =_xlfn.IFNA(VLOOKUP(K54,$V$3:$W$38,2,FALSE),"xxx") -> xxx | P54: =$P$1&M54&","&N54&","&O54 -> 1:xxx,xxx,xxx | S54: 10055 | T54: 狂暴之刃 左
A55: 奶牛关新 （隐藏） | B55: 精英牛头 | C55: 固定精英 | D55: 41601 | E55: =VLOOKUP(D55,怪物基本表!$D$7:$AO$276,38,FALSE) -> 30001 | F55: =SUBSTITUTE(IFERROR(VLOOKUP(INT(LEFT($E55,5)),$S$3:$T$177,2,FALSE),"xxx")&","&IFERROR(VLOOKUP(INT(MID($E55,7,5)),$S$3:$T$177,2,FALSE),"xxx")&IFERROR(VLOOKUP(INT(MID($E55,13,5)),$S$3:$T$177,2,FALSE),"xxx")&IFERROR(VLOOKUP(INT(MID($E55,19,5)),$S$3:$T$177,2,FALSE),"xxx"),"x","") -> , | I55: 【光环】物理增伤 | J55: 【光环】护盾 | K55: 【光环】精准 | L55: =_xlfn.IFNA(VLOOKUP(H55,$V$3:$W$38,2,FALSE),"xxx") -> xxx | M55: =_xlfn.IFNA(VLOOKUP(I55,$V$3:$W$38,2,FALSE),"xxx") -> 30 | N55: =_xlfn.IFNA(VLOOKUP(J55,$V$3:$W$38,2,FALSE),"xxx") -> 33 | O55: =_xlfn.IFNA(VLOOKUP(K55,$V$3:$W$38,2,FALSE),"xxx") -> 32 | P55: =$P$1&M55&","&N55&","&O55 -> 1:30,33,32 | S55: 10056 | T55: 狂暴之刃 右
B56: 精英牛头 | C56: 固定精英 | D56: 41611 | E56: =VLOOKUP(D56,怪物基本表!$D$7:$AO$276,38,FALSE) -> 30001 | F56: =SUBSTITUTE(IFERROR(VLOOKUP(INT(LEFT($E56,5)),$S$3:$T$177,2,FALSE),"xxx")&","&IFERROR(VLOOKUP(INT(MID($E56,7,5)),$S$3:$T$177,2,FALSE),"xxx")&IFERROR(VLOOKUP(INT(MID($E56,13,5)),$S$3:$T$177,2,FALSE),"xxx")&IFERROR(VLOOKUP(INT(MID($E56,19,5)),$S$3:$T$177,2,FALSE),"xxx"),"x","") -> , | I56: 【光环】生命回复 | J56: 【光环】抗性 | K56: 【光环】速度 | L56: =_xlfn.IFNA(VLOOKUP(H56,$V$3:$W$38,2,FALSE),"xxx") -> xxx | M56: =_xlfn.IFNA(VLOOKUP(I56,$V$3:$W$38,2,FALSE),"xxx") -> 34 | N56: =_xlfn.IFNA(VLOOKUP(J56,$V$3:$W$38,2,FALSE),"xxx") -> 35 | O56: =_xlfn.IFNA(VLOOKUP(K56,$V$3:$W$38,2,FALSE),"xxx") -> 31 | P56: =$P$1&M56&","&N56&","&O56 -> 1:34,35,31 | S56: 10057 | T56: 粉碎重击 左
B57: 奶牛王 | C57: BOSS | D57: 41701 | E57: =VLOOKUP(D57,怪物基本表!$D$7:$AO$276,38,FALSE) -> 33111,33112,33113,33114 | F57: =SUBSTITUTE(IFERROR(VLOOKUP(INT(LEFT($E57,5)),$S$3:$T$177,2,FALSE),"xxx")&","&IFERROR(VLOOKUP(INT(MID($E57,7,5)),$S$3:$T$177,2,FALSE),"xxx")&IFERROR(VLOOKUP(INT(MID($E57,13,5)),$S$3:$T$177,2,FALSE),"xxx")&IFERROR(VLOOKUP(INT(MID($E57,19,5)),$S$3:$T$177,2,FALSE),"xxx"),"x","") -> , | L57: =_xlfn.IFNA(VLOOKUP(H57,$V$3:$W$38,2,FALSE),"xxx") -> xxx | M57: =_xlfn.IFNA(VLOOKUP(I57,$V$3:$W$38,2,FALSE),"xxx") -> xxx | N57: =_xlfn.IFNA(VLOOKUP(J57,$V$3:$W$38,2,FALSE),"xxx") -> xxx | O57: =_xlfn.IFNA(VLOOKUP(K57,$V$3:$W$38,2,FALSE),"xxx") -> xxx | P57: =$P$1&M57&","&N57&","&O57 -> 1:xxx,xxx,xxx | S57: 10058 | T57: 粉碎重击 右
A58: ACT1新 | B58: 普通骷髅 | D58: 10001 | E58: =VLOOKUP(D58,怪物基本表!$D$7:$AO$276,38,FALSE) -> 30001,30002 | F58: =SUBSTITUTE(IFERROR(VLOOKUP(INT(LEFT($E58,5)),$S$3:$T$177,2,FALSE),"xxx")&","&IFERROR(VLOOKUP(INT(MID($E58,7,5)),$S$3:$T$177,2,FALSE),"xxx")&IFERROR(VLOOKUP(INT(MID($E58,13,5)),$S$3:$T$177,2,FALSE),"xxx")&IFERROR(VLOOKUP(INT(MID($E58,19,5)),$S$3:$T$177,2,FALSE),"xxx"),"x","") -> , | H58: 特别强壮 | I58: 皮肤硬化 | L58: =_xlfn.IFNA(VLOOKUP(H58,$V$3:$W$38,2,FALSE),"xxx") -> 1 | M58: =_xlfn.IFNA(VLOOKUP(I58,$V$3:$W$38,2,FALSE),"xxx") -> 3 | N58: =_xlfn.IFNA(VLOOKUP(J58,$V$3:$W$38,2,FALSE),"xxx") -> xxx | O58: =_xlfn.IFNA(VLOOKUP(K58,$V$3:$W$38,2,FALSE),"xxx") -> xxx | P58: =$P$1&M58&","&N58&","&O58 -> 1:3,xxx,xxx | S58: 10059 | T58: 火炬攻击
B59: 骷髅盾卫 | D59: 10011 | E59: =VLOOKUP(D59,怪物基本表!$D$7:$AO$276,38,FALSE) -> 30001,30002 | F59: =SUBSTITUTE(IFERROR(VLOOKUP(INT(LEFT($E59,5)),$S$3:$T$177,2,FALSE),"xxx")&","&IFERROR(VLOOKUP(INT(MID($E59,7,5)),$S$3:$T$177,2,FALSE),"xxx")&IFERROR(VLOOKUP(INT(MID($E59,13,5)),$S$3:$T$177,2,FALSE),"xxx")&IFERROR(VLOOKUP(INT(MID($E59,19,5)),$S$3:$T$177,2,FALSE),"xxx"),"x","") -> , | H59: 皮肤硬化 | I59: 生命再生 | L59: =_xlfn.IFNA(VLOOKUP(H59,$V$3:$W$38,2,FALSE),"xxx") -> 3 | M59: =_xlfn.IFNA(VLOOKUP(I59,$V$3:$W$38,2,FALSE),"xxx") -> 5 | N59: =_xlfn.IFNA(VLOOKUP(J59,$V$3:$W$38,2,FALSE),"xxx") -> xxx | O59: =_xlfn.IFNA(VLOOKUP(K59,$V$3:$W$38,2,FALSE),"xxx") -> xxx | P59: =$P$1&M59&","&N59&","&O59 -> 1:5,xxx,xxx | S59: 10060 | T59: 火炬攻击
B60: 骷髅战士 | D60: 10021 | E60: =VLOOKUP(D60,怪物基本表!$D$7:$AO$276,38,FALSE) -> 30013,30014 | F60: =SUBSTITUTE(IFERROR(VLOOKUP(INT(LEFT($E60,5)),$S$3:$T$177,2,FALSE),"xxx")&","&IFERROR(VLOOKUP(INT(MID($E60,7,5)),$S$3:$T$177,2,FALSE),"xxx")&IFERROR(VLOOKUP(INT(MID($E60,13,5)),$S$3:$T$177,2,FALSE),"xxx")&IFERROR(VLOOKUP(INT(MID($E60,19,5)),$S$3:$T$177,2,FALSE),"xxx"),"x","") -> , | H60: 特别强壮 | I60: 复仇者 | L60: =_xlfn.IFNA(VLOOKUP(H60,$V$3:$W$38,2,FALSE),"xxx") -> 1 | M60: =_xlfn.IFNA(VLOOKUP(I60,$V$3:$W$38,2,FALSE),"xxx") -> 11 | N60: =_xlfn.IFNA(VLOOKUP(J60,$V$3:$W$38,2,FALSE),"xxx") -> xxx | O60: =_xlfn.IFNA(VLOOKUP(K60,$V$3:$W$38,2,FALSE),"xxx") -> xxx | P60: =$P$1&M60&","&N60&","&O60 -> 1:11,xxx,xxx | S60: 10061 | T60: 火炬攻击
B61: 骷髅弓手 | D61: 10031 | E61: =VLOOKUP(D61,怪物基本表!$D$7:$AO$276,38,FALSE) -> 46041 | F61: =SUBSTITUTE(IFERROR(VLOOKUP(INT(LEFT($E61,5)),$S$3:$T$177,2,FALSE),"xxx")&","&IFERROR(VLOOKUP(INT(MID($E61,7,5)),$S$3:$T$177,2,FALSE),"xxx")&IFERROR(VLOOKUP(INT(MID($E61,13,5)),$S$3:$T$177,2,FALSE),"xxx")&IFERROR(VLOOKUP(INT(MID($E61,19,5)),$S$3:$T$177,2,FALSE),"xxx"),"x","") -> , | H61: 精准 | I61: 多重射击 | L61: =_xlfn.IFNA(VLOOKUP(H61,$V$3:$W$38,2,FALSE),"xxx") -> 4 | M61: =_xlfn.IFNA(VLOOKUP(I61,$V$3:$W$38,2,FALSE),"xxx") -> 6 | N61: =_xlfn.IFNA(VLOOKUP(J61,$V$3:$W$38,2,FALSE),"xxx") -> xxx | O61: =_xlfn.IFNA(VLOOKUP(K61,$V$3:$W$38,2,FALSE),"xxx") -> xxx | P61: =$P$1&M61&","&N61&","&O61 -> 1:6,xxx,xxx | S61: 10062 | T61: 火炬攻击
B62: 骷髅法师 | D62: 10041 | E62: =VLOOKUP(D62,怪物基本表!$D$7:$AO$276,38,FALSE) -> 30073 | F62: =SUBSTITUTE(IFERROR(VLOOKUP(INT(LEFT($E62,5)),$S$3:$T$177,2,FALSE),"xxx")&","&IFERROR(VLOOKUP(INT(MID($E62,7,5)),$S$3:$T$177,2,FALSE),"xxx")&IFERROR(VLOOKUP(INT(MID($E62,13,5)),$S$3:$T$177,2,FALSE),"xxx")&IFERROR(VLOOKUP(INT(MID($E62,19,5)),$S$3:$T$177,2,FALSE),"xxx"),"x","") -> , | H62: 元素附体 | I62: 元素抗性 | L62: =_xlfn.IFNA(VLOOKUP(H62,$V$3:$W$38,2,FALSE),"xxx") -> 14 | M62: =_xlfn.IFNA(VLOOKUP(I62,$V$3:$W$38,2,FALSE),"xxx") -> 15 | N62: =_xlfn.IFNA(VLOOKUP(J62,$V$3:$W$38,2,FALSE),"xxx") -> xxx | O62: =_xlfn.IFNA(VLOOKUP(K62,$V$3:$W$38,2,FALSE),"xxx") -> xxx | P62: =$P$1&M62&","&N62&","&O62 -> 1:15,xxx,xxx | S62: 10063 | T62: 火炬攻击
B63: 骷髅刺客 | D63: 10051 | E63: =VLOOKUP(D63,怪物基本表!$D$7:$AO$276,38,FALSE) -> 30001,30002 | F63: =SUBSTITUTE(IFERROR(VLOOKUP(INT(LEFT($E63,5)),$S$3:$T$177,2,FALSE),"xxx")&","&IFERROR(VLOOKUP(INT(MID($E63,7,5)),$S$3:$T$177,2,FALSE),"xxx")&IFERROR(VLOOKUP(INT(MID($E63,13,5)),$S$3:$T$177,2,FALSE),"xxx")&IFERROR(VLOOKUP(INT(MID($E63,19,5)),$S$3:$T$177,2,FALSE),"xxx"),"x","") -> , | H63: 复仇者 | I63: 撕裂 | L63: =_xlfn.IFNA(VLOOKUP(H63,$V$3:$W$38,2,FALSE),"xxx") -> 11 | M63: =_xlfn.IFNA(VLOOKUP(I63,$V$3:$W$38,2,FALSE),"xxx") -> 27 | N63: =_xlfn.IFNA(VLOOKUP(J63,$V$3:$W$38,2,FALSE),"xxx") -> xxx | O63: =_xlfn.IFNA(VLOOKUP(K63,$V$3:$W$38,2,FALSE),"xxx") -> xxx | P63: =$P$1&M63&","&N63&","&O63 -> 1:27,xxx,xxx | S63: 10064 | T63: 火炬攻击
B64: 中级骷髅战士 | D64: 10061 | E64: =VLOOKUP(D64,怪物基本表!$D$7:$AO$276,38,FALSE) -> 30009,30010 | F64: =SUBSTITUTE(IFERROR(VLOOKUP(INT(LEFT($E64,5)),$S$3:$T$177,2,FALSE),"xxx")&","&IFERROR(VLOOKUP(INT(MID($E64,7,5)),$S$3:$T$177,2,FALSE),"xxx")&IFERROR(VLOOKUP(INT(MID($E64,13,5)),$S$3:$T$177,2,FALSE),"xxx")&IFERROR(VLOOKUP(INT(MID($E64,19,5)),$S$3:$T$177,2,FALSE),"xxx"),"x","") -> , | H64: 特别强壮 | I64: 复仇者 | L64: =_xlfn.IFNA(VLOOKUP(H64,$V$3:$W$38,2,FALSE),"xxx") -> 1 | M64: =_xlfn.IFNA(VLOOKUP(I64,$V$3:$W$38,2,FALSE),"xxx") -> 11 | N64: =_xlfn.IFNA(VLOOKUP(J64,$V$3:$W$38,2,FALSE),"xxx") -> xxx | O64: =_xlfn.IFNA(VLOOKUP(K64,$V$3:$W$38,2,FALSE),"xxx") -> xxx | P64: =$P$1&M64&","&N64&","&O64 -> 1:11,xxx,xxx | S64: 10065 | T64: 火炬攻击
B65: 骷髅长刀 | D65: 10071 | E65: =VLOOKUP(D65,怪物基本表!$D$7:$AO$276,38,FALSE) -> 30013,30014 | F65: =SUBSTITUTE(IFERROR(VLOOKUP(INT(LEFT($E65,5)),$S$3:$T$177,2,FALSE),"xxx")&","&IFERROR(VLOOKUP(INT(MID($E65,7,5)),$S$3:$T$177,2,FALSE),"xxx")&IFERROR(VLOOKUP(INT(MID($E65,13,5)),$S$3:$T$177,2,FALSE),"xxx")&IFERROR(VLOOKUP(INT(MID($E65,19,5)),$S$3:$T$177,2,FALSE),"xxx"),"x","") -> , | H65: 衰老 | I65: 无法眩晕 | L65: =_xlfn.IFNA(VLOOKUP(H65,$V$3:$W$38,2,FALSE),"xxx") -> 25 | M65: =_xlfn.IFNA(VLOOKUP(I65,$V$3:$W$38,2,FALSE),"xxx") -> 8 | N65: =_xlfn.IFNA(VLOOKUP(J65,$V$3:$W$38,2,FALSE),"xxx") -> xxx | O65: =_xlfn.IFNA(VLOOKUP(K65,$V$3:$W$38,2,FALSE),"xxx") -> xxx | P65: =$P$1&M65&","&N65&","&O65 -> 1:8,xxx,xxx | S65: 10066 | T65: 火炬攻击
B66: 行尸 | D66: 10501 | E66: =VLOOKUP(D66,怪物基本表!$D$7:$AO$276,38,FALSE) -> 30022 | F66: =SUBSTITUTE(IFERROR(VLOOKUP(INT(LEFT($E66,5)),$S$3:$T$177,2,FALSE),"xxx")&","&IFERROR(VLOOKUP(INT(MID($E66,7,5)),$S$3:$T$177,2,FALSE),"xxx")&IFERROR(VLOOKUP(INT(MID($E66,13,5)),$S$3:$T$177,2,FALSE),"xxx")&IFERROR(VLOOKUP(INT(MID($E66,19,5)),$S$3:$T$177,2,FALSE),"xxx"),"x","") -> , | H66: 生命再生 | I66: 免疫异常 | L66: =_xlfn.IFNA(VLOOKUP(H66,$V$3:$W$38,2,FALSE),"xxx") -> 5 | M66: =_xlfn.IFNA(VLOOKUP(I66,$V$3:$W$38,2,FALSE),"xxx") -> 10 | N66: =_xlfn.IFNA(VLOOKUP(J66,$V$3:$W$38,2,FALSE),"xxx") -> xxx | O66: =_xlfn.IFNA(VLOOKUP(K66,$V$3:$W$38,2,FALSE),"xxx") -> xxx | P66: =$P$1&M66&","&N66&","&O66 -> 1:10,xxx,xxx | S66: 10067 | T66: 火炬攻击
B67: 高级行尸 | D67: 10511 | E67: =VLOOKUP(D67,怪物基本表!$D$7:$AO$276,38,FALSE) -> 30025 | F67: =SUBSTITUTE(IFERROR(VLOOKUP(INT(LEFT($E67,5)),$S$3:$T$177,2,FALSE),"xxx")&","&IFERROR(VLOOKUP(INT(MID($E67,7,5)),$S$3:$T$177,2,FALSE),"xxx")&IFERROR(VLOOKUP(INT(MID($E67,13,5)),$S$3:$T$177,2,FALSE),"xxx")&IFERROR(VLOOKUP(INT(MID($E67,19,5)),$S$3:$T$177,2,FALSE),"xxx"),"x","") -> , | H67: 生命再生 | I67: 免疫异常 | J67: 幽灵 | L67: =_xlfn.IFNA(VLOOKUP(H67,$V$3:$W$38,2,FALSE),"xxx") -> 5 | M67: =_xlfn.IFNA(VLOOKUP(I67,$V$3:$W$38,2,FALSE),"xxx") -> 10 | N67: =_xlfn.IFNA(VLOOKUP(J67,$V$3:$W$38,2,FALSE),"xxx") -> 16 | O67: =_xlfn.IFNA(VLOOKUP(K67,$V$3:$W$38,2,FALSE),"xxx") -> xxx | P67: =$P$1&M67&","&N67&","&O67 -> 1:10,16,xxx | S67: 10068 | T67: 火炬攻击
B68: 食腐犬 | D68: 10521 | E68: =VLOOKUP(D68,怪物基本表!$D$7:$AO$276,38,FALSE) -> 30001,30002 | F68: =SUBSTITUTE(IFERROR(VLOOKUP(INT(LEFT($E68,5)),$S$3:$T$177,2,FALSE),"xxx")&","&IFERROR(VLOOKUP(INT(MID($E68,7,5)),$S$3:$T$177,2,FALSE),"xxx")&IFERROR(VLOOKUP(INT(MID($E68,13,5)),$S$3:$T$177,2,FALSE),"xxx")&IFERROR(VLOOKUP(INT(MID($E68,19,5)),$S$3:$T$177,2,FALSE),"xxx"),"x","") -> , | H68: 生命再生 | I68: 狂暴 | J68: 恶毒 | L68: =_xlfn.IFNA(VLOOKUP(H68,$V$3:$W$38,2,FALSE),"xxx") -> 5 | M68: =_xlfn.IFNA(VLOOKUP(I68,$V$3:$W$38,2,FALSE),"xxx") -> 13 | N68: =_xlfn.IFNA(VLOOKUP(J68,$V$3:$W$38,2,FALSE),"xxx") -> 26 | O68: =_xlfn.IFNA(VLOOKUP(K68,$V$3:$W$38,2,FALSE),"xxx") -> xxx | P68: =$P$1&M68&","&N68&","&O68 -> 1:13,26,xxx | S68: 10069 | T68: 火炬攻击
B69: 自爆僵尸 | D69: 10531 | E69: =VLOOKUP(D69,怪物基本表!$D$7:$AO$276,38,FALSE) -> 30026,30027 | F69: =SUBSTITUTE(IFERROR(VLOOKUP(INT(LEFT($E69,5)),$S$3:$T$177,2,FALSE),"xxx")&","&IFERROR(VLOOKUP(INT(MID($E69,7,5)),$S$3:$T$177,2,FALSE),"xxx")&IFERROR(VLOOKUP(INT(MID($E69,13,5)),$S$3:$T$177,2,FALSE),"xxx")&IFERROR(VLOOKUP(INT(MID($E69,19,5)),$S$3:$T$177,2,FALSE),"xxx"),"x","") -> , | H69: 免疫异常 | I69: 狂暴 | J69: 特别快速 | L69: =_xlfn.IFNA(VLOOKUP(H69,$V$3:$W$38,2,FALSE),"xxx") -> 10 | M69: =_xlfn.IFNA(VLOOKUP(I69,$V$3:$W$38,2,FALSE),"xxx") -> 13 | N69: =_xlfn.IFNA(VLOOKUP(J69,$V$3:$W$38,2,FALSE),"xxx") -> 2 | O69: =_xlfn.IFNA(VLOOKUP(K69,$V$3:$W$38,2,FALSE),"xxx") -> xxx | P69: =$P$1&M69&","&N69&","&O69 -> 1:13,2,xxx | S69: 10070 | T69: 火炬攻击
A70: ACT2新 | B70: 原住民 | C70: 普通小怪 | D70: 11001 | E70: =VLOOKUP(D70,怪物基本表!$D$7:$AO$276,38,FALSE) -> 30001 | F70: =SUBSTITUTE(IFERROR(VLOOKUP(INT(LEFT($E70,5)),$S$3:$T$177,2,FALSE),"xxx")&","&IFERROR(VLOOKUP(INT(MID($E70,7,5)),$S$3:$T$177,2,FALSE),"xxx")&IFERROR(VLOOKUP(INT(MID($E70,13,5)),$S$3:$T$177,2,FALSE),"xxx")&IFERROR(VLOOKUP(INT(MID($E70,19,5)),$S$3:$T$177,2,FALSE),"xxx"),"x","") -> , | H70: 特别强壮 | I70: 皮肤硬化 | L70: =_xlfn.IFNA(VLOOKUP(H70,$V$3:$W$38,2,FALSE),"xxx") -> 1 | M70: =_xlfn.IFNA(VLOOKUP(I70,$V$3:$W$38,2,FALSE),"xxx") -> 3 | N70: =_xlfn.IFNA(VLOOKUP(J70,$V$3:$W$38,2,FALSE),"xxx") -> xxx | O70: =_xlfn.IFNA(VLOOKUP(K70,$V$3:$W$38,2,FALSE),"xxx") -> xxx | P70: =$P$1&M70&","&N70&","&O70 -> 1:3,xxx,xxx | S70: 20028 | T70: 蝮蛇之毒
B71: 原住民胖子 | C71: 肉盾 | D71: 11011 | E71: =VLOOKUP(D71,怪物基本表!$D$7:$AO$276,38,FALSE) -> 30001 | F71: =SUBSTITUTE(IFERROR(VLOOKUP(INT(LEFT($E71,5)),$S$3:$T$177,2,FALSE),"xxx")&","&IFERROR(VLOOKUP(INT(MID($E71,7,5)),$S$3:$T$177,2,FALSE),"xxx")&IFERROR(VLOOKUP(INT(MID($E71,13,5)),$S$3:$T$177,2,FALSE),"xxx")&IFERROR(VLOOKUP(INT(MID($E71,19,5)),$S$3:$T$177,2,FALSE),"xxx"),"x","") -> , | H71: 生命再生 | I71: 免疫异常 | L71: =_xlfn.IFNA(VLOOKUP(H71,$V$3:$W$38,2,FALSE),"xxx") -> 5 | M71: =_xlfn.IFNA(VLOOKUP(I71,$V$3:$W$38,2,FALSE),"xxx") -> 10 | N71: =_xlfn.IFNA(VLOOKUP(J71,$V$3:$W$38,2,FALSE),"xxx") -> xxx | O71: =_xlfn.IFNA(VLOOKUP(K71,$V$3:$W$38,2,FALSE),"xxx") -> xxx | P71: =$P$1&M71&","&N71&","&O71 -> 1:10,xxx,xxx | S71: 200281 | T71: 毒爆发表现
B72: 老鼠 | C72: 突袭怪 | D72: 11021 | E72: =VLOOKUP(D72,怪物基本表!$D$7:$AO$276,38,FALSE) -> 30001 | F72: =SUBSTITUTE(IFERROR(VLOOKUP(INT(LEFT($E72,5)),$S$3:$T$177,2,FALSE),"xxx")&","&IFERROR(VLOOKUP(INT(MID($E72,7,5)),$S$3:$T$177,2,FALSE),"xxx")&IFERROR(VLOOKUP(INT(MID($E72,13,5)),$S$3:$T$177,2,FALSE),"xxx")&IFERROR(VLOOKUP(INT(MID($E72,19,5)),$S$3:$T$177,2,FALSE),"xxx"),"x","") -> , | H72: 狂暴 | I72: 幽灵 | L72: =_xlfn.IFNA(VLOOKUP(H72,$V$3:$W$38,2,FALSE),"xxx") -> 13 | M72: =_xlfn.IFNA(VLOOKUP(I72,$V$3:$W$38,2,FALSE),"xxx") -> 16 | N72: =_xlfn.IFNA(VLOOKUP(J72,$V$3:$W$38,2,FALSE),"xxx") -> xxx | O72: =_xlfn.IFNA(VLOOKUP(K72,$V$3:$W$38,2,FALSE),"xxx") -> xxx | P72: =$P$1&M72&","&N72&","&O72 -> 1:16,xxx,xxx | S72: 20029 | T72: 召唤狼
B73: 裂口恶犬 | C73: 刺客 | D73: 11031 | E73: =VLOOKUP(D73,怪物基本表!$D$7:$AO$276,38,FALSE) -> 30001 | F73: =SUBSTITUTE(IFERROR(VLOOKUP(INT(LEFT($E73,5)),$S$3:$T$177,2,FALSE),"xxx")&","&IFERROR(VLOOKUP(INT(MID($E73,7,5)),$S$3:$T$177,2,FALSE),"xxx")&IFERROR(VLOOKUP(INT(MID($E73,13,5)),$S$3:$T$177,2,FALSE),"xxx")&IFERROR(VLOOKUP(INT(MID($E73,19,5)),$S$3:$T$177,2,FALSE),"xxx"),"x","") -> , | H73: 撕裂 | I73: 衰变之刃 | L73: =_xlfn.IFNA(VLOOKUP(H73,$V$3:$W$38,2,FALSE),"xxx") -> 27 | M73: =_xlfn.IFNA(VLOOKUP(I73,$V$3:$W$38,2,FALSE),"xxx") -> 12 | N73: =_xlfn.IFNA(VLOOKUP(J73,$V$3:$W$38,2,FALSE),"xxx") -> xxx | O73: =_xlfn.IFNA(VLOOKUP(K73,$V$3:$W$38,2,FALSE),"xxx") -> xxx | P73: =$P$1&M73&","&N73&","&O73 -> 1:12,xxx,xxx | S73: 200291 | T73: 狼普攻
B74: 虫人 | C74: 进阶小怪 | D74: 11201 | E74: =VLOOKUP(D74,怪物基本表!$D$7:$AO$276,38,FALSE) -> 30001 | F74: =SUBSTITUTE(IFERROR(VLOOKUP(INT(LEFT($E74,5)),$S$3:$T$177,2,FALSE),"xxx")&","&IFERROR(VLOOKUP(INT(MID($E74,7,5)),$S$3:$T$177,2,FALSE),"xxx")&IFERROR(VLOOKUP(INT(MID($E74,13,5)),$S$3:$T$177,2,FALSE),"xxx")&IFERROR(VLOOKUP(INT(MID($E74,19,5)),$S$3:$T$177,2,FALSE),"xxx"),"x","") -> , | H74: 特别强壮 | I74: 特别快速 | L74: =_xlfn.IFNA(VLOOKUP(H74,$V$3:$W$38,2,FALSE),"xxx") -> 1 | M74: =_xlfn.IFNA(VLOOKUP(I74,$V$3:$W$38,2,FALSE),"xxx") -> 2 | N74: =_xlfn.IFNA(VLOOKUP(J74,$V$3:$W$38,2,FALSE),"xxx") -> xxx | O74: =_xlfn.IFNA(VLOOKUP(K74,$V$3:$W$38,2,FALSE),"xxx") -> xxx | P74: =$P$1&M74&","&N74&","&O74 -> 1:2,xxx,xxx | S74: 200292 | T74: 狼吼叫
B75: 虫族猎杀者 | C75: 战士 | D75: 11211 | E75: =VLOOKUP(D75,怪物基本表!$D$7:$AO$276,38,FALSE) -> 30001 | F75: =SUBSTITUTE(IFERROR(VLOOKUP(INT(LEFT($E75,5)),$S$3:$T$177,2,FALSE),"xxx")&","&IFERROR(VLOOKUP(INT(MID($E75,7,5)),$S$3:$T$177,2,FALSE),"xxx")&IFERROR(VLOOKUP(INT(MID($E75,13,5)),$S$3:$T$177,2,FALSE),"xxx")&IFERROR(VLOOKUP(INT(MID($E75,19,5)),$S$3:$T$177,2,FALSE),"xxx"),"x","") -> , | H75: 物理强化 | I75: 复仇者 | L75: =_xlfn.IFNA(VLOOKUP(H75,$V$3:$W$38,2,FALSE),"xxx") -> 21 | M75: =_xlfn.IFNA(VLOOKUP(I75,$V$3:$W$38,2,FALSE),"xxx") -> 11 | N75: =_xlfn.IFNA(VLOOKUP(J75,$V$3:$W$38,2,FALSE),"xxx") -> xxx | O75: =_xlfn.IFNA(VLOOKUP(K75,$V$3:$W$38,2,FALSE),"xxx") -> xxx | P75: =$P$1&M75&","&N75&","&O75 -> 1:11,xxx,xxx | S75: 20030 | T75: 闪避
B76: 虫人长矛 | C76: 远距战士 | D76: 11221 | E76: =VLOOKUP(D76,怪物基本表!$D$7:$AO$276,38,FALSE) -> 30013,30014 | F76: =SUBSTITUTE(IFERROR(VLOOKUP(INT(LEFT($E76,5)),$S$3:$T$177,2,FALSE),"xxx")&","&IFERROR(VLOOKUP(INT(MID($E76,7,5)),$S$3:$T$177,2,FALSE),"xxx")&IFERROR(VLOOKUP(INT(MID($E76,13,5)),$S$3:$T$177,2,FALSE),"xxx")&IFERROR(VLOOKUP(INT(MID($E76,19,5)),$S$3:$T$177,2,FALSE),"xxx"),"x","") -> , | H76: 精准 | I76: 多重射击 | L76: =_xlfn.IFNA(VLOOKUP(H76,$V$3:$W$38,2,FALSE),"xxx") -> 4 | M76: =_xlfn.IFNA(VLOOKUP(I76,$V$3:$W$38,2,FALSE),"xxx") -> 6 | N76: =_xlfn.IFNA(VLOOKUP(J76,$V$3:$W$38,2,FALSE),"xxx") -> xxx | O76: =_xlfn.IFNA(VLOOKUP(K76,$V$3:$W$38,2,FALSE),"xxx") -> xxx | P76: =$P$1&M76&","&N76&","&O76 -> 1:6,xxx,xxx | S76: 200301 | T76: 闪避射箭
B77: 驯虫师 | C77: 盾卫战士 | D77: 11231 | E77: =VLOOKUP(D77,怪物基本表!$D$7:$AO$276,38,FALSE) -> 30151,30010 | F77: =SUBSTITUTE(IFERROR(VLOOKUP(INT(LEFT($E77,5)),$S$3:$T$177,2,FALSE),"xxx")&","&IFERROR(VLOOKUP(INT(MID($E77,7,5)),$S$3:$T$177,2,FALSE),"xxx")&IFERROR(VLOOKUP(INT(MID($E77,13,5)),$S$3:$T$177,2,FALSE),"xxx")&IFERROR(VLOOKUP(INT(MID($E77,19,5)),$S$3:$T$177,2,FALSE),"xxx"),"x","") -> , | H77: 护盾 | I77: 皮肤硬化 | L77: =_xlfn.IFNA(VLOOKUP(H77,$V$3:$W$38,2,FALSE),"xxx") -> 7 | M77: =_xlfn.IFNA(VLOOKUP(I77,$V$3:$W$38,2,FALSE),"xxx") -> 3 | N77: =_xlfn.IFNA(VLOOKUP(J77,$V$3:$W$38,2,FALSE),"xxx") -> xxx | O77: =_xlfn.IFNA(VLOOKUP(K77,$V$3:$W$38,2,FALSE),"xxx") -> xxx | P77: =$P$1&M77&","&N77&","&O77 -> 1:3,xxx,xxx | S77: 20031 | T77: 衰老诅咒
B78: 变异蟑螂 | C78: 肉盾 | D78: 11241 | E78: =VLOOKUP(D78,怪物基本表!$D$7:$AO$276,38,FALSE) -> 30025 | F78: =SUBSTITUTE(IFERROR(VLOOKUP(INT(LEFT($E78,5)),$S$3:$T$177,2,FALSE),"xxx")&","&IFERROR(VLOOKUP(INT(MID($E78,7,5)),$S$3:$T$177,2,FALSE),"xxx")&IFERROR(VLOOKUP(INT(MID($E78,13,5)),$S$3:$T$177,2,FALSE),"xxx")&IFERROR(VLOOKUP(INT(MID($E78,19,5)),$S$3:$T$177,2,FALSE),"xxx"),"x","") -> , | H78: 生命再生 | I78: 幽灵 | L78: =_xlfn.IFNA(VLOOKUP(H78,$V$3:$W$38,2,FALSE),"xxx") -> 5 | M78: =_xlfn.IFNA(VLOOKUP(I78,$V$3:$W$38,2,FALSE),"xxx") -> 16 | N78: =_xlfn.IFNA(VLOOKUP(J78,$V$3:$W$38,2,FALSE),"xxx") -> xxx | O78: =_xlfn.IFNA(VLOOKUP(K78,$V$3:$W$38,2,FALSE),"xxx") -> xxx | P78: =$P$1&M78&","&N78&","&O78 -> 1:16,xxx,xxx | S78: 20032 | T78: 虚弱诅咒
B79: 远程蠕虫 | C79: 法师 | D79: 11251 | E79: =VLOOKUP(D79,怪物基本表!$D$7:$AO$276,38,FALSE) -> 30095 | F79: =SUBSTITUTE(IFERROR(VLOOKUP(INT(LEFT($E79,5)),$S$3:$T$177,2,FALSE),"xxx")&","&IFERROR(VLOOKUP(INT(MID($E79,7,5)),$S$3:$T$177,2,FALSE),"xxx")&IFERROR(VLOOKUP(INT(MID($E79,13,5)),$S$3:$T$177,2,FALSE),"xxx")&IFERROR(VLOOKUP(INT(MID($E79,19,5)),$S$3:$T$177,2,FALSE),"xxx"),"x","") -> , | H79: 恶毒 | I79: 衰老 | L79: =_xlfn.IFNA(VLOOKUP(H79,$V$3:$W$38,2,FALSE),"xxx") -> 26 | M79: =_xlfn.IFNA(VLOOKUP(I79,$V$3:$W$38,2,FALSE),"xxx") -> 25 | N79: =_xlfn.IFNA(VLOOKUP(J79,$V$3:$W$38,2,FALSE),"xxx") -> xxx | O79: =_xlfn.IFNA(VLOOKUP(K79,$V$3:$W$38,2,FALSE),"xxx") -> xxx | P79: =$P$1&M79&","&N79&","&O79 -> 1:25,xxx,xxx | S79: 20033 | T79: 猎神赐福
B80: 远程蠕虫分裂 | C80: 法师 | D80: 11252 | E80: =VLOOKUP(D80,怪物基本表!$D$7:$AO$276,38,FALSE) -> 30095 | F80: =SUBSTITUTE(IFERROR(VLOOKUP(INT(LEFT($E80,5)),$S$3:$T$177,2,FALSE),"xxx")&","&IFERROR(VLOOKUP(INT(MID($E80,7,5)),$S$3:$T$177,2,FALSE),"xxx")&IFERROR(VLOOKUP(INT(MID($E80,13,5)),$S$3:$T$177,2,FALSE),"xxx")&IFERROR(VLOOKUP(INT(MID($E80,19,5)),$S$3:$T$177,2,FALSE),"xxx"),"x","") -> , | H80: 恶毒 | I80: 衰老 | L80: =_xlfn.IFNA(VLOOKUP(H80,$V$3:$W$38,2,FALSE),"xxx") -> 26 | M80: =_xlfn.IFNA(VLOOKUP(I80,$V$3:$W$38,2,FALSE),"xxx") -> 25 | N80: =_xlfn.IFNA(VLOOKUP(J80,$V$3:$W$38,2,FALSE),"xxx") -> xxx | O80: =_xlfn.IFNA(VLOOKUP(K80,$V$3:$W$38,2,FALSE),"xxx") -> xxx | P80: =$P$1&M80&","&N80&","&O80 -> 1:25,xxx,xxx | S80: 200331 | T80: 结束一圈箭
B81: 近战蠕虫 | C81: 近战 | D81: 11261 | E81: =VLOOKUP(D81,怪物基本表!$D$7:$AO$276,38,FALSE) -> 30001 | F81: =SUBSTITUTE(IFERROR(VLOOKUP(INT(LEFT($E81,5)),$S$3:$T$177,2,FALSE),"xxx")&","&IFERROR(VLOOKUP(INT(MID($E81,7,5)),$S$3:$T$177,2,FALSE),"xxx")&IFERROR(VLOOKUP(INT(MID($E81,13,5)),$S$3:$T$177,2,FALSE),"xxx")&IFERROR(VLOOKUP(INT(MID($E81,19,5)),$S$3:$T$177,2,FALSE),"xxx"),"x","") -> , | H81: 衰老 | I81: 恶毒 | L81: =_xlfn.IFNA(VLOOKUP(H81,$V$3:$W$38,2,FALSE),"xxx") -> 25 | M81: =_xlfn.IFNA(VLOOKUP(I81,$V$3:$W$38,2,FALSE),"xxx") -> 26 | N81: =_xlfn.IFNA(VLOOKUP(J81,$V$3:$W$38,2,FALSE),"xxx") -> xxx | O81: =_xlfn.IFNA(VLOOKUP(K81,$V$3:$W$38,2,FALSE),"xxx") -> xxx | P81: =$P$1&M81&","&N81&","&O81 -> 1:26,xxx,xxx | S81: 20034 | T81: 剧毒新星
B82: 近战蠕虫分裂 | C82: 近战 | D82: 11262 | E82: =VLOOKUP(D82,怪物基本表!$D$7:$AO$276,38,FALSE) -> 30001 | F82: =SUBSTITUTE(IFERROR(VLOOKUP(INT(LEFT($E82,5)),$S$3:$T$177,2,FALSE),"xxx")&","&IFERROR(VLOOKUP(INT(MID($E82,7,5)),$S$3:$T$177,2,FALSE),"xxx")&IFERROR(VLOOKUP(INT(MID($E82,13,5)),$S$3:$T$177,2,FALSE),"xxx")&IFERROR(VLOOKUP(INT(MID($E82,19,5)),$S$3:$T$177,2,FALSE),"xxx"),"x","") -> , | H82: 衰老 | I82: 恶毒 | L82: =_xlfn.IFNA(VLOOKUP(H82,$V$3:$W$38,2,FALSE),"xxx") -> 25 | M82: =_xlfn.IFNA(VLOOKUP(I82,$V$3:$W$38,2,FALSE),"xxx") -> 26 | N82: =_xlfn.IFNA(VLOOKUP(J82,$V$3:$W$38,2,FALSE),"xxx") -> xxx | O82: =_xlfn.IFNA(VLOOKUP(K82,$V$3:$W$38,2,FALSE),"xxx") -> xxx | P82: =$P$1&M82&","&N82&","&O82 -> 1:26,xxx,xxx | S82: 20035 | T82: 瘟疫之雨
B83: 殖民者 | C83: 高级小怪 | D83: 11401 | E83: =VLOOKUP(D83,怪物基本表!$D$7:$AO$276,38,FALSE) -> 30001 | F83: =SUBSTITUTE(IFERROR(VLOOKUP(INT(LEFT($E83,5)),$S$3:$T$177,2,FALSE),"xxx")&","&IFERROR(VLOOKUP(INT(MID($E83,7,5)),$S$3:$T$177,2,FALSE),"xxx")&IFERROR(VLOOKUP(INT(MID($E83,13,5)),$S$3:$T$177,2,FALSE),"xxx")&IFERROR(VLOOKUP(INT(MID($E83,19,5)),$S$3:$T$177,2,FALSE),"xxx"),"x","") -> , | H83: 特别强壮 | I83: 护盾 | J83: 幽灵 | L83: =_xlfn.IFNA(VLOOKUP(H83,$V$3:$W$38,2,FALSE),"xxx") -> 1 | M83: =_xlfn.IFNA(VLOOKUP(I83,$V$3:$W$38,2,FALSE),"xxx") -> 7 | N83: =_xlfn.IFNA(VLOOKUP(J83,$V$3:$W$38,2,FALSE),"xxx") -> 16 | O83: =_xlfn.IFNA(VLOOKUP(K83,$V$3:$W$38,2,FALSE),"xxx") -> xxx | P83: =$P$1&M83&","&N83&","&O83 -> 1:7,16,xxx | S83: 20036 | T83: 剧毒爆发
B84: 殖民者队长 | C84: 远程雷电 | D84: 11411 | E84: =VLOOKUP(D84,怪物基本表!$D$7:$AO$276,38,FALSE) -> 46001 | F84: =SUBSTITUTE(IFERROR(VLOOKUP(INT(LEFT($E84,5)),$S$3:$T$177,2,FALSE),"xxx")&","&IFERROR(VLOOKUP(INT(MID($E84,7,5)),$S$3:$T$177,2,FALSE),"xxx")&IFERROR(VLOOKUP(INT(MID($E84,13,5)),$S$3:$T$177,2,FALSE),"xxx")&IFERROR(VLOOKUP(INT(MID($E84,19,5)),$S$3:$T$177,2,FALSE),"xxx"),"x","") -> , | H84: 闪电强化 | I84: 闪电护甲 | J84: 【光环】物理增伤 | L84: =_xlfn.IFNA(VLOOKUP(H84,$V$3:$W$38,2,FALSE),"xxx") -> 19 | M84: =_xlfn.IFNA(VLOOKUP(I84,$V$3:$W$38,2,FALSE),"xxx") -> 24 | N84: =_xlfn.IFNA(VLOOKUP(J84,$V$3:$W$38,2,FALSE),"xxx") -> 30 | O84: =_xlfn.IFNA(VLOOKUP(K84,$V$3:$W$38,2,FALSE),"xxx") -> xxx | P84: =$P$1&M84&","&N84&","&O84 -> 1:24,30,xxx | S84: 20037 | T84: 碎骨
B85: 殖民者标枪 | C85: 投掷标枪 | D85: 11421 | E85: =VLOOKUP(D85,怪物基本表!$D$7:$AO$276,38,FALSE) -> 30083 | F85: =SUBSTITUTE(IFERROR(VLOOKUP(INT(LEFT($E85,5)),$S$3:$T$177,2,FALSE),"xxx")&","&IFERROR(VLOOKUP(INT(MID($E85,7,5)),$S$3:$T$177,2,FALSE),"xxx")&IFERROR(VLOOKUP(INT(MID($E85,13,5)),$S$3:$T$177,2,FALSE),"xxx")&IFERROR(VLOOKUP(INT(MID($E85,19,5)),$S$3:$T$177,2,FALSE),"xxx"),"x","") -> , | H85: 多重射击 | I85: 【光环】精准 | J85: 【光环】物理增伤 | L85: =_xlfn.IFNA(VLOOKUP(H85,$V$3:$W$38,2,FALSE),"xxx") -> 6 | M85: =_xlfn.IFNA(VLOOKUP(I85,$V$3:$W$38,2,FALSE),"xxx") -> 32 | N85: =_xlfn.IFNA(VLOOKUP(J85,$V$3:$W$38,2,FALSE),"xxx") -> 30 | O85: =_xlfn.IFNA(VLOOKUP(K85,$V$3:$W$38,2,FALSE),"xxx") -> xxx | P85: =$P$1&M85&","&N85&","&O85 -> 1:32,30,xxx | S85: 20038 | T85: 诅咒爆发
B86: 奴隶-野猪人 | C86: 肉盾精英 | D86: 11431 | E86: =VLOOKUP(D86,怪物基本表!$D$7:$AO$276,38,FALSE) -> 30001 | F86: =SUBSTITUTE(IFERROR(VLOOKUP(INT(LEFT($E86,5)),$S$3:$T$177,2,FALSE),"xxx")&","&IFERROR(VLOOKUP(INT(MID($E86,7,5)),$S$3:$T$177,2,FALSE),"xxx")&IFERROR(VLOOKUP(INT(MID($E86,13,5)),$S$3:$T$177,2,FALSE),"xxx")&IFERROR(VLOOKUP(INT(MID($E86,19,5)),$S$3:$T$177,2,FALSE),"xxx"),"x","") -> , | H86: 生命再生 | I86: 闪电护甲 | J86: 皮肤硬化 | L86: =_xlfn.IFNA(VLOOKUP(H86,$V$3:$W$38,2,FALSE),"xxx") -> 5 | M86: =_xlfn.IFNA(VLOOKUP(I86,$V$3:$W$38,2,FALSE),"xxx") -> 24 | N86: =_xlfn.IFNA(VLOOKUP(J86,$V$3:$W$38,2,FALSE),"xxx") -> 3 | O86: =_xlfn.IFNA(VLOOKUP(K86,$V$3:$W$38,2,FALSE),"xxx") -> xxx | P86: =$P$1&M86&","&N86&","&O86 -> 1:24,3,xxx | S86: 20039 | T86: 召唤骷髅战士
B87: 奴隶-牛头人 | C87: 战士精英 | D87: 11441 | E87: =VLOOKUP(D87,怪物基本表!$D$7:$AO$276,38,FALSE) -> 30001 | F87: =SUBSTITUTE(IFERROR(VLOOKUP(INT(LEFT($E87,5)),$S$3:$T$177,2,FALSE),"xxx")&","&IFERROR(VLOOKUP(INT(MID($E87,7,5)),$S$3:$T$177,2,FALSE),"xxx")&IFERROR(VLOOKUP(INT(MID($E87,13,5)),$S$3:$T$177,2,FALSE),"xxx")&IFERROR(VLOOKUP(INT(MID($E87,19,5)),$S$3:$T$177,2,FALSE),"xxx"),"x","") -> , | H87: 复仇者 | I87: 元素抗性 | J87: 【光环】护盾 | L87: =_xlfn.IFNA(VLOOKUP(H87,$V$3:$W$38,2,FALSE),"xxx") -> 11 | M87: =_xlfn.IFNA(VLOOKUP(I87,$V$3:$W$38,2,FALSE),"xxx") -> 15 | N87: =_xlfn.IFNA(VLOOKUP(J87,$V$3:$W$38,2,FALSE),"xxx") -> 33 | O87: =_xlfn.IFNA(VLOOKUP(K87,$V$3:$W$38,2,FALSE),"xxx") -> xxx | P87: =$P$1&M87&","&N87&","&O87 -> 1:15,33,xxx | S87: 200391 | T87: 骷髅士兵普攻1
B88: 殖民者刺客 | C88: 刺客精英 | D88: 11451 | E88: =VLOOKUP(D88,怪物基本表!$D$7:$AO$276,38,FALSE) -> 30001 | F88: =SUBSTITUTE(IFERROR(VLOOKUP(INT(LEFT($E88,5)),$S$3:$T$177,2,FALSE),"xxx")&","&IFERROR(VLOOKUP(INT(MID($E88,7,5)),$S$3:$T$177,2,FALSE),"xxx")&IFERROR(VLOOKUP(INT(MID($E88,13,5)),$S$3:$T$177,2,FALSE),"xxx")&IFERROR(VLOOKUP(INT(MID($E88,19,5)),$S$3:$T$177,2,FALSE),"xxx"),"x","") -> , | H88: 狂暴 | I88: 撕裂 | J88: 特别快速 | L88: =_xlfn.IFNA(VLOOKUP(H88,$V$3:$W$38,2,FALSE),"xxx") -> 13 | M88: =_xlfn.IFNA(VLOOKUP(I88,$V$3:$W$38,2,FALSE),"xxx") -> 27 | N88: =_xlfn.IFNA(VLOOKUP(J88,$V$3:$W$38,2,FALSE),"xxx") -> 2 | O88: =_xlfn.IFNA(VLOOKUP(K88,$V$3:$W$38,2,FALSE),"xxx") -> xxx | P88: =$P$1&M88&","&N88&","&O88 -> 1:27,2,xxx | S88: 200392 | T88: 骷髅士兵普攻1
A89: ACT3新 | B89: 普通甲虫 | C89: 普通小怪 | D89: 12101 | E89: =VLOOKUP(D89,怪物基本表!$D$7:$AO$276,38,FALSE) -> 30001 | F89: =SUBSTITUTE(IFERROR(VLOOKUP(INT(LEFT($E89,5)),$S$3:$T$177,2,FALSE),"xxx")&","&IFERROR(VLOOKUP(INT(MID($E89,7,5)),$S$3:$T$177,2,FALSE),"xxx")&IFERROR(VLOOKUP(INT(MID($E89,13,5)),$S$3:$T$177,2,FALSE),"xxx")&IFERROR(VLOOKUP(INT(MID($E89,19,5)),$S$3:$T$177,2,FALSE),"xxx"),"x","") -> , | H89: 特别快速 | I89: 护盾 | L89: =_xlfn.IFNA(VLOOKUP(H89,$V$3:$W$38,2,FALSE),"xxx") -> 2 | M89: =_xlfn.IFNA(VLOOKUP(I89,$V$3:$W$38,2,FALSE),"xxx") -> 7 | N89: =_xlfn.IFNA(VLOOKUP(J89,$V$3:$W$38,2,FALSE),"xxx") -> xxx | O89: =_xlfn.IFNA(VLOOKUP(K89,$V$3:$W$38,2,FALSE),"xxx") -> xxx | P89: =$P$1&M89&","&N89&","&O89 -> 1:7,xxx,xxx | S89: 20047 | T89: 召唤骷髅弓箭手
B90: 硬壳甲虫 | C90: 肉盾 | D90: 12111 | E90: =VLOOKUP(D90,怪物基本表!$D$7:$AO$276,38,FALSE) -> 30001 | F90: =SUBSTITUTE(IFERROR(VLOOKUP(INT(LEFT($E90,5)),$S$3:$T$177,2,FALSE),"xxx")&","&IFERROR(VLOOKUP(INT(MID($E90,7,5)),$S$3:$T$177,2,FALSE),"xxx")&IFERROR(VLOOKUP(INT(MID($E90,13,5)),$S$3:$T$177,2,FALSE),"xxx")&IFERROR(VLOOKUP(INT(MID($E90,19,5)),$S$3:$T$177,2,FALSE),"xxx"),"x","") -> , | H90: 生命再生 | I90: 护盾 | L90: =_xlfn.IFNA(VLOOKUP(H90,$V$3:$W$38,2,FALSE),"xxx") -> 5 | M90: =_xlfn.IFNA(VLOOKUP(I90,$V$3:$W$38,2,FALSE),"xxx") -> 7 | N90: =_xlfn.IFNA(VLOOKUP(J90,$V$3:$W$38,2,FALSE),"xxx") -> xxx | O90: =_xlfn.IFNA(VLOOKUP(K90,$V$3:$W$38,2,FALSE),"xxx") -> xxx | P90: =$P$1&M90&","&N90&","&O90 -> 1:7,xxx,xxx | S90: 200471 | T90: 骷髅弓箭手普攻
B91: 腐化血犬 | C91: 突袭怪 | D91: 12121 | E91: =VLOOKUP(D91,怪物基本表!$D$7:$AO$276,38,FALSE) -> 30001 | F91: =SUBSTITUTE(IFERROR(VLOOKUP(INT(LEFT($E91,5)),$S$3:$T$177,2,FALSE),"xxx")&","&IFERROR(VLOOKUP(INT(MID($E91,7,5)),$S$3:$T$177,2,FALSE),"xxx")&IFERROR(VLOOKUP(INT(MID($E91,13,5)),$S$3:$T$177,2,FALSE),"xxx")&IFERROR(VLOOKUP(INT(MID($E91,19,5)),$S$3:$T$177,2,FALSE),"xxx"),"x","") -> , | H91: 狂暴 | I91: 特别快速 | L91: =_xlfn.IFNA(VLOOKUP(H91,$V$3:$W$38,2,FALSE),"xxx") -> 13 | M91: =_xlfn.IFNA(VLOOKUP(I91,$V$3:$W$38,2,FALSE),"xxx") -> 2 | N91: =_xlfn.IFNA(VLOOKUP(J91,$V$3:$W$38,2,FALSE),"xxx") -> xxx | O91: =_xlfn.IFNA(VLOOKUP(K91,$V$3:$W$38,2,FALSE),"xxx") -> xxx | P91: =$P$1&M91&","&N91&","&O91 -> 1:2,xxx,xxx | S91: 20048 | T91: 圣光
B92: 沙漠毒蝎 | C92: 刺客 | D92: 12131 | E92: =VLOOKUP(D92,怪物基本表!$D$7:$AO$276,38,FALSE) -> 30001 | F92: =SUBSTITUTE(IFERROR(VLOOKUP(INT(LEFT($E92,5)),$S$3:$T$177,2,FALSE),"xxx")&","&IFERROR(VLOOKUP(INT(MID($E92,7,5)),$S$3:$T$177,2,FALSE),"xxx")&IFERROR(VLOOKUP(INT(MID($E92,13,5)),$S$3:$T$177,2,FALSE),"xxx")&IFERROR(VLOOKUP(INT(MID($E92,19,5)),$S$3:$T$177,2,FALSE),"xxx"),"x","") -> , | H92: 恶毒 | I92: 撕裂 | L92: =_xlfn.IFNA(VLOOKUP(H92,$V$3:$W$38,2,FALSE),"xxx") -> 26 | M92: =_xlfn.IFNA(VLOOKUP(I92,$V$3:$W$38,2,FALSE),"xxx") -> 27 | N92: =_xlfn.IFNA(VLOOKUP(J92,$V$3:$W$38,2,FALSE),"xxx") -> xxx | O92: =_xlfn.IFNA(VLOOKUP(K92,$V$3:$W$38,2,FALSE),"xxx") -> xxx | P92: =$P$1&M92&","&N92&","&O92 -> 1:27,xxx,xxx | S92: 20049 | T92: 缝合憎恶
B93: 腐血行尸 | C93: 进阶小怪 | D93: 12201 | E93: =VLOOKUP(D93,怪物基本表!$D$7:$AO$276,38,FALSE) -> 30033,30034 | F93: =SUBSTITUTE(IFERROR(VLOOKUP(INT(LEFT($E93,5)),$S$3:$T$177,2,FALSE),"xxx")&","&IFERROR(VLOOKUP(INT(MID($E93,7,5)),$S$3:$T$177,2,FALSE),"xxx")&IFERROR(VLOOKUP(INT(MID($E93,13,5)),$S$3:$T$177,2,FALSE),"xxx")&IFERROR(VLOOKUP(INT(MID($E93,19,5)),$S$3:$T$177,2,FALSE),"xxx"),"x","") -> , | H93: 特别强壮 | I93: 幽灵 | L93: =_xlfn.IFNA(VLOOKUP(H93,$V$3:$W$38,2,FALSE),"xxx") -> 1 | M93: =_xlfn.IFNA(VLOOKUP(I93,$V$3:$W$38,2,FALSE),"xxx") -> 16 | N93: =_xlfn.IFNA(VLOOKUP(J93,$V$3:$W$38,2,FALSE),"xxx") -> xxx | O93: =_xlfn.IFNA(VLOOKUP(K93,$V$3:$W$38,2,FALSE),"xxx") -> xxx | P93: =$P$1&M93&","&N93&","&O93 -> 1:16,xxx,xxx | S93: 200491 | T93: 魔像普攻1
B94: 高级腐血行尸 | C94: 进阶肉盾 | D94: 12211 | E94: =VLOOKUP(D94,怪物基本表!$D$7:$AO$276,38,FALSE) -> 30033,30034 | F94: =SUBSTITUTE(IFERROR(VLOOKUP(INT(LEFT($E94,5)),$S$3:$T$177,2,FALSE),"xxx")&","&IFERROR(VLOOKUP(INT(MID($E94,7,5)),$S$3:$T$177,2,FALSE),"xxx")&IFERROR(VLOOKUP(INT(MID($E94,13,5)),$S$3:$T$177,2,FALSE),"xxx")&IFERROR(VLOOKUP(INT(MID($E94,19,5)),$S$3:$T$177,2,FALSE),"xxx"),"x","") -> , | H94: 生命再生 | I94: 元素抗性 | J94: 免疫异常 | L94: =_xlfn.IFNA(VLOOKUP(H94,$V$3:$W$38,2,FALSE),"xxx") -> 5 | M94: =_xlfn.IFNA(VLOOKUP(I94,$V$3:$W$38,2,FALSE),"xxx") -> 15 | N94: =_xlfn.IFNA(VLOOKUP(J94,$V$3:$W$38,2,FALSE),"xxx") -> 10 | O94: =_xlfn.IFNA(VLOOKUP(K94,$V$3:$W$38,2,FALSE),"xxx") -> xxx | P94: =$P$1&M94&","&N94&","&O94 -> 1:15,10,xxx | S94: 200492 | T94: 魔像砸地
B95: 沙漠毒蛛 | C95: 突袭怪 | D95: 12221 | E95: =VLOOKUP(D95,怪物基本表!$D$7:$AO$276,38,FALSE) -> 30001 | F95: =SUBSTITUTE(IFERROR(VLOOKUP(INT(LEFT($E95,5)),$S$3:$T$177,2,FALSE),"xxx")&","&IFERROR(VLOOKUP(INT(MID($E95,7,5)),$S$3:$T$177,2,FALSE),"xxx")&IFERROR(VLOOKUP(INT(MID($E95,13,5)),$S$3:$T$177,2,FALSE),"xxx")&IFERROR(VLOOKUP(INT(MID($E95,19,5)),$S$3:$T$177,2,FALSE),"xxx"),"x","") -> , | H95: 特别快速 | I95: 灼痛 | J95: 撕裂 | L95: =_xlfn.IFNA(VLOOKUP(H95,$V$3:$W$38,2,FALSE),"xxx") -> 2 | M95: =_xlfn.IFNA(VLOOKUP(I95,$V$3:$W$38,2,FALSE),"xxx") -> 28 | N95: =_xlfn.IFNA(VLOOKUP(J95,$V$3:$W$38,2,FALSE),"xxx") -> 27 | O95: =_xlfn.IFNA(VLOOKUP(K95,$V$3:$W$38,2,FALSE),"xxx") -> xxx | P95: =$P$1&M95&","&N95&","&O95 -> 1:28,27,xxx | S95: 200493 | T95: 护甲光环
B96: 腐化野猪人 | C96: 进阶战士 | D96: 12231 | E96: =VLOOKUP(D96,怪物基本表!$D$7:$AO$276,38,FALSE) -> 30001 | F96: =SUBSTITUTE(IFERROR(VLOOKUP(INT(LEFT($E96,5)),$S$3:$T$177,2,FALSE),"xxx")&","&IFERROR(VLOOKUP(INT(MID($E96,7,5)),$S$3:$T$177,2,FALSE),"xxx")&IFERROR(VLOOKUP(INT(MID($E96,13,5)),$S$3:$T$177,2,FALSE),"xxx")&IFERROR(VLOOKUP(INT(MID($E96,19,5)),$S$3:$T$177,2,FALSE),"xxx"),"x","") -> , | H96: 特别强壮 | I96: 元素抗性 | L96: =_xlfn.IFNA(VLOOKUP(H96,$V$3:$W$38,2,FALSE),"xxx") -> 1 | M96: =_xlfn.IFNA(VLOOKUP(I96,$V$3:$W$38,2,FALSE),"xxx") -> 15 | N96: =_xlfn.IFNA(VLOOKUP(J96,$V$3:$W$38,2,FALSE),"xxx") -> xxx | O96: =_xlfn.IFNA(VLOOKUP(K96,$V$3:$W$38,2,FALSE),"xxx") -> xxx | P96: =$P$1&M96&","&N96&","&O96 -> 1:15,xxx,xxx | S96: 20050 | T96: 圣化
B97: 腐化蚊虫 | C97: 远程 | D97: 12241 | E97: =VLOOKUP(D97,怪物基本表!$D$7:$AO$276,38,FALSE) -> 46041 | F97: =SUBSTITUTE(IFERROR(VLOOKUP(INT(LEFT($E97,5)),$S$3:$T$177,2,FALSE),"xxx")&","&IFERROR(VLOOKUP(INT(MID($E97,7,5)),$S$3:$T$177,2,FALSE),"xxx")&IFERROR(VLOOKUP(INT(MID($E97,13,5)),$S$3:$T$177,2,FALSE),"xxx")&IFERROR(VLOOKUP(INT(MID($E97,19,5)),$S$3:$T$177,2,FALSE),"xxx"),"x","") -> , | H97: 恶毒 | I97: 精准 | L97: =_xlfn.IFNA(VLOOKUP(H97,$V$3:$W$38,2,FALSE),"xxx") -> 26 | M97: =_xlfn.IFNA(VLOOKUP(I97,$V$3:$W$38,2,FALSE),"xxx") -> 4 | N97: =_xlfn.IFNA(VLOOKUP(J97,$V$3:$W$38,2,FALSE),"xxx") -> xxx | O97: =_xlfn.IFNA(VLOOKUP(K97,$V$3:$W$38,2,FALSE),"xxx") -> xxx | P97: =$P$1&M97&","&N97&","&O97 -> 1:4,xxx,xxx | S97: 200501 | T97: 圣化后残迹
B98: 腐化残肢 | C98: 远程 | D98: 12251 | E98: =VLOOKUP(D98,怪物基本表!$D$7:$AO$276,38,FALSE) -> 46011 | F98: =SUBSTITUTE(IFERROR(VLOOKUP(INT(LEFT($E98,5)),$S$3:$T$177,2,FALSE),"xxx")&","&IFERROR(VLOOKUP(INT(MID($E98,7,5)),$S$3:$T$177,2,FALSE),"xxx")&IFERROR(VLOOKUP(INT(MID($E98,13,5)),$S$3:$T$177,2,FALSE),"xxx")&IFERROR(VLOOKUP(INT(MID($E98,19,5)),$S$3:$T$177,2,FALSE),"xxx"),"x","") -> , | H98: 恶毒 | I98: 精准 | L98: =_xlfn.IFNA(VLOOKUP(H98,$V$3:$W$38,2,FALSE),"xxx") -> 26 | M98: =_xlfn.IFNA(VLOOKUP(I98,$V$3:$W$38,2,FALSE),"xxx") -> 4 | N98: =_xlfn.IFNA(VLOOKUP(J98,$V$3:$W$38,2,FALSE),"xxx") -> xxx | O98: =_xlfn.IFNA(VLOOKUP(K98,$V$3:$W$38,2,FALSE),"xxx") -> xxx | P98: =$P$1&M98&","&N98&","&O98 -> 1:4,xxx,xxx | S98: 20051 | T98: 闪光
B99: 腐血蜥蜴 | C99: 高级小怪 | D99: 12401 | E99: =VLOOKUP(D99,怪物基本表!$D$7:$AO$276,38,FALSE) -> 30001 | F99: =SUBSTITUTE(IFERROR(VLOOKUP(INT(LEFT($E99,5)),$S$3:$T$177,2,FALSE),"xxx")&","&IFERROR(VLOOKUP(INT(MID($E99,7,5)),$S$3:$T$177,2,FALSE),"xxx")&IFERROR(VLOOKUP(INT(MID($E99,13,5)),$S$3:$T$177,2,FALSE),"xxx")&IFERROR(VLOOKUP(INT(MID($E99,19,5)),$S$3:$T$177,2,FALSE),"xxx"),"x","") -> , | H99: 恶毒 | I99: 特别快速 | J99: 【光环】抗性 | L99: =_xlfn.IFNA(VLOOKUP(H99,$V$3:$W$38,2,FALSE),"xxx") -> 26 | M99: =_xlfn.IFNA(VLOOKUP(I99,$V$3:$W$38,2,FALSE),"xxx") -> 2 | N99: =_xlfn.IFNA(VLOOKUP(J99,$V$3:$W$38,2,FALSE),"xxx") -> 35 | O99: =_xlfn.IFNA(VLOOKUP(K99,$V$3:$W$38,2,FALSE),"xxx") -> xxx | P99: =$P$1&M99&","&N99&","&O99 -> 1:2,35,xxx | S99: 20052 | T99: 火焰魔像
B100: 腐化裂口巨犬 | C100: 高级战士 | D100: 12411 | E100: =VLOOKUP(D100,怪物基本表!$D$7:$AO$276,38,FALSE) -> 30001 | F100: =SUBSTITUTE(IFERROR(VLOOKUP(INT(LEFT($E100,5)),$S$3:$T$177,2,FALSE),"xxx")&","&IFERROR(VLOOKUP(INT(MID($E100,7,5)),$S$3:$T$177,2,FALSE),"xxx")&IFERROR(VLOOKUP(INT(MID($E100,13,5)),$S$3:$T$177,2,FALSE),"xxx")&IFERROR(VLOOKUP(INT(MID($E100,19,5)),$S$3:$T$177,2,FALSE),"xxx"),"x","") -> , | H100: 特别强壮 | I100: 恶毒 | J100: 【光环】物理增伤 | L100: =_xlfn.IFNA(VLOOKUP(H100,$V$3:$W$38,2,FALSE),"xxx") -> 1 | M100: =_xlfn.IFNA(VLOOKUP(I100,$V$3:$W$38,2,FALSE),"xxx") -> 26 | N100: =_xlfn.IFNA(VLOOKUP(J100,$V$3:$W$38,2,FALSE),"xxx") -> 30 | O100: =_xlfn.IFNA(VLOOKUP(K100,$V$3:$W$38,2,FALSE),"xxx") -> xxx | P100: =$P$1&M100&","&N100&","&O100 -> 1:26,30,xxx | S100: 200521 | T100: 火魔像普攻1
...

Sheet Sheet1
C3: 0 | D3: 0 | E3: 1 | F3: 0:0 | G3: 0:0 | H3: 0:0 | I3: 999 | J3: 0 | K3: 0 | L3: 0 | M3: 0 | N3: 1000 | O3: 1000 | P3: 1000 | Q3: 1000 | R3: 1000 | S3: 1000
C4: 1 | D4: 1 | E4: 1 | F4: 60:50;30:50;32:50;33:50;31:50;34:50;63:0;56:100;51:1;52:2;57:100 | G4: 60:0;30:0;32:0;33:0;31:0;34:0;63:0;56:0;51:1;52:2;57:100 | H4: 60:0;30:0;32:0;33:0;31:0;34:0;63:0;56:0;51:1;52:2;57:100 | I4: 999 | J4: 0 | K4: 0 | L4: 0 | M4: 0 | N4: 100000000 | O4: 100000000 | P4: 100000000 | Q4: 100000000 | R4: 100000000 | S4: 100000000
C5: 2 | D5: 2 | E5: 1 | F5: 60:0;30:100;32:0;33:0;31:0;34:0;63:0;56:0;51:1;52:2;57:100000 | G5: 60:0;30:100;32:0;33:0;31:0;34:0;63:0;56:0;51:1;52:2;57:100000 | H5: 60:0;30:100;32:0;33:0;31:0;34:0;63:0;56:0;51:1;52:2;57:100000 | I5: 999 | J5: 0 | K5: 0 | L5: 0 | M5: 0 | N5: 100000 | O5: 100000 | P5: 100000 | Q5: 100000 | R5: 100000 | S5: 100000
C6: 3 | D6: 3 | E6: 1 | F6: 60:0;30:0;32:100;33:0;31:0;34:0;63:0;56:0;51:1;52:2;57:100000 | G6: 60:0;30:0;32:100;33:0;31:0;34:0;63:0;56:0;51:1;52:2;57:100000 | H6: 60:0;30:0;32:100;33:0;31:0;34:0;63:0;56:0;51:1;52:2;57:100000 | I6: 999 | J6: 0 | K6: 0 | L6: 0 | M6: 0 | N6: 100000 | O6: 100000 | P6: 100000 | Q6: 100000 | R6: 100000 | S6: 100000
C7: 4 | D7: 4 | E7: 1 | F7: 60:0;30:0;32:0;33:100;31:0;34:0;63:0;56:0;51:1;52:2;57:100 | G7: 60:0;30:0;32:0;33:100;31:0;34:0;63:0;56:0;51:1;52:2;57:100 | H7: 60:0;30:0;32:0;33:100;31:0;34:0;63:0;56:0;51:1;52:2;57:100 | I7: 999 | J7: 0 | K7: 0 | L7: 0 | M7: 0 | N7: 1000 | O7: 1000 | P7: 1000 | Q7: 1000 | R7: 1000 | S7: 1000
C8: 5 | D8: 5 | E8: 1 | F8: 60:0;30:0;32:0;33:0;31:100;34:0;63:0;56:0;51:1;52:2;57:100 | G8: 60:0;30:0;32:0;33:0;31:100;34:0;63:0;56:0;51:1;52:2;57:100 | H8: 60:0;30:0;32:0;33:0;31:100;34:0;63:0;56:0;51:1;52:2;57:100 | I8: 999 | J8: 0 | K8: 0 | L8: 0 | M8: 0 | N8: 1000 | O8: 1000 | P8: 1000 | Q8: 1000 | R8: 1000 | S8: 1000
C9: 6 | D9: 6 | E9: 1 | F9: 60:0;30:0;32:0;33:0;31:0;34:100;63:0;56:0;51:1;52:2;57:100 | G9: 60:0;30:0;32:0;33:0;31:0;34:100;63:0;56:0;51:1;52:2;57:100 | H9: 60:0;30:0;32:0;33:0;31:0;34:100;63:0;56:0;51:1;52:2;57:100 | I9: 999 | J9: 0 | K9: 0 | L9: 0 | M9: 0 | N9: 1000 | O9: 1000 | P9: 1000 | Q9: 1000 | R9: 1000 | S9: 1000
C10: 7 | D10: 7 | E10: 1 | F10: 60:90;30:0;32:0;33:0;31:0;34:0;63:0;56:0;51:1;52:2;57:100 | G10: 60:90;30:0;32:0;33:0;31:0;34:0;63:0;56:0;51:1;52:2;57:100 | H10: 60:90;30:0;32:0;33:0;31:0;34:0;63:0;56:0;51:1;52:2;57:100 | I10: 999 | J10: 0 | K10: 0 | L10: 0 | M10: 0 | N10: 1000 | O10: 1000 | P10: 1000 | Q10: 1000 | R10: 1000 | S10: 1000
C11: 8 | D11: 8 | E11: 1 | F11: 60:0;30:90;32:0;33:0;31:0;34:0;63:0;56:0;51:1;52:2;57:100 | G11: 60:0;30:90;32:0;33:0;31:0;34:0;63:0;56:0;51:1;52:2;57:100 | H11: 60:0;30:90;32:0;33:0;31:0;34:0;63:0;56:0;51:1;52:2;57:100 | I11: 999 | J11: 0 | K11: 0 | L11: 0 | M11: 0 | N11: 1000 | O11: 1000 | P11: 1000 | Q11: 1000 | R11: 1000 | S11: 1000
C12: 9 | D12: 9 | E12: 1 | F12: 60:0;30:0;32:90;33:0;31:0;34:0;63:0;56:0;51:1;52:2;57:100 | G12: 60:0;30:0;32:90;33:0;31:0;34:0;63:0;56:0;51:1;52:2;57:100 | H12: 60:0;30:0;32:90;33:0;31:0;34:0;63:0;56:0;51:1;52:2;57:100 | I12: 999 | J12: 0 | K12: 0 | L12: 0 | M12: 0 | N12: 1000 | O12: 1000 | P12: 1000 | Q12: 1000 | R12: 1000 | S12: 1000
C13: 10 | D13: 10 | E13: 1 | F13: 60:0;30:0;32:0;33:90;31:0;34:0;63:0;56:0;51:1;52:2;57:100 | G13: 60:0;30:0;32:0;33:90;31:0;34:0;63:0;56:0;51:1;52:2;57:100 | H13: 60:0;30:0;32:0;33:90;31:0;34:0;63:0;56:0;51:1;52:2;57:100 | I13: 999 | J13: 0 | K13: 0 | L13: 0 | M13: 0 | N13: 1000 | O13: 1000 | P13: 1000 | Q13: 1000 | R13: 1000 | S13: 1000
C14: 11 | D14: 11 | E14: 1 | F14: 60:0;30:0;32:0;33:0;31:90;34:0;63:0;56:0;51:1;52:2;57:100 | G14: 60:0;30:0;32:0;33:0;31:90;34:0;63:0;56:0;51:1;52:2;57:100 | H14: 60:0;30:0;32:0;33:0;31:90;34:0;63:0;56:0;51:1;52:2;57:100 | I14: 999 | J14: 0 | K14: 0 | L14: 0 | M14: 0 | N14: 1000 | O14: 1000 | P14: 1000 | Q14: 1000 | R14: 1000 | S14: 1000
... C24: 21 | D24: 10000 | E24: 1 | F24: 60:0;30:0;32:0;33:0;31:0;34:0;63:0;56:0;51:0;52:0;57:0 | G24: 60:0;30:0;32:0;33:0;31:0;34:0;63:0;56:0;51:0;52:0;57:0 | H24: 60:0;30:0;32:0;33:0;31:0;34:0;63:0;56:0;51:0;52:0;57:0 | I24: 0 | J24: 0 | K24: 0 | L24: 0 | M24: 0 | N24: 1 | O24: 1 | P24: 1 | Q24: 1 | R24: 1 | S24: 1
C25: 1000 | D25: 1000 | E25: 1 | F25: 60:0;30:0;32:0;33:0;31:0;34:50;63:10;56:84;51:34;52:101;57:101 | G25: 60:0;30:0;32:0;33:0;31:0;34:75;63:10;56:100;51:40;52:100;57:120 | H25: 60:33;30:0;32:0;33:100;31:0;34:75;63:10;56:100;51:40;52:100;57:120 | I25: 5 | J25: 5 | N25: 86 | O25: 129 | P25: 70 | Q25: 100 | R25: 70 | S25: 100
C26: 1001 | D26: 1001 | E26: 1 | F26: 60:0;30:0;32:0;33:0;31:0;34:50;63:15;56:84;51:41;52:101;57:93 | G26: 60:0;30:0;32:0;33:0;31:0;34:75;63:15;56:100;51:40;52:100;57:120 | H26: 60:33;30:0;32:0;33:0;31:0;34:100;63:15;56:100;51:40;52:100;57:120 | I26: 5 | J26: 5 | N26: 87 | O26: 127 | P26: 70 | Q26: 100 | R26: 70 | S26: 100
C27: 1002 | D27: 1002 | E27: 1 | F27: 60:0;30:0;32:0;33:0;31:40;34:50;63:20;56:84;51:41;52:121;57:94 | G27: 60:0;30:0;32:0;33:0;31:60;34:75;63:20;56:100;51:40;52:100;57:120 | H27: 60:33;30:0;32:0;33:0;31:110;34:75;63:20;56:100;51:40;52:100;57:120 | I27: 5 | J27: 5 | N27: 89 | O27: 124 | P27: 70 | Q27: 100 | R27: 70 | S27: 100
C28: 1003 | D28: 1003 | E28: 1 | F28: 60:0;30:0;32:50;33:0;31:0;34:50;63:25;56:84;51:45;52:101;57:93 | G28: 60:0;30:0;32:75;33:0;31:0;34:75;63:25;56:100;51:40;52:100;57:120 | H28: 60:33;30:0;32:100;33:0;31:0;34:75;63:25;56:100;51:40;52:90;57:110 | I28: 5 | J28: 5 | N28: 93 | O28: 133 | P28: 70 | Q28: 100 | R28: 70 | S28: 100
C29: 1004 | D29: 1004 | E29: 1 | F29: 60:0;30:20;32:0;33:60;31:0;34:50;63:30;56:84;51:41;52:101;57:94 | G29: 60:0;30:40;32:0;33:80;31:0;34:75;63:30;56:100;51:40;52:100;57:120 | H29: 60:33;30:70;32:0;33:120;31:0;34:75;63:30;56:100;51:40;52:100;57:120 | I29: 5 | J29: 5 | N29: 94 | O29: 131 | P29: 70 | Q29: 100 | R29: 70 | S29: 100
C30: 1005 | D30: 1005 | E30: 1 | F30: 60:0;30:0;32:0;33:0;31:0;34:50;63:3;56:84;51:51;52:151;57:101 | G30: 60:0;30:0;32:0;33:0;31:0;34:75;63:3;56:80;51:60;52:140;57:105 | H30: 60:50;30:0;32:0;33:0;31:120;34:75;63:3;56:80;51:60;52:140;57:105 | I30: 5 | J30: 5 | K30: 100 | L30: 75 | M30: 50 | N30: 101 | O30: 181 | P30: 105 | Q30: 150 | R30: 105 | S30: 150
C31: 1006 | D31: 1006 | E31: 1 | F31: 60:0;30:0;32:0;33:0;31:0;34:50;63:4;56:84;51:34;52:101;57:101 | G31: 60:0;30:0;32:0;33:0;31:0;34:75;63:4;56:80;51:60;52:140;57:105 | H31: 60:50;30:0;32:0;33:110;31:0;34:75;63:4;56:80;51:60;52:140;57:105 | I31: 5 | J31: 5 | K31: 100 | L31: 75 | M31: 50 | N31: 101 | O31: 186 | P31: 105 | Q31: 150 | R31: 105 | S31: 150
C32: 1007 | D32: 1007 | E32: 1 | F32: 60:0;30:0;32:0;33:0;31:0;34:50;63:13;56:84;51:51;52:138;57:93 | G32: 60:0;30:0;32:0;33:0;31:0;34:75;63:13;56:80;51:60;52:140;57:105 | H32: 60:50;30:0;32:100;33:0;31:0;34:75;63:13;56:80;51:60;52:140;57:105 | I32: 5 | J32: 5 | K32: 100 | L32: 75 | M32: 50 | N32: 108 | O32: 197 | P32: 105 | Q32: 150 | R32: 105 | S32: 150
C33: 1008 | D33: 1008 | E33: 1 | F33: 60:20;30:0;32:50;33:0;31:0;34:50;63:22;56:85;51:51;52:136;57:94 | G33: 60:50;30:0;32:75;33:0;31:0;34:75;63:22;56:80;51:60;52:140;57:105 | H33: 60:50;30:0;32:110;33:0;31:0;34:75;63:22;56:80;51:55;52:135;57:105 | I33: 5 | J33: 5 | K33: 100 | L33: 75 | M33: 50 | N33: 107 | O33: 192 | P33: 105 | Q33: 150 | R33: 105 | S33: 150
C34: 1009 | D34: 1009 | E34: 1 | F34: 60:0;30:50;32:0;33:0;31:0;34:50;63:17;56:84;51:55;52:137;57:92 | G34: 60:0;30:75;32:0;33:0;31:0;34:75;63:17;56:80;51:60;52:140;57:105 | H34: 60:50;30:100;32:0;33:0;31:0;34:75;63:17;56:80;51:55;52:135;57:105 | I34: 5 | J34: 5 | K34: 100 | L34: 75 | M34: 50 | N34: 109 | O34: 192 | P34: 105 | Q34: 150 | R34: 105 | S34: 150
C35: 1010 | D35: 1010 | E35: 1 | F35: 60:0;30:0;32:0;33:70;31:0;34:0;63:11;56:63;51:76;52:113;57:77 | G35: 60:0;30:0;32:0;33:85;31:0;34:75;63:11;56:90;51:50;52:100;57:110 | H35: 60:25;30:0;32:0;33:100;31:0;34:0;63:11;56:90;51:50;52:100;57:110 | I35: 5 | J35: 5 | K35: 100 | L35: 85 | M35: 75 | N35: 66 | O35: 127 | P35: 65 | Q35: 120 | R35: 65 | S35: 120
C36: 1011 | D36: 1011 | E36: 1 | F36: 60:0;30:0;32:0;33:60;31:0;34:0;63:10;56:63;51:63;52:101;57:74 | G36: 60:0;30:0;32:0;33:80;31:0;34:75;63:10;56:90;51:50;52:100;57:110 | H36: 60:25;30:0;32:0;33:105;31:0;34:0;63:10;56:90;51:50;52:100;57:110 | I36: 5 | J36: 5 | K36: 100 | L36: 85 | M36: 75 | N36: 67 | O36: 130 | P36: 65 | Q36: 120 | R36: 65 | S36: 120
C37: 1012 | D37: 1012 | E37: 1 | F37: 60:0;30:0;32:0;33:40;31:0;34:0;63:5;56:64;51:76;52:101;57:73 | G37: 60:0;30:0;32:0;33:70;31:0;34:0;63:5;56:90;51:50;52:100;57:110 | H37: 60:25;30:0;32:0;33:110;31:0;34:0;63:5;56:90;51:50;52:100;57:110 | I37: 5 | J37: 5 | K37: 100 | L37: 85 | M37: 75 | N37: 62 | O37: 124 | P37: 65 | Q37: 120 | R37: 65 | S37: 120
C38: 1013 | D38: 1013 | E38: 1 | F38: 60:0;30:0;32:0;33:50;31:0;34:0;63:8;56:63;51:67;52:101;57:77 | G38: 60:0;30:0;32:0;33:75;31:0;34:0;63:8;56:90;51:50;52:100;57:110 | H38: 60:25;30:0;32:0;33:115;31:0;34:0;63:8;56:90;51:50;52:100;57:110 | I38: 5 | J38: 5 | K38: 100 | L38: 85 | M38: 75 | N38: 67 | O38: 128 | P38: 65 | Q38: 120 | R38: 65 | S38: 120
C39: 1014 | D39: 1014 | E39: 1 | F39: 60:0;30:0;32:0;33:80;31:0;34:0;63:22;56:63;51:71;52:106;57:75 | G39: 60:0;30:0;32:0;33:100;31:0;34:0;63:22;56:90;51:50;52:100;57:110 | H39: 60:25;30:0;32:0;33:120;31:0;34:0;63:22;56:90;51:50;52:100;57:110 | I39: 5 | J39: 5 | K39: 100 | L39: 85 | M39: 75 | N39: 65 | O39: 126 | P39: 65 | Q39: 120 | R39: 65 | S39: 120
C40: 1015 | D40: 1015 | E40: 1 | F40: 60:0;30:0;32:0;33:0;31:0;34:0;63:5;56:13;51:26;52:51;57:89 | G40: 60:0;30:0;32:0;33:0;31:0;34:0;63:5;56:120;51:70;52:110;57:115 | H40: 60:0;30:0;32:25;33:0;31:0;34:100;63:5;56:120;51:70;52:110;57:115 | I40: 5 | J40: 5 | K40: 100 | L40: 100 | M40: 100 | N40: 19 | O40: 46 | P40: 20 | Q40: 45 | R40: 20 | S40: 45
C41: 1016 | D41: 1016 | E41: 1 | F41: 60:0;30:0;32:0;33:0;31:0;34:0;63:7;56:14;51:41;52:61;57:93 | G41: 60:0;30:0;32:0;33:0;31:0;34:0;63:7;56:120;51:70;52:110;57:115 | H41: 60:0;30:0;32:25;33:0;31:0;34:105;63:7;56:120;51:70;52:110;57:115 | I41: 5 | J41: 5 | K41: 100 | L41: 100 | M41: 100 | N41: 21 | O41: 41 | P41: 20 | Q41: 45 | R41: 20 | S41: 45
... C58: 1033 | D58: 1033 | E58: 1 | F58: 60:0;30:0;32:0;33:0;31:0;34:0;63:48;56:84;51:65;52:95;57:176 | G58: 60:0;30:0;32:0;33:0;31:0;34:0;63:48;56:110;51:65;52:110;57:175 | H58: 60:25;30:0;32:120;33:50;31:0;34:33;63:48;56:110;51:65;52:110;57:175 | I58: 5 | J58: 5 | K58: 100 | L58: 75 | M58: 66 | N58: 134 | O58: 210 | P58: 135 | Q58: 180 | R58: 135 | S58: 180
C59: 1034 | D59: 1034 | E59: 1 | F59: 60:0;30:0;32:0;33:0;31:0;34:0;63:0;56:0;51:0;52:0;57:0 | G59: 60:0;30:0;32:0;33:0;31:0;34:0;63:0;56:0;51:;52:;57: | H59: 60:0;30:0;32:0;33:0;31:0;34:0;63:0;56:0;51:0;52:0;57:0 | I59: 5 | J59: 0
C60: 1035 | D60: 1035 | E60: 1 | F60: 60:0;30:0;32:0;33:0;31:0;34:0;63:0;56:0;51:0;52:0;57:0 | G60: 60:0;30:0;32:0;33:0;31:0;34:0;63:0;56:0;51:;52:;57: | H60: 60:0;30:0;32:0;33:0;31:0;34:0;63:0;56:0;51:0;52:0;57:0 | I60: 5 | J60: 0
C61: 1036 | D61: 1036 | E61: 1 | F61: 60:0;30:0;32:0;33:0;31:0;34:0;63:0;56:0;51:0;52:0;57:0 | G61: 60:0;30:0;32:0;33:0;31:0;34:0;63:0;56:0;51:;52:;57: | H61: 60:0;30:0;32:0;33:0;31:0;34:0;63:0;56:0;51:0;52:0;57:0 | I61: 5 | J61: 0
C62: 1037 | D62: 1037 | E62: 1 | F62: 60:0;30:0;32:0;33:0;31:0;34:0;63:0;56:0;51:0;52:0;57:0 | G62: 60:0;30:0;32:0;33:0;31:0;34:0;63:0;56:0;51:;52:;57: | H62: 60:0;30:0;32:0;33:0;31:0;34:0;63:0;56:0;51:0;52:0;57:0 | I62: 5 | J62: 0
C63: 1038 | D63: 1038 | E63: 1 | F63: 60:20;30:0;32:0;33:0;31:0;34:50;63:8;56:84;51:61;52:121;57:94 | G63: 60:30;30:0;32:0;33:0;31:0;34:60;63:8;56:130;51:60;52:105;57:95 | H63: 60:100;30:50;32:0;33:0;31:50;34:75;63:8;56:130;51:60;52:105;57:95 | I63: 5 | J63: 5 | K63: 100 | L63: 66 | M63: 33 | N63: 83 | O63: 165 | P63: 65 | Q63: 90 | R63: 65 | S63: 90
C64: 1039 | D64: 1039 | E64: 1 | F64: 60:30;30:0;32:0;33:0;31:0;34:50;63:11;56:84;51:58;52:115;57:91 | G64: 60:40;30:0;32:0;33:0;31:0;34:60;63:11;56:130;51:60;52:105;57:95 | H64: 60:100;30:50;32:0;33:0;31:60;34:75;63:11;56:130;51:60;52:105;57:95 | I64: 5 | J64: 5 | K64: 100 | L64: 66 | M64: 33 | N64: 87 | O64: 173 | P64: 65 | Q64: 90 | R64: 65 | S64: 90
C65: 1040 | D65: 1040 | E65: 1 | F65: 60:40;30:0;32:0;33:0;31:0;34:50;63:19;56:84;51:62;52:101;57:93 | G65: 60:50;30:0;32:0;33:0;31:0;34:60;63:19;56:130;51:60;52:105;57:95 | H65: 60:100;30:50;32:0;33:0;31:70;34:75;63:19;56:130;51:60;52:105;57:95 | I65: 5 | J65: 5 | K65: 100 | L65: 66 | M65: 33 | N65: 86 | O65: 173 | P65: 65 | Q65: 90 | R65: 65 | S65: 90
C66: 1041 | D66: 1041 | E66: 1 | F66: 60:50;30:0;32:0;33:0;31:0;34:50;63:20;56:85;51:62;52:108;57:93 | G66: 60:60;30:0;32:0;33:0;31:0;34:60;63:20;56:130;51:60;52:105;57:95 | H66: 60:100;30:50;32:0;33:0;31:75;34:75;63:20;56:130;51:60;52:105;57:95 | I66: 5 | J66: 5 | K66: 100 | L66: 66 | M66: 33 | N66: 86 | O66: 172 | P66: 65 | Q66: 90 | R66: 65 | S66: 90
C67: 1042 | D67: 1042 | E67: 1 | F67: 60:60;30:0;32:0;33:0;31:0;34:50;63:22;56:85;51:65;52:108;57:94 | G67: 60:75;30:0;32:0;33:0;31:0;34:60;63:22;56:130;51:60;52:105;57:95 | H67: 60:100;30:50;32:0;33:0;31:80;34:75;63:22;56:130;51:60;52:105;57:95 | I67: 5 | J67: 5 | K67: 100 | L67: 66 | M67: 33 | N67: 85 | O67: 172 | P67: 65 | Q67: 90 | R67: 65 | S67: 90
C68: 1043 | D68: 1043 | E68: 1 | F68: 60:0;30:0;32:0;33:0;31:0;34:0;63:12;56:84;51:34;52:101;57:101 | G68: 60:0;30:0;32:0;33:0;31:0;34:0;63:12;56:95;51:55;52:110;57:130 | H68: 60:20;30:20;32:33;33:33;31:100;34:20;63:12;56:95;51:55;52:110;57:130 | I68: 5 | J68: 5 | K68: 100 | L68: 100 | M68: 100 | N68: 58 | O68: 101 | P68: 60 | Q68: 100 | R68: 60 | S68: 100
C69: 1044 | D69: 1044 | E69: 1 | F69: 60:0;30:0;32:0;33:0;31:0;34:0;63:18;56:84;51:51;52:126;57:91 | G69: 60:0;30:0;32:0;33:0;31:0;34:0;63:18;56:95;51:55;52:110;57:130 | H69: 60:20;30:20;32:33;33:33;31:120;34:20;63:18;56:95;51:55;52:110;57:130 | I69: 5 | J69: 5 | K69: 100 | L69: 100 | M69: 100 | N69: 62 | O69: 101 | P69: 60 | Q69: 100 | R69: 60 | S69: 100
C70: 1045 | D70: 1045 | E70: 1 | F70: 60:0;30:0;32:0;33:0;31:0;34:0;63:25;56:84;51:51;52:117;57:95 | G70: 60:0;30:0;32:0;33:0;31:0;34:0;63:25;56:95;51:55;52:110;57:130 | H70: 60:20;30:20;32:33;33:33;31:130;34:20;63:25;56:95;51:55;52:110;57:130 | I70: 5 | J70: 5 | K70: 100 | L70: 100 | M70: 100 | N70: 67 | O70: 112 | P70: 60 | Q70: 100 | R70: 60 | S70: 100
C71: 1046 | D71: 1046 | E71: 1 | F71: 60:0;30:0;32:0;33:0;31:0;34:0;63:33;56:84;51:43;52:115;57:95 | G71: 60:0;30:0;32:0;33:0;31:0;34:0;63:33;56:95;51:55;52:110;57:130 | H71: 60:20;30:20;32:33;33:33;31:140;34:20;63:33;56:95;51:55;52:110;57:130 | I71: 5 | J71: 5 | K71: 100 | L71: 100 | M71: 100 | N71: 66 | O71: 111 | P71: 60 | Q71: 100 | R71: 60 | S71: 100
C72: 1047 | D72: 1047 | E72: 1 | F72: 60:20;30:0;32:0;33:0;31:0;34:0;63:40;56:85;51:47;52:121;57:92 | G72: 60:20;30:0;32:0;33:0;31:0;34:0;63:40;56:95;51:55;52:110;57:130 | H72: 60:40;30:20;32:33;33:33;31:150;34:20;63:40;56:95;51:55;52:110;57:130 | I72: 5 | J72: 5 | K72: 100 | L72: 100 | M72: 100 | N72: 65 | O72: 107 | P72: 60 | Q72: 100 | R72: 60 | S72: 100
C73: 1048 | D73: 1048 | E73: 1 | F73: 60:0;30:0;32:0;33:0;31:0;34:0;63:18;56:84;51:51;52:151;57:92 | G73: 60:0;30:0;32:0;33:0;31:0;34:0;63:18;56:110;51:50;52:130;57:120 | H73: 60:33;30:0;32:0;33:100;31:50;34:25;63:18;56:110;51:50;52:130;57:120 | I73: 5 | J73: 5 | K73: 100 | L73: 100 | M73: 100 | N73: 108 | O73: 151 | P73: 90 | Q73: 135 | R73: 90 | S73: 135
C74: 1049 | D74: 1049 | E74: 1 | F74: 60:0;30:0;32:0;33:0;31:0;34:0;63:18;56:84;51:51;52:151;57:92 | G74: 60:0;30:0;32:0;33:0;31:0;34:0;63:18;56:110;51:50;52:130;57:120 | H74: 60:33;30:0;32:0;33:100;31:50;34:25;63:18;56:110;51:50;52:130;57:120 | I74: 5 | J74: 5 | K74: 100 | L74: 100 | M74: 100 | N74: 108 | O74: 151 | P74: 90 | Q74: 135 | R74: 90 | S74: 135
... C111: 1086 | D111: 1086 | E111: 1 | F111: 60:0;30:0;32:0;33:0;31:0;34:0;63:30;56:63;51:47;52:116;57:93 | G111: 60:0;30:0;32:0;33:0;31:0;34:0;63:30;56:105;51:50;52:90;57:200 | H111: 60:15;30:0;32:0;33:0;31:120;34:0;63:30;56:105;51:45;52:80;57:200 | I111: 5 | J111: 5 | K111: 100 | L111: 100 | M111: 100 | N111: 58 | O111: 96 | P111: 60 | Q111: 100 | R111: 60 | S111: 100
C112: 1087 | D112: 1087 | E112: 1 | F112: 60:60;30:0;32:0;33:0;31:0;34:0;63:17;56:84;51:73;52:91;57:94 | G112: 60:70;30:0;32:0;33:0;31:0;34:0;63:17;56:120;51:45;52:60;57:70 | H112: 60:100;30:0;32:0;33:0;31:0;34:0;63:17;56:120;51:45;52:65;57:70 | I112: 5 | J112: 5 | N112: 21 | O112: 45 | P112: 20 | Q112: 40 | R112: 20 | S112: 40
C113: 1088 | D113: 1088 | E113: 1 | F113: 60:70;30:0;32:0;33:0;31:0;34:0;63:17;56:84;51:73;52:91;57:92 | G113: 60:80;30:0;32:0;33:0;31:0;34:0;63:17;56:120;51:45;52:60;57:70 | H113: 60:100;30:0;32:0;33:0;31:0;34:0;63:17;56:120;51:45;52:65;57:70 | I113: 5 | J113: 5 | N113: 23 | O113: 45 | P113: 20 | Q113: 40 | R113: 20 | S113: 40
C114: 1089 | D114: 1089 | E114: 1 | F114: 60:80;30:0;32:0;33:0;31:0;34:0;63:21;56:85;51:72;52:86;57:94 | G114: 60:90;30:0;32:0;33:0;31:0;34:0;63:21;56:120;51:45;52:60;57:70 | H114: 60:100;30:0;32:0;33:0;31:0;34:0;63:21;56:120;51:45;52:65;57:70 | I114: 5 | J114: 5 | N114: 21 | O114: 44 | P114: 20 | Q114: 40 | R114: 20 | S114: 40
C115: 1090 | D115: 1090 | E115: 1 | F115: 60:90;30:0;32:0;33:40;31:0;34:0;63:22;56:85;51:79;52:93;57:94 | G115: 60:90;30:0;32:0;33:70;31:0;34:0;63:22;56:120;51:45;52:60;57:70 | H115: 60:100;30:0;32:0;33:70;31:0;34:0;63:22;56:120;51:45;52:65;57:70 | I115: 5 | J115: 5 | N115: 22 | O115: 44 | P115: 20 | Q115: 40 | R115: 20 | S115: 40
C116: 1091 | D116: 1091 | E116: 1 | F116: 60:0;30:0;32:0;33:0;31:0;34:0;63:15;56:84;51:51;52:151;57:94 | G116: 60:0;30:0;32:0;33:0;31:0;34:0;63:15;56:145;51:55;52:110;57:120 | H116: 60:50;30:0;32:0;33:100;31:0;34:0;63:15;56:145;51:55;52:110;57:120 | I116: 5 | J116: 5 | K116: 100 | L116: 75 | M116: 50 | N116: 67 | O116: 111 | P116: 70 | Q116: 110 | R116: 70 | S116: 110
C117: 1092 | D117: 1092 | E117: 1 | F117: 60:0;30:0;32:0;33:0;31:0;34:0;63:17;56:84;51:55;52:155;57:94 | G117: 60:0;30:0;32:0;33:0;31:0;34:0;63:17;56:145;51:55;52:110;57:120 | H117: 60:50;30:0;32:0;33:105;31:0;34:0;63:17;56:145;51:55;52:110;57:120 | I117: 8 | J117: 5 | K117: 100 | L117: 75 | M117: 50 | N117: 68 | O117: 112 | P117: 70 | Q117: 110 | R117: 70 | S117: 110
C118: 1093 | D118: 1093 | E118: 1 | F118: 60:0;30:0;32:0;33:0;31:0;34:0;63:17;56:84;51:55;52:155;57:92 | G118: 60:0;30:0;32:0;33:0;31:0;34:0;63:17;56:145;51:55;52:110;57:120 | H118: 60:50;30:0;32:0;33:110;31:0;34:0;63:17;56:145;51:55;52:110;57:120 | I118: 10 | J118: 5 | K118: 100 | L118: 75 | M118: 50 | N118: 67 | O118: 112 | P118: 70 | Q118: 110 | R118: 70 | S118: 110
C119: 1094 | D119: 1094 | E119: 1 | F119: 60:0;30:0;32:0;33:0;31:0;34:0;63:19;56:84;51:47;52:147;57:93 | G119: 60:0;30:0;32:0;33:0;31:0;34:0;63:19;56:145;51:55;52:110;57:120 | H119: 60:50;30:0;32:0;33:115;31:0;34:0;63:19;56:145;51:55;52:110;57:120 | I119: 13 | J119: 5 | K119: 100 | L119: 75 | M119: 50 | N119: 68 | O119: 111 | P119: 70 | Q119: 110 | R119: 70 | S119: 110
C120: 1095 | D120: 1095 | E120: 1 | F120: 60:0;30:0;32:0;33:0;31:0;34:0;63:24;56:85;51:51;52:151;57:92 | G120: 60:0;30:0;32:0;33:0;31:0;34:0;63:24;56:145;51:55;52:110;57:120 | H120: 60:50;30:0;32:0;33:120;31:0;34:0;63:24;56:145;51:55;52:110;57:120 | I120: 15 | J120: 5 | K120: 100 | L120: 75 | M120: 50 | N120: 67 | O120: 111 | P120: 70 | Q120: 110 | R120: 70 | S120: 110
C121: 1096 | D121: 1096 | E121: 1 | F121: 60:0;30:0;32:0;33:0;31:0;34:70;63:14;56:84;51:56;52:112;57:93 | G121: 60:0;30:0;32:0;33:0;31:0;34:80;63:14;56:95;51:60;52:105;57:105 | H121: 60:50;30:0;32:0;33:33;31:33;34:100;63:14;56:95;51:60;52:105;57:105 | I121: 5 | J121: 5 | K121: 100 | L121: 66 | M121: 33 | N121: 68 | O121: 158 | P121: 100 | Q121: 140 | R121: 100 | S121: 140
C122: 1097 | D122: 1097 | E122: 1 | F122: 60:0;30:0;32:0;33:0;31:0;34:70;63:16;56:84;51:61;52:111;57:94 | G122: 60:0;30:0;32:0;33:0;31:0;34:80;63:16;56:95;51:60;52:105;57:105 | H122: 60:50;30:0;32:0;33:33;31:33;34:100;63:16;56:95;51:60;52:105;57:105 | I122: 5 | J122: 5 | K122: 100 | L122: 66 | M122: 33 | N122: 69 | O122: 157 | P122: 100 | Q122: 140 | R122: 100 | S122: 140
C123: 1098 | D123: 1098 | E123: 1 | F123: 60:0;30:0;32:0;33:0;31:0;34:70;63:18;56:84;51:51;52:109;57:92 | G123: 60:0;30:0;32:0;33:0;31:0;34:80;63:18;56:95;51:60;52:105;57:105 | H123: 60:50;30:0;32:0;33:33;31:33;34:105;63:18;56:95;51:60;52:105;57:105 | I123: 5 | J123: 5 | K123: 100 | L123: 66 | M123: 33 | N123: 69 | O123: 156 | P123: 100 | Q123: 140 | R123: 100 | S123: 140
C124: 1099 | D124: 1099 | E124: 1 | F124: 60:0;30:0;32:0;33:0;31:0;34:70;63:23;56:85;51:54;52:107;57:92 | G124: 60:0;30:0;32:0;33:0;31:0;34:80;63:23;56:95;51:60;52:105;57:105 | H124: 60:50;30:0;32:0;33:33;31:33;34:105;63:23;56:95;51:60;52:105;57:105 | I124: 5 | J124: 5 | K124: 100 | L124: 66 | M124: 33 | N124: 69 | O124: 155 | P124: 100 | Q124: 140 | R124: 100 | S124: 140
C125: 1100 | D125: 1100 | E125: 1 | F125: 60:0;30:0;32:0;33:0;31:0;34:70;63:25;56:85;51:57;52:107;57:93 | G125: 60:0;30:0;32:0;33:0;31:0;34:80;63:25;56:95;51:60;52:105;57:105 | H125: 60:50;30:0;32:0;33:33;31:33;34:110;63:25;56:95;51:60;52:105;57:105 | I125: 5 | J125: 5 | K125: 100 | L125: 66 | M125: 33 | N125: 70 | O125: 154 | P125: 100 | Q125: 140 | R125: 100 | S125: 140
C126: 1101 | D126: 1101 | E126: 1 | F126: 60:0;30:0;32:0;33:0;31:0;34:50;63:0;56:84;51:121;52:161;57:94 | G126: 60:0;30:0;32:0;33:0;31:0;34:50;63:15;56:120;51:110;52:140;57:160 | H126: 60:33;30:20;32:20;33:100;31:20;34:50;63:33;56:120;51:110;52:140;57:160 | I126: 8 | J126: 5 | K126: 100 | L126: 66 | M126: 33 | N126: 194 | O126: 238 | P126: 170 | Q126: 210 | R126: 170 | S126: 210
C127: 1102 | D127: 1102 | E127: 1 | F127: 60:0;30:0;32:0;33:0;31:0;34:50;63:0;56:84;51:117;52:151;57:92 | G127: 60:0;30:0;32:0;33:0;31:0;34:50;63:15;56:120;51:110;52:140;57:160 | H127: 60:33;30:100;32:100;33:20;31:20;34:50;63:33;56:120;51:110;52:140;57:160 | I127: 8 | J127: 5 | K127: 100 | L127: 66 | M127: 33 | N127: 193 | O127: 237 | P127: 170 | Q127: 210 | R127: 170 | S127: 210
... C130: 1105 | D130: 1105 | E130: 1 | F130: 60:0;30:0;32:0;33:0;31:0;34:50;63:0;56:84;51:121;52:153;57:93 | G130: 60:0;30:25;32:25;33:25;31:25;34:50;63:15;56:120;51:110;52:140;57:160 | H130: 60:33;30:100;32:66;33:66;31:66;34:50;63:33;56:120;51:110;52:140;57:160 | I130: 8 | J130: 5 | K130: 100 | L130: 66 | M130: 33 | N130: 192 | O130: 235 | P130: 170 | Q130: 210 | R130: 170 | S130: 210
C131: 1106 | D131: 1106 | E131: 1 | F131: 60:0;30:0;32:0;33:0;31:0;34:0;63:0;56:0;51:0;52:0;57:0 | G131: 60:0;30:0;32:0;33:0;31:0;34:0;63:0;56:0;51:;52:;57: | H131: 60:0;30:0;32:0;33:0;31:0;34:0;63:0;56:0;51:0;52:0;57:0 | I131: 5 | J131: 5
C132: 1107 | D132: 1107 | E132: 1 | F132: 60:0;30:0;32:0;33:0;31:0;34:0;63:0;56:0;51:0;52:0;57:0 | G132: 60:0;30:0;32:0;33:0;31:0;34:0;63:0;56:0;51:;52:;57: | H132: 60:0;30:0;32:0;33:0;31:0;34:0;63:0;56:0;51:0;52:0;57:0 | I132: 5 | J132: 5
C133: 1108 | D133: 1108 | E133: 1 | F133: 60:0;30:0;32:0;33:0;31:0;34:0;63:0;56:0;51:0;52:0;57:0 | G133: 60:0;30:0;32:0;33:0;31:0;34:0;63:0;56:0;51:;52:;57: | H133: 60:0;30:0;32:0;33:0;31:0;34:0;63:0;56:0;51:0;52:0;57:0 | I133: 5 | J133: 5
C134: 1109 | D134: 1109 | E134: 1 | F134: 60:0;30:0;32:0;33:0;31:0;34:0;63:0;56:0;51:0;52:0;57:0 | G134: 60:0;30:0;32:0;33:0;31:0;34:0;63:0;56:0;51:;52:;57: | H134: 60:0;30:0;32:0;33:0;31:0;34:0;63:0;56:0;51:0;52:0;57:0 | I134: 5 | J134: 5
C135: 1110 | D135: 1110 | E135: 1 | F135: 60:0;30:0;32:0;33:0;31:0;34:0;63:15;56:84;51:91;52:121;57:94 | G135: 60:0;30:0;32:0;33:0;31:0;34:0;63:15;56:85;51:80;52:110;57:85 | H135: 60:0;30:0;32:25;33:0;31:0;34:110;63:15;56:85;51:80;52:110;57:85 | I135: 5 | J135: 5 | K135: 100 | L135: 100 | M135: 100 | N135: 67 | O135: 107 | P135: 60 | Q135: 90 | R135: 60 | S135: 90
C136: 1111 | D136: 1111 | E136: 1 | F136: 60:0;30:0;32:0;33:0;31:0;34:0;63:16;56:84;51:91;52:121;57:94 | G136: 60:0;30:0;32:0;33:0;31:0;34:0;63:16;56:85;51:80;52:110;57:85 | H136: 60:0;30:0;32:25;33:100;31:0;34:25;63:16;56:85;51:80;52:110;57:85 | I136: 5 | J136: 5 | K136: 100 | L136: 100 | M136: 100 | N136: 66 | O136: 107 | P136: 60 | Q136: 90 | R136: 60 | S136: 90
C137: 1112 | D137: 1112 | E137: 1 | F137: 60:0;30:0;32:0;33:0;31:0;34:0;63:22;56:85;51:93;52:122;57:94 | G137: 60:0;30:0;32:0;33:0;31:0;34:0;63:22;56:85;51:80;52:110;57:85 | H137: 60:0;30:0;32:100;33:0;31:0;34:25;63:22;56:85;51:80;52:110;57:85 | I137: 5 | J137: 5 | K137: 100 | L137: 100 | M137: 100 | N137: 66 | O137: 107 | P137: 60 | Q137: 90 | R137: 60 | S137: 90
C138: 1113 | D138: 1113 | E138: 1 | F138: 60:0;30:0;32:0;33:0;31:0;34:0;63:23;56:85;51:94;52:121;57:92 | G138: 60:0;30:0;32:0;33:0;31:0;34:0;63:23;56:85;51:80;52:110;57:85 | H138: 60:0;30:0;32:25;33:100;31:0;34:25;63:23;56:85;51:80;52:110;57:85 | I138: 5 | J138: 5 | K138: 100 | L138: 100 | M138: 100 | N138: 65 | O138: 107 | P138: 60 | Q138: 90 | R138: 60 | S138: 90
C139: 1114 | D139: 1114 | E139: 1 | F139: 60:0;30:0;32:0;33:0;31:0;34:0;63:21;56:85;51:51;52:122;57:94 | G139: 60:0;30:0;32:0;33:0;31:0;34:0;63:21;56:95;51:50;52:95;57:90 | H139: 60:0;30:0;32:0;33:33;31:0;34:105;63:21;56:95;51:50;52:95;57:90 | I139: 5 | J139: 5 | K139: 100 | L139: 75 | M139: 50 | N139: 21 | O139: 107 | P139: 20 | Q139: 100 | R139: 20 | S139: 100
C140: 1115 | D140: 1115 | E140: 1 | F140: 60:0;30:0;32:0;33:0;31:0;34:0;63:23;56:85;51:54;52:121;57:92 | G140: 60:0;30:0;32:0;33:0;31:0;34:0;63:23;56:95;51:50;52:95;57:90 | H140: 60:0;30:0;32:0;33:33;31:0;34:110;63:23;56:95;51:50;52:95;57:90 | I140: 5 | J140: 5 | K140: 100 | L140: 75 | M140: 50 | N140: 21 | O140: 107 | P140: 20 | Q140: 100 | R140: 20 | S140: 100
C141: 1116 | D141: 1116 | E141: 1 | F141: 60:0;30:0;32:0;33:0;31:0;34:0;63:22;56:85;51:51;52:122;57:94 | G141: 60:0;30:0;32:0;33:0;31:0;34:0;63:22;56:95;51:50;52:95;57:90 | H141: 60:0;30:0;32:0;33:33;31:0;34:115;63:22;56:95;51:50;52:95;57:90 | I141: 5 | J141: 5 | K141: 100 | L141: 75 | M141: 50 | N141: 22 | O141: 107 | P141: 20 | Q141: 100 | R141: 20 | S141: 100
C142: 1117 | D142: 1117 | E142: 1 | F142: 60:0;30:0;32:0;33:0;31:0;34:0;63:24;56:85;51:51;52:119;57:92 | G142: 60:0;30:0;32:0;33:0;31:0;34:0;63:24;56:95;51:50;52:95;57:90 | H142: 60:0;30:0;32:0;33:33;31:0;34:120;63:24;56:95;51:50;52:95;57:90 | I142: 5 | J142: 5 | K142: 100 | L142: 75 | M142: 50 | N142: 21 | O142: 107 | P142: 20 | Q142: 100 | R142: 20 | S142: 100
C143: 1118 | D143: 1118 | E143: 1 | F143: 60:40;30:0;32:0;33:50;31:0;34:0;63:21;56:85;51:36;52:151;57:94 | G143: 60:40;30:0;32:0;33:70;31:0;34:0;63:21;56:115;51:45;52:115;57:120 | H143: 60:60;30:0;32:0;33:100;31:0;34:0;63:21;56:115;51:45;52:115;57:120 | I143: 5 | J143: 5 | N143: 44 | O143: 87 | P143: 45 | Q143: 85 | R143: 45 | S143: 85
C144: 1119 | D144: 1119 | E144: 1 | F144: 60:50;30:0;32:0;33:60;31:0;34:0;63:23;56:85;51:34;52:154;57:92 | G144: 60:50;30:0;32:0;33:80;31:0;34:0;63:23;56:115;51:45;52:115;57:120 | H144: 60:70;30:0;32:0;33:105;31:0;34:0;63:23;56:115;51:45;52:115;57:120 | I144: 5 | J144: 5 | N144: 44 | O144: 86 | P144: 45 | Q144: 85 | R144: 45 | S144: 85
C145: 1120 | D145: 1120 | E145: 1 | F145: 60:60;30:0;32:0;33:70;31:0;34:0;63:26;56:84;51:36;52:153;57:93 | G145: 60:60;30:0;32:0;33:85;31:0;34:0;63:26;56:115;51:45;52:115;57:120 | H145: 60:80;30:0;32:0;33:110;31:0;34:0;63:26;56:115;51:45;52:115;57:120 | I145: 5 | J145: 5 | N145: 45 | O145: 86 | P145: 45 | Q145: 85 | R145: 45 | S145: 85
C146: 1121 | D146: 1121 | E146: 1 | F146: 60:70;30:0;32:0;33:80;31:0;34:0;63:28;56:84;51:34;52:151;57:93 | G146: 60:70;30:0;32:0;33:100;31:0;34:0;63:28;56:115;51:45;52:115;57:120 | H146: 60:90;30:0;32:0;33:115;31:0;34:0;63:28;56:115;51:45;52:115;57:120 | I146: 5 | J146: 5 | N146: 44 | O146: 87 | P146: 45 | Q146: 85 | R146: 45 | S146: 85
C147: 1122 | D147: 1122 | E147: 1 | F147: 60:0;30:0;32:0;33:0;31:0;34:0;63:12;56:84;51:88;52:138;57:92 | G147: 60:0;30:0;32:0;33:0;31:0;34:0;63:12;56:135;51:80;52:120;57:100 | H147: 60:50;30:0;32:110;33:0;31:0;34:50;63:12;56:135;51:80;52:120;57:100 | I147: 8 | J147: 5 | K147: 100 | L147: 75 | M147: 50 | N147: 155 | O147: 192 | P147: 150 | Q147: 190 | R147: 150 | S147: 190
C148: 1123 | D148: 1123 | E148: 1 | F148: 60:0;30:0;32:0;33:0;31:0;34:0;63:16;56:84;51:91;52:151;57:94 | G148: 60:0;30:0;32:0;33:0;31:0;34:0;63:16;56:135;51:80;52:120;57:100 | H148: 60:50;30:0;32:0;33:105;31:0;34:55;63:16;56:135;51:80;52:120;57:100 | I148: 8 | J148: 5 | K148: 100 | L148: 75 | M148: 50 | N148: 151 | O148: 191 | P148: 150 | Q148: 190 | R148: 150 | S148: 190
C149: 1124 | D149: 1124 | E149: 1 | F149: 60:0;30:0;32:0;33:0;31:0;34:0;63:21;56:85;51:86;52:143;57:94 | G149: 60:0;30:0;32:0;33:0;31:0;34:0;63:21;56:135;51:70;52:105;57:100 | H149: 60:50;30:0;32:0;33:0;31:0;34:110;63:21;56:135;51:70;52:105;57:100 | I149: 8 | J149: 5 | K149: 100 | L149: 75 | M149: 50 | N149: 151 | O149: 191 | P149: 150 | Q149: 190 | R149: 150 | S149: 190
C150: 1125 | D150: 1125 | E150: 1 | F150: 60:0;30:0;32:0;33:0;31:0;34:0;63:22;56:85;51:93;52:151;57:94 | G150: 60:0;30:0;32:0;33:0;31:0;34:0;63:22;56:135;51:70;52:105;57:100 | H150: 60:50;30:0;32:115;33:0;31:0;34:60;63:22;56:135;51:70;52:105;57:100 | I150: 8 | J150: 5 | K150: 100 | L150: 75 | M150: 50 | N150: 151 | O150: 192 | P150: 150 | Q150: 190 | R150: 150 | S150: 190
C151: 1126 | D151: 1126 | E151: 1 | F151: 60:0;30:0;32:0;33:0;31:0;34:0;63:23;56:85;51:94;52:147;57:92 | G151: 60:0;30:0;32:0;33:0;31:0;34:0;63:23;56:135;51:70;52:105;57:100 | H151: 60:50;30:0;32:120;33:0;31:0;34:65;63:23;56:135;51:70;52:105;57:100 | I151: 8 | J151: 5 | K151: 100 | L151: 75 | M151: 50 | N151: 151 | O151: 190 | P151: 150 | Q151: 190 | R151: 150 | S151: 190
C152: 1127 | D152: 1127 | E152: 1 | F152: 60:0;30:0;32:0;33:0;31:0;34:0;63:21;56:85;51:86;52:143;57:94 | G152: 60:0;30:0;32:0;33:0;31:0;34:0;63:21;56:140;51:90;52:160;57:105 | H152: 60:25;30:0;32:0;33:0;31:120;34:0;63:21;56:140;51:90;52:160;57:105 | I152: 10 | J152: 5 | K152: 100 | L152: 85 | M152: 75 | N152: 153 | O152: 248 | P152: 190 | Q152: 230 | R152: 190 | S152: 230
C153: 1128 | D153: 1128 | E153: 1 | F153: 60:0;30:0;32:0;33:0;31:0;34:0;63:22;56:85;51:93;52:151;57:94 | G153: 60:0;30:0;32:0;33:0;31:0;34:0;63:22;56:140;51:90;52:160;57:105 | H153: 60:25;30:0;32:0;33:0;31:130;34:0;63:22;56:140;51:90;52:160;57:105 | I153: 10 | J153: 5 | K153: 100 | L153: 85 | M153: 75 | N153: 153 | O153: 248 | P153: 190 | Q153: 230 | R153: 190 | S153: 230
C154: 1129 | D154: 1129 | E154: 1 | F154: 60:0;30:0;32:0;33:0;31:0;34:0;63:23;56:85;51:87;52:147;57:92 | G154: 60:0;30:0;32:0;33:0;31:0;34:0;63:23;56:140;51:90;52:160;57:105 | H154: 60:25;30:0;32:0;33:0;31:140;34:0;63:23;56:140;51:90;52:160;57:105 | I154: 10 | J154: 5 | K154: 100 | L154: 85 | M154: 75 | N154: 153 | O154: 248 | P154: 190 | Q154: 230 | R154: 190 | S154: 230
C155: 1130 | D155: 1130 | E155: 1 | F155: 60:0;30:0;32:0;33:0;31:0;34:0;63:27;56:84;51:89;52:148;57:93 | G155: 60:0;30:0;32:0;33:0;31:0;34:0;63:27;56:140;51:90;52:160;57:105 | H155: 60:25;30:0;32:0;33:0;31:150;34:0;63:27;56:140;51:90;52:160;57:105 | I155: 10 | J155: 5 | K155: 100 | L155: 85 | M155: 75 | N155: 152 | O155: 247 | P155: 190 | Q155: 230 | R155: 190 | S155: 230
C156: 1131 | D156: 1131 | E156: 1 | F156: 60:30;30:0;32:0;33:0;31:50;34:0;63:19;56:84;51:47;52:116;57:93 | G156: 60:30;30:0;32:0;33:0;31:50;34:50;63:19;56:100;51:50;52:100;57:120 | H156: 60:30;30:0;32:33;33:25;31:110;34:50;63:19;56:100;51:50;52:100;57:120 | I156: 8 | J156: 5 | K156: 100 | L156: 85 | M156: 75 | N156: 153 | O156: 211 | P156: 150 | Q156: 200 | R156: 150 | S156: 200
C157: 1132 | D157: 1132 | E157: 1 | F157: 60:40;30:0;32:0;33:0;31:50;34:0;63:23;56:85;51:54;52:121;57:92 | G157: 60:35;30:0;32:0;33:0;31:50;34:50;63:23;56:100;51:50;52:100;57:120 | H157: 60:35;30:0;32:33;33:25;31:120;34:50;63:23;56:100;51:50;52:100;57:120 | I157: 8 | J157: 5 | K157: 100 | L157: 85 | M157: 75 | N157: 153 | O157: 209 | P157: 150 | Q157: 200 | R157: 150 | S157: 200
