Workbook

Sheet 装备表
B1: equipment.xml | H1: equipment.xml | R1: equipment.xml | W1: equipment.xml | AD1: equipment.xml
E3: 道具ID 1~9999 装备ID 10000+ | F3: 装备名称 | G3: 装备描述 | H3: 装备图标 | I3: 占用物品栏 宽度 | J3: 占用物品栏 高度 | K3: 装备类型 1-单手剑 2-单手斧 3-单手锤 4-匕首 5-双手剑 6-双手斧 7-双手锤 8-法杖 9-弓 10-长柄 11-盾牌 21-头盔 22-衣服 23-手套 24-鞋子 25-腰带 31-项链 32-戒指 98-魂灯 99-火炬 | L3: 稀有度 1-普通 2-精良 3-稀有 4-史诗 5-传奇 6-套装 | M3: 套装ID 能够激活哪个套装 | N3: 装备基础价格 | O3: 掉落权重 当前：3/5/1 这个字段不生效，全靠掉落表参数 | P3: 商店随机权重 当前：3/5/1 | Q3: 赌博权重 当前：0/60/30/8/2 | R3: 职业限制 0或不填-无限制 1-野蛮人 2-女巫 3-圣骑士 4-死灵法师 5-游侠 6-刺客 7-死亡骑士 8-萨满 | S3: 基础属性 武器基础属性：最小攻击力-最大攻击力 防具基础属性：护甲值 火炬基础照亮范围和时间 | T3: 词缀中文id | U3: 词缀属性 1:属性表--id,min,max 2:buff--id 3:passive--id 4:bd--id | V3: 随机词缀的类 填id表示允许出现这些类别 | W3: 装备技能 武器上自带的主动技能ID | X3: 装备buff 自带buff 火炬开关会导致buff上或者下 | Y3: 武器攻速 攻击间隔(MS) | Z3: 装备重量 （待定） | AA3: 穿戴模型 | AB3: 装备特效 特效文件尾号 | AC3: 掉落模型 | AD3: 掉落音效 | AE3: 拾取音效 | AF3: 是否地图专属掉落 1-是 0-不填不是 | AG3: 是否可丢弃 1-不可丢弃 0或不填可丢弃 | AH3: 是否可分解 1-不可分解 0或不填可分解 | AI3: 任务道具关联的任务ID (控制道具是否继续掉落）
E4: id_i | F4: name_i | G4: desc_i | H4: icon_l | I4: invwidth_i | J4: invheight_i | K4: type_i | L4: rarity_i | M4: set_id_i | N4: base_price_i | O4: chance_i | P4: shop_chance_i | Q4: gamble_chance_i | R4: vocation_i | S4: base_attri_m | T4: chinese_i | U4: affix_attri_n | V4: item_affix_l | W4: weapon_skill_i | X4: weapon_buff_l | Y4: weapon_atkspeed_i | Z4: weight_i | AA4: wearmodel_i | AB4: effect_s | AC4: dropmodel_i | AD4: dropsound_i | AE4: pickupsound_i | AF4: exclusive_i | AG4: discard_i | AH4: disassemble_i | AI4: task_id_i
E5: 0 | F5: 0 | G5: 0 | H5: 0 | I5: 0 | J5: 0 | K5: 0 | L5: 1 | M5: 0 | N5: 0 | O5: 0 | P5: 0 | Q5: 0 | R5: 0 | S5: 0:0 | T5: 0 | U5: 0:0 | V5: 0 | W5: 0 | X5: 0 | Y5: 0 | Z5: 0 | AA5: 0 | AB5: 0 | AC5: 0 | AD5: 0 | AE5: 0 | AF5: 0 | AG5: 0 | AH5: 0 | AI5: 0
B6: 测试装备:三骰子,血量,幸运 | E6: 90000 | F6: 11672 | G6: 12672 | H6: 5504 | I6: 1 | J6: 1 | K6: 32 | L6: 1 | M6: 0 | N6: 999999 | O6: 0 | P6: 0 | Q6: 0 | R6: 0 | S6: 0:0 | T6: 0 | U6: 1:501,999,999,502,999,999,517,999,999,300,999999,999999,104,9999,9999 | V6: 9999 | W6: 0 | X6: 0 | Y6: 0 | Z6: 0 | AA6: 0 | AC6: 1026 | AD6: 0 | AE6: 0 | AF6: 0 | AG6: 0 | AH6: 0 | AI6: 0
B7: 武器 | C7: 单手剑 | E7: 10001 | F7: 10001 | G7: 0 | H7: 6561,6562,6563,6564,6565 | I7: 1 | J7: 3 | K7: 1 | L7: 1 | M7: 0 | N7: 5 | O7: 100 | P7: 100 | Q7: 0 | R7: 0 | S7: 233:4;234:8;219:8 | T7: 0 | U7: 0:0 | V7: 9999 | W7: 10049 | Y7: 1200 | Z7: 0 | AA7: 1090101 | AB7: _06 | AC7: 1001 | AD7: 0 | AE7: 0 | AF7: 0 | AG7: 0 | AH7: 0 | AI7: 0
C8: 单手斧 | E8: 10201 | F8: 10002 | G8: 0 | H8: 6541,6542,6543,6544,6545 | I8: 2 | J8: 3 | K8: 2 | L8: 1 | M8: 0 | N8: 5 | O8: 100 | P8: 100 | Q8: 0 | R8: 0 | S8: 233:3;234:9;219:10 | T8: 0 | U8: 0:0 | V8: 9999 | W8: 10008 | Y8: 1100 | Z8: 0 | AA8: 1090401 | AB8: _03 | AC8: 1003 | AD8: 0 | AE8: 0 | AF8: 0 | AG8: 0 | AH8: 0 | AI8: 0
C9: 单手锤 | E9: 10301 | F9: 10003 | G9: 0 | H9: 6521,6522,6523,6524,6525 | I9: 1 | J9: 3 | K9: 3 | L9: 1 | M9: 0 | N9: 5 | O9: 100 | P9: 100 | Q9: 0 | R9: 0 | S9: 233:3;234:10;219:5 | T9: 0 | U9: 0:0 | V9: 9999 | W9: 10051 | Y9: 1100 | Z9: 0 | AA9: 1092001 | AB9: _03 | AC9: 1007 | AD9: 0 | AE9: 0 | AF9: 0 | AG9: 0 | AH9: 0 | AI9: 0
C10: 匕首 | E10: 10401 | F10: 10004 | G10: 0 | H10: 6501,6502,6503,6504,6505 | I10: 1 | J10: 3 | K10: 4 | L10: 1 | M10: 0 | N10: 5 | O10: 100 | P10: 100 | Q10: 0 | R10: 0 | S10: 233:3;234:5;219:8 | T10: 0 | U10: 0:0 | V10: 9999 | W10: 10024 | Y10: 800 | Z10: 0 | AA10: 1090501 | AB10: _03 | AC10: 1001 | AD10: 0 | AE10: 0 | AF10: 0 | AG10: 0 | AH10: 0 | AI10: 0
C11: 双手剑 | E11: 10501 | F11: 10005 | G11: 0 | H11: 6681,6682,6683,6684,6685 | I11: 1 | J11: 4 | K11: 5 | L11: 1 | M11: 0 | N11: 5 | O11: 100 | P11: 100 | Q11: 0 | R11: 0 | S11: 233:6;234:13;219:15 | T11: 0 | U11: 0:0 | V11: 9999 | W11: 10053 | Y11: 1300 | Z11: 0 | AA11: 1090201 | AB11: _10 | AC11: 1002 | AD11: 0 | AE11: 0 | AF11: 0 | AG11: 0 | AH11: 0 | AI11: 0
C12: 双手斧 | E12: 10601 | F12: 10006 | G12: 0 | H12: 6661,6662,6663,6664,6665 | I12: 2 | J12: 3 | K12: 6 | L12: 1 | M12: 0 | N12: 5 | O12: 100 | P12: 100 | Q12: 0 | R12: 0 | S12: 233:6;234:15;219:20 | T12: 0 | U12: 0:0 | V12: 9999 | W12: 10055 | Y12: 1400 | Z12: 0 | AA12: 1091021 | AB12: _10 | AC12: 1004 | AD12: 0 | AE12: 0 | AF12: 0 | AG12: 0 | AH12: 0 | AI12: 0
C13: 双手锤 | E13: 10701 | F13: 10007 | G13: 0 | H13: 6641,6642,6643,6644,6645 | I13: 2 | J13: 4 | K13: 7 | L13: 1 | M13: 0 | N13: 5 | O13: 100 | P13: 100 | Q13: 0 | R13: 0 | S13: 233:4;234:20;219:12 | T13: 0 | U13: 0:0 | V13: 9999 | W13: 10057 | Y13: 1500 | Z13: 0 | AA13: 1092101 | AB13: _10 | AC13: 1021 | AD13: 0 | AE13: 0 | AF13: 0 | AG13: 0 | AH13: 0 | AI13: 0
C14: 火法杖 | E14: 10801 | F14: 10008 | G14: 0 | H14: 6601,6602,6603,6604,6605 | I14: 1 | J14: 4 | K14: 8 | L14: 1 | M14: 0 | N14: 5 | O14: 100 | P14: 100 | Q14: 0 | R14: 0 | S14: 233:5;234:10;219:15 | T14: 0 | U14: 0:0 | V14: 9999 | W14: 10001 | Y14: 1000 | Z14: 0 | AA14: 1091302 | AB14: _08 | AC14: 1013 | AD14: 0 | AE14: 0 | AF14: 0 | AG14: 0 | AH14: 0 | AI14: 0
C15: 弓 | E15: 10901 | F15: 10009 | G15: 0 | H15: 6621,6622,6623,6624,6625 | I15: 2 | J15: 3 | K15: 9 | L15: 1 | M15: 0 | N15: 5 | O15: 100 | P15: 100 | Q15: 0 | R15: 0 | S15: 233:6;234:12;219:20 | T15: 0 | U15: 0:0 | V15: 9999 | W15: 10026 | Y15: 1400 | Z15: 0 | AA15: 1091701 | AB15: _13 | AC15: 1017 | AD15: 0 | AE15: 0 | AF15: 0 | AG15: 0 | AH15: 0 | AI15: 0
C16: 长柄武器 | E16: 11001 | F16: 10010 | G16: 0 | H16: 6701,6702,6703,6704,6705 | I16: 2 | J16: 4 | K16: 10 | L16: 1 | M16: 0 | N16: 5 | O16: 100 | P16: 100 | Q16: 0 | R16: 0 | S16: 233:8;234:15;219:15 | T16: 0 | U16: 0:0 | V16: 9999 | W16: 10048 | Y16: 1650 | Z16: 0 | AA16: 1091002 | AB16: _12 | AC16: 1010 | AD16: 0 | AE16: 0 | AF16: 0 | AG16: 0 | AH16: 0 | AI16: 0
C17: 盾牌 | E17: 11101 | F17: 10011 | G17: 0 | H17: 6581,6582,6583,6584,6585 | I17: 2 | J17: 2 | K17: 11 | L17: 1 | M17: 0 | N17: 5 | O17: 100 | P17: 100 | Q17: 0 | R17: 0 | S17: 305:102;313:10 | T17: 0 | U17: 0:0 | V17: 9999 | W17: 0 | Y17: 0 | Z17: 0 | AA17: 1091901 | AC17: 1019 | AD17: 0 | AE17: 0 | AF17: 0 | AG17: 0 | AH17: 0 | AI17: 0
C18: 冰法杖 | E18: 11201 | F18: 10008 | G18: 0 | H18: 6601,6602,6603,6604,6605 | I18: 1 | J18: 4 | K18: 8 | L18: 1 | M18: 0 | N18: 5 | O18: 100 | P18: 100 | Q18: 0 | R18: 0 | S18: 233:5;234:10;219:15 | T18: 0 | U18: 0:0 | V18: 9999 | W18: 10003 | Y18: 1200 | Z18: 0 | AA18: 1091302 | AB18: _08 | AC18: 1013 | AD18: 0 | AE18: 0 | AF18: 0 | AG18: 0 | AH18: 0 | AI18: 0
C19: 雷法杖 | E19: 11301 | F19: 10008 | G19: 0 | H19: 6601,6602,6603,6604,6605 | I19: 1 | J19: 4 | K19: 8 | L19: 1 | M19: 0 | N19: 5 | O19: 100 | P19: 100 | Q19: 0 | R19: 0 | S19: 233:5;234:10;219:15 | T19: 0 | U19: 0:0 | V19: 9999 | W19: 10004 | Y19: 1500 | Z19: 0 | AA19: 1091302 | AB19: _08 | AC19: 1013 | AD19: 0 | AE19: 0 | AF19: 0 | AG19: 0 | AH19: 0 | AI19: 0
C20: 毒法杖 | E20: 11401 | F20: 10008 | G20: 0 | H20: 6601,6602,6603,6604,6605 | I20: 1 | J20: 4 | K20: 8 | L20: 1 | M20: 0 | N20: 5 | O20: 100 | P20: 100 | Q20: 0 | R20: 0 | S20: 233:5;234:10;219:11 | T20: 0 | U20: 0:0 | V20: 9999 | W20: 10006 | Y20: 1200 | Z20: 0 | AA20: 1091302 | AB20: _08 | AC20: 1013 | AD20: 0 | AE20: 0 | AF20: 0 | AG20: 0 | AH20: 0 | AI20: 0
C21: 骨魂法杖 | E21: 11501 | F21: 10008 | G21: 0 | H21: 6601,6602,6603,6604,6605 | I21: 1 | J21: 4 | K21: 8 | L21: 1 | M21: 0 | N21: 5 | O21: 100 | P21: 100 | Q21: 0 | R21: 0 | S21: 233:5;234:10;219:6 | T21: 0 | U21: 0:0 | V21: 9999 | W21: 10007 | Y21: 1500 | Z21: 0 | AA21: 1091302 | AB21: _08 | AC21: 1013 | AD21: 0 | AE21: 0 | AF21: 0 | AG21: 0 | AH21: 0 | AI21: 0
B22: 防具 | C22: 头盔 | E22: 12101 | F22: 10012 | G22: 0 | H22: 5401,5416,5431 | I22: 2 | J22: 2 | K22: 21 | L22: 1 | M22: 0 | N22: 5 | O22: 100 | P22: 100 | Q22: 0 | R22: 0 | S22: 305:30 | T22: 0 | U22: 0:0 | V22: 9999 | W22: 0 | Y22: 0 | Z22: 0 | AA22: 0 | AC22: 1023 | AD22: 0 | AE22: 0 | AF22: 0 | AG22: 0 | AH22: 0 | AI22: 0
C23: 衣服 | E23: 12201 | F23: 10013 | G23: 0 | H23: 5801,5816,5831 | I23: 2 | J23: 3 | K23: 22 | L23: 1 | M23: 0 | N23: 5 | O23: 100 | P23: 100 | Q23: 0 | R23: 0 | S23: 305:60 | T23: 0 | U23: 0:0 | V23: 9999 | W23: 0 | Y23: 0 | Z23: 0 | AA23: 0 | AC23: 1022 | AD23: 0 | AE23: 0 | AF23: 0 | AG23: 0 | AH23: 0 | AI23: 0
C24: 手套 | E24: 12301 | F24: 10014 | G24: 0 | H24: 5301,5316,5331 | I24: 2 | J24: 2 | K24: 23 | L24: 1 | M24: 0 | N24: 5 | O24: 100 | P24: 100 | Q24: 0 | R24: 0 | S24: 305:30 | T24: 0 | U24: 0:0 | V24: 9999 | W24: 0 | Y24: 0 | Z24: 0 | AA24: 0 | AC24: 1028 | AD24: 0 | AE24: 0 | AF24: 0 | AG24: 0 | AH24: 0 | AI24: 0
C25: 鞋子 | E25: 12401 | F25: 10015 | G25: 0 | H25: 5601,5616,5631 | I25: 2 | J25: 2 | K25: 24 | L25: 1 | M25: 0 | N25: 5 | O25: 100 | P25: 100 | Q25: 0 | R25: 0 | S25: 305:40 | T25: 0 | U25: 0:0 | V25: 9999 | W25: 0 | Y25: 0 | Z25: 0 | AA25: 0 | AC25: 1025 | AD25: 0 | AE25: 0 | AF25: 0 | AG25: 0 | AH25: 0 | AI25: 0
C26: 腰带 | E26: 12501 | F26: 10016 | G26: 0 | H26: 5701,5716,5731 | I26: 2 | J26: 1 | K26: 25 | L26: 1 | M26: 0 | N26: 5 | O26: 100 | P26: 100 | Q26: 0 | R26: 0 | S26: 305:30 | T26: 0 | U26: 0:0 | V26: 9999 | W26: 0 | Y26: 0 | Z26: 0 | AA26: 0 | AC26: 1024 | AD26: 0 | AE26: 0 | AF26: 0 | AG26: 0 | AH26: 0 | AI26: 0
B27: 首饰 | C27: 项链 | E27: 13101 | F27: 10017 | G27: 0 | H27: 5501,5502,5503 | I27: 1 | J27: 1 | K27: 31 | L27: 1 | M27: 0 | N27: 5 | O27: 0 | P27: 0 | Q27: 0 | R27: 0 | S27: 0:0 | T27: 0 | U27: 0:0 | V27: 9999 | W27: 0 | Y27: 0 | Z27: 0 | AA27: 0 | AC27: 1026 | AD27: 0 | AE27: 0 | AF27: 0 | AG27: 0 | AH27: 0 | AI27: 0
C28: 戒指 | E28: 13201 | F28: 10018 | G28: 0 | H28: 5516,5517,5518 | I28: 1 | J28: 1 | K28: 32 | L28: 1 | M28: 0 | N28: 5 | O28: 0 | P28: 0 | Q28: 0 | R28: 0 | S28: 0:0 | T28: 0 | U28: 0:0 | V28: 9999 | W28: 0 | Y28: 0 | Z28: 0 | AA28: 0 | AC28: 1027 | AD28: 0 | AE28: 0 | AF28: 0 | AG28: 0 | AH28: 0 | AI28: 0
B29: 武器 | C29: 单手剑 | E29: 10002 | F29: 10019 | G29: 0 | H29: 6561,6562,6563,6564,6565 | I29: 1 | J29: 3 | K29: 1 | L29: 2 | M29: 0 | N29: 10 | O29: 34 | P29: 34 | Q29: 1289 | R29: 0 | S29: 233:5;234:10;219:8 | T29: 0 | U29: 0:0 | V29: 101 | W29: 10049 | Y29: 1200 | Z29: 0 | AA29: 1090101 | AB29: _06 | AC29: 1001 | AD29: 0 | AE29: 0 | AF29: 0 | AG29: 0 | AH29: 0 | AI29: 0
C30: 单手斧 | E30: 10202 | F30: 10020 | G30: 0 | H30: 6541,6542,6543,6544,6545 | I30: 2 | J30: 3 | K30: 2 | L30: 2 | M30: 0 | N30: 10 | O30: 34 | P30: 34 | Q30: 1289 | R30: 0 | S30: 233:4;234:12;219:10 | T30: 0 | U30: 0:0 | V30: 201 | W30: 10008 | Y30: 1100 | Z30: 0 | AA30: 1090401 | AB30: _03 | AC30: 1003 | AD30: 0 | AE30: 0 | AF30: 0 | AG30: 0 | AH30: 0 | AI30: 0
C31: 单手锤 | E31: 10302 | F31: 10021 | G31: 0 | H31: 6521,6522,6523,6524,6525 | I31: 1 | J31: 3 | K31: 3 | L31: 2 | M31: 0 | N31: 10 | O31: 34 | P31: 34 | Q31: 1289 | R31: 0 | S31: 233:4;234:13;219:5 | T31: 0 | U31: 0:0 | V31: 301 | W31: 10051 | Y31: 1100 | Z31: 0 | AA31: 1092001 | AB31: _03 | AC31: 1007 | AD31: 0 | AE31: 0 | AF31: 0 | AG31: 0 | AH31: 0 | AI31: 0
C32: 匕首 | E32: 10402 | F32: 10022 | G32: 0 | H32: 6501,6502,6503,6504,6505 | I32: 1 | J32: 3 | K32: 4 | L32: 2 | M32: 0 | N32: 10 | O32: 34 | P32: 34 | Q32: 1289 | R32: 0 | S32: 233:4;234:6;219:8 | T32: 0 | U32: 0:0 | V32: 401 | W32: 10024 | Y32: 800 | Z32: 0 | AA32: 1090501 | AB32: _03 | AC32: 1001 | AD32: 0 | AE32: 0 | AF32: 0 | AG32: 0 | AH32: 0 | AI32: 0
C33: 双手剑 | E33: 10502 | F33: 10023 | G33: 0 | H33: 6681,6682,6683,6684,6685 | I33: 1 | J33: 4 | K33: 5 | L33: 2 | M33: 0 | N33: 10 | O33: 34 | P33: 34 | Q33: 1289 | R33: 0 | S33: 233:8;234:18;219:15 | T33: 0 | U33: 0:0 | V33: 501 | W33: 10053 | Y33: 1300 | Z33: 0 | AA33: 1090201 | AB33: _10 | AC33: 1002 | AD33: 0 | AE33: 0 | AF33: 0 | AG33: 0 | AH33: 0 | AI33: 0
C34: 双手斧 | E34: 10602 | F34: 10024 | G34: 0 | H34: 6661,6662,6663,6664,6665 | I34: 2 | J34: 3 | K34: 6 | L34: 2 | M34: 0 | N34: 10 | O34: 34 | P34: 34 | Q34: 1289 | R34: 0 | S34: 233:8;234:21;219:20 | T34: 0 | U34: 0:0 | V34: 601 | W34: 10055 | Y34: 1400 | Z34: 0 | AA34: 1091021 | AB34: _10 | AC34: 1004 | AD34: 0 | AE34: 0 | AF34: 0 | AG34: 0 | AH34: 0 | AI34: 0
C35: 双手锤 | E35: 10702 | F35: 10025 | G35: 0 | H35: 6641,6642,6643,6644,6645 | I35: 2 | J35: 4 | K35: 7 | L35: 2 | M35: 0 | N35: 10 | O35: 34 | P35: 34 | Q35: 1289 | R35: 0 | S35: 233:6;234:29;219:12 | T35: 0 | U35: 0:0 | V35: 701 | W35: 10057 | Y35: 1500 | Z35: 0 | AA35: 1092101 | AB35: _10 | AC35: 1021 | AD35: 0 | AE35: 0 | AF35: 0 | AG35: 0 | AH35: 0 | AI35: 0
C36: 火法杖 | E36: 10802 | F36: 10026 | G36: 0 | H36: 6601,6602,6603,6604,6605 | I36: 1 | J36: 4 | K36: 8 | L36: 2 | M36: 0 | N36: 10 | O36: 34 | P36: 34 | Q36: 1289 | R36: 0 | S36: 233:7;234:14;219:15 | T36: 0 | U36: 0:0 | V36: 801 | W36: 10001 | Y36: 1000 | Z36: 0 | AA36: 1091302 | AB36: _08 | AC36: 1013 | AD36: 0 | AE36: 0 | AF36: 0 | AG36: 0 | AH36: 0 | AI36: 0
C37: 弓 | E37: 10902 | F37: 10027 | G37: 0 | H37: 6621,6622,6623,6624,6625 | I37: 2 | J37: 3 | K37: 9 | L37: 2 | M37: 0 | N37: 10 | O37: 34 | P37: 34 | Q37: 1289 | R37: 0 | S37: 233:8;234:17;219:20 | T37: 0 | U37: 0:0 | V37: 901 | W37: 10026 | Y37: 1400 | Z37: 0 | AA37: 1091701 | AB37: _13 | AC37: 1017 | AD37: 0 | AE37: 0 | AF37: 0 | AG37: 0 | AH37: 0 | AI37: 0
C38: 长柄武器 | E38: 11002 | F38: 10028 | G38: 0 | H38: 6701,6702,6703,6704,6705 | I38: 2 | J38: 4 | K38: 10 | L38: 2 | M38: 0 | N38: 10 | O38: 34 | P38: 34 | Q38: 1289 | R38: 0 | S38: 233:11;234:21;219:15 | T38: 0 | U38: 0:0 | V38: 1001 | W38: 10048 | Y38: 1650 | Z38: 0 | AA38: 1091002 | AB38: _12 | AC38: 1010 | AD38: 0 | AE38: 0 | AF38: 0 | AG38: 0 | AH38: 0 | AI38: 0
C39: 盾牌 | E39: 11102 | F39: 10029 | G39: 0 | H39: 6581,6582,6583,6584,6585 | I39: 2 | J39: 2 | K39: 11 | L39: 2 | M39: 0 | N39: 10 | O39: 34 | P39: 34 | Q39: 1289 | R39: 0 | S39: 305:186;313:12 | T39: 0 | U39: 0:0 | V39: 1101 | W39: 0 | Y39: 0 | Z39: 0 | AA39: 1091901 | AC39: 1019 | AD39: 0 | AE39: 0 | AF39: 0 | AG39: 0 | AH39: 0 | AI39: 0
C40: 冰法杖 | E40: 11202 | F40: 10026 | G40: 0 | H40: 6601,6602,6603,6604,6605 | I40: 1 | J40: 4 | K40: 8 | L40: 2 | M40: 0 | N40: 10 | O40: 34 | P40: 34 | Q40: 1289 | R40: 0 | S40: 233:7;234:14;219:15 | T40: 0 | U40: 0:0 | V40: 801 | W40: 10003 | Y40: 1200 | Z40: 0 | AA40: 1091302 | AB40: _08 | AC40: 1013 | AD40: 0 | AE40: 0 | AF40: 0 | AG40: 0 | AH40: 0 | AI40: 0
C41: 雷法杖 | E41: 11302 | F41: 10026 | G41: 0 | H41: 6601,6602,6603,6604,6605 | I41: 1 | J41: 4 | K41: 8 | L41: 2 | M41: 0 | N41: 10 | O41: 34 | P41: 34 | Q41: 1289 | R41: 0 | S41: 233:7;234:14;219:15 | T41: 0 | U41: 0:0 | V41: 801 | W41: 10004 | Y41: 1500 | Z41: 0 | AA41: 1091302 | AB41: _08 | AC41: 1013 | AD41: 0 | AE41: 0 | AF41: 0 | AG41: 0 | AH41: 0 | AI41: 0
C42: 毒法杖 | E42: 11402 | F42: 10026 | G42: 0 | H42: 6601,6602,6603,6604,6605 | I42: 1 | J42: 4 | K42: 8 | L42: 2 | M42: 0 | N42: 10 | O42: 34 | P42: 34 | Q42: 1289 | R42: 0 | S42: 233:7;234:14;219:11 | T42: 0 | U42: 0:0 | V42: 801 | W42: 10006 | Y42: 1200 | Z42: 0 | AA42: 1091302 | AB42: _08 | AC42: 1013 | AD42: 0 | AE42: 0 | AF42: 0 | AG42: 0 | AH42: 0 | AI42: 0
C43: 骨魂法杖 | E43: 11502 | F43: 10026 | G43: 0 | H43: 6601,6602,6603,6604,6605 | I43: 1 | J43: 4 | K43: 8 | L43: 2 | M43: 0 | N43: 10 | O43: 34 | P43: 34 | Q43: 1289 | R43: 0 | S43: 233:7;234:14;219:6 | T43: 0 | U43: 0:0 | V43: 801 | W43: 10007 | Y43: 1500 | Z43: 0 | AA43: 1091302 | AB43: _08 | AC43: 1013 | AD43: 0 | AE43: 0 | AF43: 0 | AG43: 0 | AH43: 0 | AI43: 0
B44: 防具 | C44: 头盔 | E44: 12102 | F44: 10030 | G44: 0 | H44: 5401,5416,5431 | I44: 2 | J44: 2 | K44: 21 | L44: 2 | M44: 0 | N44: 10 | O44: 85 | P44: 85 | Q44: 3224 | R44: 0 | S44: 305:38 | T44: 0 | U44: 0:0 | V44: 2101 | W44: 0 | Y44: 0 | Z44: 0 | AA44: 0 | AC44: 1023 | AD44: 0 | AE44: 0 | AF44: 0 | AG44: 0 | AH44: 0 | AI44: 0
C45: 衣服 | E45: 12202 | F45: 10031 | G45: 0 | H45: 5801,5816,5831 | I45: 2 | J45: 3 | K45: 22 | L45: 2 | M45: 0 | N45: 10 | O45: 85 | P45: 85 | Q45: 3224 | R45: 0 | S45: 305:75 | T45: 0 | U45: 0:0 | V45: 2201 | W45: 0 | Y45: 0 | Z45: 0 | AA45: 0 | AC45: 1022 | AD45: 0 | AE45: 0 | AF45: 0 | AG45: 0 | AH45: 0 | AI45: 0
C46: 手套 | E46: 12302 | F46: 10032 | G46: 0 | H46: 5301,5316,5331 | I46: 2 | J46: 2 | K46: 23 | L46: 2 | M46: 0 | N46: 10 | O46: 85 | P46: 85 | Q46: 3224 | R46: 0 | S46: 305:38 | T46: 0 | U46: 0:0 | V46: 2301 | W46: 0 | Y46: 0 | Z46: 0 | AA46: 0 | AC46: 1028 | AD46: 0 | AE46: 0 | AF46: 0 | AG46: 0 | AH46: 0 | AI46: 0
C47: 鞋子 | E47: 12402 | F47: 10033 | G47: 0 | H47: 5601,5616,5631 | I47: 2 | J47: 2 | K47: 24 | L47: 2 | M47: 0 | N47: 10 | O47: 85 | P47: 85 | Q47: 3224 | R47: 0 | S47: 305:50 | T47: 0 | U47: 0:0 | V47: 2401 | W47: 0 | Y47: 0 | Z47: 0 | AA47: 0 | AC47: 1025 | AD47: 0 | AE47: 0 | AF47: 0 | AG47: 0 | AH47: 0 | AI47: 0
C48: 腰带 | E48: 12502 | F48: 10034 | G48: 0 | H48: 5701,5716,5731 | I48: 2 | J48: 1 | K48: 25 | L48: 2 | M48: 0 | N48: 10 | O48: 85 | P48: 85 | Q48: 3224 | R48: 0 | S48: 305:38 | T48: 0 | U48: 0:0 | V48: 2501 | W48: 0 | Y48: 0 | Z48: 0 | AA48: 0 | AC48: 1024 | AD48: 0 | AE48: 0 | AF48: 0 | AG48: 0 | AH48: 0 | AI48: 0
B49: 首饰 | C49: 项链 | E49: 13102 | F49: 10035 | G49: 0 | H49: 5501,5502,5503 | I49: 1 | J49: 1 | K49: 31 | L49: 2 | M49: 0 | N49: 10 | O49: 50 | P49: 50 | Q49: 1896 | R49: 0 | S49: 0:0 | T49: 0 | U49: 0:0 | V49: 3101 | W49: 0 | Y49: 0 | Z49: 0 | AA49: 0 | AC49: 1026 | AD49: 0 | AE49: 0 | AF49: 0 | AG49: 0 | AH49: 0 | AI49: 0
C50: 戒指 | E50: 13202 | F50: 10036 | G50: 0 | H50: 5516,5517,5518 | I50: 1 | J50: 1 | K50: 32 | L50: 2 | M50: 0 | N50: 10 | O50: 100 | P50: 100 | Q50: 3793 | R50: 0 | S50: 0:0 | T50: 0 | U50: 0:0 | V50: 3201 | W50: 0 | Y50: 0 | Z50: 0 | AA50: 0 | AC50: 1027 | AD50: 0 | AE50: 0 | AF50: 0 | AG50: 0 | AH50: 0 | AI50: 0
B51: 武器 | C51: 单手剑 | E51: 10003 | F51: 10037 | G51: 0 | H51: 6561,6562,6563,6564,6565 | I51: 1 | J51: 3 | K51: 1 | L51: 3 | M51: 0 | N51: 20 | O51: 34 | P51: 34 | Q51: 644 | R51: 0 | S51: 233:7;234:14;219:8 | T51: 0 | U51: 0:0 | V51: 102 | W51: 10049 | Y51: 1200 | Z51: 0 | AA51: 1090101 | AB51: _06 | AC51: 1001 | AD51: 0 | AE51: 0 | AF51: 0 | AG51: 0 | AH51: 0 | AI51: 0
C52: 单手斧 | E52: 10203 | F52: 10038 | G52: 0 | H52: 6541,6542,6543,6544,6545 | I52: 2 | J52: 3 | K52: 2 | L52: 3 | M52: 0 | N52: 20 | O52: 34 | P52: 34 | Q52: 644 | R52: 0 | S52: 233:5;234:15;219:10 | T52: 0 | U52: 0:0 | V52: 202 | W52: 10008 | Y52: 1100 | Z52: 0 | AA52: 1090401 | AB52: _03 | AC52: 1003 | AD52: 0 | AE52: 0 | AF52: 0 | AG52: 0 | AH52: 0 | AI52: 0
C53: 单手锤 | E53: 10303 | F53: 10039 | G53: 0 | H53: 6521,6522,6523,6524,6525 | I53: 1 | J53: 3 | K53: 3 | L53: 3 | M53: 0 | N53: 20 | O53: 34 | P53: 34 | Q53: 644 | R53: 0 | S53: 233:5;234:17;219:5 | T53: 0 | U53: 0:0 | V53: 302 | W53: 10051 | Y53: 1100 | Z53: 0 | AA53: 1092001 | AB53: _03 | AC53: 1007 | AD53: 0 | AE53: 0 | AF53: 0 | AG53: 0 | AH53: 0 | AI53: 0
C54: 匕首 | E54: 10403 | F54: 10040 | G54: 0 | H54: 6501,6502,6503,6504,6505 | I54: 1 | J54: 3 | K54: 4 | L54: 3 | M54: 0 | N54: 20 | O54: 34 | P54: 34 | Q54: 644 | R54: 0 | S54: 233:5;234:8;219:8 | T54: 0 | U54: 0:0 | V54: 402 | W54: 10024 | Y54: 800 | Z54: 0 | AA54: 1090501 | AB54: _03 | AC54: 1001 | AD54: 0 | AE54: 0 | AF54: 0 | AG54: 0 | AH54: 0 | AI54: 0
C55: 双手剑 | E55: 10503 | F55: 10041 | G55: 0 | H55: 6681,6682,6683,6684,6685 | I55: 1 | J55: 4 | K55: 5 | L55: 3 | M55: 0 | N55: 20 | O55: 34 | P55: 34 | Q55: 644 | R55: 0 | S55: 233:11;234:25;219:15 | T55: 0 | U55: 0:0 | V55: 502 | W55: 10053 | Y55: 1300 | Z55: 0 | AA55: 1090201 | AB55: _10 | AC55: 1002 | AD55: 0 | AE55: 0 | AF55: 0 | AG55: 0 | AH55: 0 | AI55: 0
C56: 双手斧 | E56: 10603 | F56: 10042 | G56: 0 | H56: 6661,6662,6663,6664,6665 | I56: 2 | J56: 3 | K56: 6 | L56: 3 | M56: 0 | N56: 20 | O56: 34 | P56: 34 | Q56: 644 | R56: 0 | S56: 233:12;234:29;219:20 | T56: 0 | U56: 0:0 | V56: 602 | W56: 10055 | Y56: 1400 | Z56: 0 | AA56: 1091021 | AB56: _10 | AC56: 1004 | AD56: 0 | AE56: 0 | AF56: 0 | AG56: 0 | AH56: 0 | AI56: 0
C57: 双手锤 | E57: 10703 | F57: 10043 | G57: 0 | H57: 6641,6642,6643,6644,6645 | I57: 2 | J57: 4 | K57: 7 | L57: 3 | M57: 0 | N57: 20 | O57: 34 | P57: 34 | Q57: 644 | R57: 0 | S57: 233:8;234:41;219:12 | T57: 0 | U57: 0:0 | V57: 702 | W57: 10057 | Y57: 1500 | Z57: 0 | AA57: 1092101 | AB57: _10 | AC57: 1021 | AD57: 0 | AE57: 0 | AF57: 0 | AG57: 0 | AH57: 0 | AI57: 0
C58: 火法杖 | E58: 10803 | F58: 10044 | G58: 0 | H58: 6601,6602,6603,6604,6605 | I58: 1 | J58: 4 | K58: 8 | L58: 3 | M58: 0 | N58: 20 | O58: 34 | P58: 34 | Q58: 644 | R58: 0 | S58: 233:9;234:19;219:15 | T58: 0 | U58: 0:0 | V58: 802 | W58: 10001 | Y58: 1000 | Z58: 0 | AA58: 1091302 | AB58: _08 | AC58: 1013 | AD58: 0 | AE58: 0 | AF58: 0 | AG58: 0 | AH58: 0 | AI58: 0
C59: 弓 | E59: 10903 | F59: 10045 | G59: 0 | H59: 6621,6622,6623,6624,6625 | I59: 2 | J59: 3 | K59: 9 | L59: 3 | M59: 0 | N59: 20 | O59: 34 | P59: 34 | Q59: 644 | R59: 0 | S59: 233:12;234:24;219:20 | T59: 0 | U59: 0:0 | V59: 902 | W59: 10026 | Y59: 1400 | Z59: 0 | AA59: 1091701 | AB59: _13 | AC59: 1017 | AD59: 0 | AE59: 0 | AF59: 0 | AG59: 0 | AH59: 0 | AI59: 0
C60: 长柄武器 | E60: 11003 | F60: 10046 | G60: 0 | H60: 6701,6702,6703,6704,6705 | I60: 2 | J60: 4 | K60: 10 | L60: 3 | M60: 0 | N60: 20 | O60: 34 | P60: 34 | Q60: 644 | R60: 0 | S60: 233:16;234:30;219:15 | T60: 0 | U60: 0:0 | V60: 1002 | W60: 10048 | Y60: 1650 | Z60: 0 | AA60: 1091002 | AB60: _12 | AC60: 1010 | AD60: 0 | AE60: 0 | AF60: 0 | AG60: 0 | AH60: 0 | AI60: 0
C61: 盾牌 | E61: 11103 | F61: 10047 | G61: 0 | H61: 6581,6582,6583,6584,6585 | I61: 2 | J61: 2 | K61: 11 | L61: 3 | M61: 0 | N61: 20 | O61: 34 | P61: 34 | Q61: 644 | R61: 0 | S61: 305:279;313:14 | T61: 0 | U61: 0:0 | V61: 1102 | W61: 0 | Y61: 0 | Z61: 0 | AA61: 1091901 | AC61: 1019 | AD61: 0 | AE61: 0 | AF61: 0 | AG61: 0 | AH61: 0 | AI61: 0
C62: 冰法杖 | E62: 11203 | F62: 10044 | G62: 0 | H62: 6601,6602,6603,6604,6605 | I62: 1 | J62: 4 | K62: 8 | L62: 3 | M62: 0 | N62: 20 | O62: 34 | P62: 34 | Q62: 644 | R62: 0 | S62: 233:9;234:19;219:15 | T62: 0 | U62: 0:0 | V62: 802 | W62: 10003 | Y62: 1200 | Z62: 0 | AA62: 1091302 | AB62: _08 | AC62: 1013 | AD62: 0 | AE62: 0 | AF62: 0 | AG62: 0 | AH62: 0 | AI62: 0
C63: 雷法杖 | E63: 11303 | F63: 10044 | G63: 0 | H63: 6601,6602,6603,6604,6605 | I63: 1 | J63: 4 | K63: 8 | L63: 3 | M63: 0 | N63: 20 | O63: 34 | P63: 34 | Q63: 644 | R63: 0 | S63: 233:9;234:19;219:15 | T63: 0 | U63: 0:0 | V63: 802 | W63: 10004 | Y63: 1500 | Z63: 0 | AA63: 1091302 | AB63: _08 | AC63: 1013 | AD63: 0 | AE63: 0 | AF63: 0 | AG63: 0 | AH63: 0 | AI63: 0
C64: 毒法杖 | E64: 11403 | F64: 10044 | G64: 0 | H64: 6601,6602,6603,6604,6605 | I64: 1 | J64: 4 | K64: 8 | L64: 3 | M64: 0 | N64: 20 | O64: 34 | P64: 34 | Q64: 644 | R64: 0 | S64: 233:9;234:19;219:11 | T64: 0 | U64: 0:0 | V64: 802 | W64: 10006 | Y64: 1200 | Z64: 0 | AA64: 1091302 | AB64: _08 | AC64: 1013 | AD64: 0 | AE64: 0 | AF64: 0 | AG64: 0 | AH64: 0 | AI64: 0
C65: 骨魂法杖 | E65: 11503 | F65: 10044 | G65: 0 | H65: 6601,6602,6603,6604,6605 | I65: 1 | J65: 4 | K65: 8 | L65: 3 | M65: 0 | N65: 20 | O65: 34 | P65: 34 | Q65: 644 | R65: 0 | S65: 233:9;234:19;219:6 | T65: 0 | U65: 0:0 | V65: 802 | W65: 10007 | Y65: 1500 | Z65: 0 | AA65: 1091302 | AB65: _08 | AC65: 1013 | AD65: 0 | AE65: 0 | AF65: 0 | AG65: 0 | AH65: 0 | AI65: 0
B66: 防具 | C66: 头盔 | E66: 12103 | F66: 10048 | G66: 0 | H66: 5401,5416,5431 | I66: 2 | J66: 2 | K66: 21 | L66: 3 | M66: 0 | N66: 20 | O66: 85 | P66: 85 | Q66: 1612 | R66: 0 | S66: 305:47 | T66: 0 | U66: 0:0 | V66: 2102 | W66: 0 | Y66: 0 | Z66: 0 | AA66: 0 | AC66: 1023 | AD66: 0 | AE66: 0 | AF66: 0 | AG66: 0 | AH66: 0 | AI66: 0
C67: 衣服 | E67: 12203 | F67: 10049 | G67: 0 | H67: 5801,5816,5831 | I67: 2 | J67: 3 | K67: 22 | L67: 3 | M67: 0 | N67: 20 | O67: 85 | P67: 85 | Q67: 1612 | R67: 0 | S67: 305:94 | T67: 0 | U67: 0:0 | V67: 2202 | W67: 0 | Y67: 0 | Z67: 0 | AA67: 0 | AC67: 1022 | AD67: 0 | AE67: 0 | AF67: 0 | AG67: 0 | AH67: 0 | AI67: 0
C68: 手套 | E68: 12303 | F68: 10050 | G68: 0 | H68: 5301,5316,5331 | I68: 2 | J68: 2 | K68: 23 | L68: 3 | M68: 0 | N68: 20 | O68: 85 | P68: 85 | Q68: 1612 | R68: 0 | S68: 305:47 | T68: 0 | U68: 0:0 | V68: 2302 | W68: 0 | Y68: 0 | Z68: 0 | AA68: 0 | AC68: 1028 | AD68: 0 | AE68: 0 | AF68: 0 | AG68: 0 | AH68: 0 | AI68: 0
C69: 鞋子 | E69: 12403 | F69: 10051 | G69: 0 | H69: 5601,5616,5631 | I69: 2 | J69: 2 | K69: 24 | L69: 3 | M69: 0 | N69: 20 | O69: 85 | P69: 85 | Q69: 1612 | R69: 0 | S69: 305:63 | T69: 0 | U69: 0:0 | V69: 2402 | W69: 0 | Y69: 0 | Z69: 0 | AA69: 0 | AC69: 1025 | AD69: 0 | AE69: 0 | AF69: 0 | AG69: 0 | AH69: 0 | AI69: 0
C70: 腰带 | E70: 12503 | F70: 10052 | G70: 0 | H70: 5701,5716,5731 | I70: 2 | J70: 1 | K70: 25 | L70: 3 | M70: 0 | N70: 20 | O70: 85 | P70: 85 | Q70: 1612 | R70: 0 | S70: 305:47 | T70: 0 | U70: 0:0 | V70: 2502 | W70: 0 | Y70: 0 | Z70: 0 | AA70: 0 | AC70: 1024 | AD70: 0 | AE70: 0 | AF70: 0 | AG70: 0 | AH70: 0 | AI70: 0
B71: 首饰 | C71: 项链 | E71: 13103 | F71: 10053 | G71: 0 | H71: 5501,5502,5503 | I71: 1 | J71: 1 | K71: 31 | L71: 3 | M71: 0 | N71: 20 | O71: 50 | P71: 50 | Q71: 948 | R71: 0 | S71: 0:0 | T71: 0 | U71: 0:0 | V71: 3102 | W71: 0 | Y71: 0 | Z71: 0 | AA71: 0 | AC71: 1026 | AD71: 0 | AE71: 0 | AF71: 0 | AG71: 0 | AH71: 0 | AI71: 0
C72: 戒指 | E72: 13203 | F72: 10054 | G72: 0 | H72: 5516,5517,5518 | I72: 1 | J72: 1 | K72: 32 | L72: 3 | M72: 0 | N72: 20 | O72: 100 | P72: 100 | Q72: 1896 | R72: 0 | S72: 0:0 | T72: 0 | U72: 0:0 | V72: 3202 | W72: 0 | Y72: 0 | Z72: 0 | AA72: 0 | AC72: 1027 | AD72: 0 | AE72: 0 | AF72: 0 | AG72: 0 | AH72: 0 | AI72: 0
B73: 武器 | C73: 单手剑 | E73: 10004 | F73: 10055 | G73: 0 | H73: 6561,6562,6563,6564,6565 | I73: 1 | J73: 3 | K73: 1 | L73: 4 | M73: 0 | N73: 50 | O73: 34 | P73: 34 | Q73: 171 | R73: 0 | S73: 233:9;234:18;219:8 | T73: 0 | U73: 0:0 | V73: 103 | W73: 10049 | Y73: 1200 | Z73: 0 | AA73: 1090101 | AB73: _06 | AC73: 1001 | AD73: 0 | AE73: 0 | AF73: 0 | AG73: 0 | AH73: 0 | AI73: 0
C74: 单手斧 | E74: 10204 | F74: 10056 | G74: 0 | H74: 6541,6542,6543,6544,6545 | I74: 2 | J74: 3 | K74: 2 | L74: 4 | M74: 0 | N74: 50 | O74: 34 | P74: 34 | Q74: 171 | R74: 0 | S74: 233:7;234:20;219:10 | T74: 0 | U74: 0:0 | V74: 203 | W74: 10008 | Y74: 1100 | Z74: 0 | AA74: 1090401 | AB74: _03 | AC74: 1003 | AD74: 0 | AE74: 0 | AF74: 0 | AG74: 0 | AH74: 0 | AI74: 0
C75: 单手锤 | E75: 10304 | F75: 10057 | G75: 0 | H75: 6521,6522,6523,6524,6525 | I75: 1 | J75: 3 | K75: 3 | L75: 4 | M75: 0 | N75: 50 | O75: 34 | P75: 34 | Q75: 171 | R75: 0 | S75: 233:7;234:22;219:5 | T75: 0 | U75: 0:0 | V75: 303 | W75: 10051 | Y75: 1100 | Z75: 0 | AA75: 1092001 | AB75: _03 | AC75: 1007 | AD75: 0 | AE75: 0 | AF75: 0 | AG75: 0 | AH75: 0 | AI75: 0
C76: 匕首 | E76: 10404 | F76: 10058 | G76: 0 | H76: 6501,6502,6503,6504,6505 | I76: 1 | J76: 3 | K76: 4 | L76: 4 | M76: 0 | N76: 50 | O76: 34 | P76: 34 | Q76: 171 | R76: 0 | S76: 233:6;234:10;219:8 | T76: 0 | U76: 0:0 | V76: 403 | W76: 10024 | Y76: 800 | Z76: 0 | AA76: 1090501 | AB76: _03 | AC76: 1001 | AD76: 0 | AE76: 0 | AF76: 0 | AG76: 0 | AH76: 0 | AI76: 0
C77: 双手剑 | E77: 10504 | F77: 10059 | G77: 0 | H77: 6681,6682,6683,6684,6685 | I77: 1 | J77: 4 | K77: 5 | L77: 4 | M77: 0 | N77: 50 | O77: 34 | P77: 34 | Q77: 171 | R77: 0 | S77: 233:16;234:34;219:15 | T77: 0 | U77: 0:0 | V77: 503 | W77: 10053 | Y77: 1300 | Z77: 0 | AA77: 1090201 | AB77: _10 | AC77: 1002 | AD77: 0 | AE77: 0 | AF77: 0 | AG77: 0 | AH77: 0 | AI77: 0
C78: 双手斧 | E78: 10604 | F78: 10060 | G78: 0 | H78: 6661,6662,6663,6664,6665 | I78: 2 | J78: 3 | K78: 6 | L78: 4 | M78: 0 | N78: 50 | O78: 34 | P78: 34 | Q78: 171 | R78: 0 | S78: 233:16;234:41;219:20 | T78: 0 | U78: 0:0 | V78: 603 | W78: 10055 | Y78: 1400 | Z78: 0 | AA78: 1091021 | AB78: _10 | AC78: 1004 | AD78: 0 | AE78: 0 | AF78: 0 | AG78: 0 | AH78: 0 | AI78: 0
C79: 双手锤 | E79: 10704 | F79: 10061 | G79: 0 | H79: 6641,6642,6643,6644,6645 | I79: 2 | J79: 4 | K79: 7 | L79: 4 | M79: 0 | N79: 50 | O79: 34 | P79: 34 | Q79: 171 | R79: 0 | S79: 233:12;234:58;219:12 | T79: 0 | U79: 0:0 | V79: 703 | W79: 10057 | Y79: 1500 | Z79: 0 | AA79: 1092101 | AB79: _10 | AC79: 1021 | AD79: 0 | AE79: 0 | AF79: 0 | AG79: 0 | AH79: 0 | AI79: 0
C80: 火法杖 | E80: 10804 | F80: 11301 | G80: 0 | H80: 6601,6602,6603,6604,6605 | I80: 1 | J80: 4 | K80: 8 | L80: 4 | M80: 0 | N80: 50 | O80: 34 | P80: 34 | Q80: 171 | R80: 0 | S80: 233:13;234:26;219:15 | T80: 0 | U80: 0:0 | V80: 803 | W80: 10001 | Y80: 1000 | Z80: 0 | AA80: 1091302 | AB80: _08 | AC80: 1013 | AD80: 0 | AE80: 0 | AF80: 0 | AG80: 0 | AH80: 0 | AI80: 0
C81: 弓 | E81: 10904 | F81: 10063 | G81: 0 | H81: 6621,6622,6623,6624,6625 | I81: 2 | J81: 3 | K81: 9 | L81: 4 | M81: 0 | N81: 50 | O81: 34 | P81: 34 | Q81: 171 | R81: 0 | S81: 233:17;234:34;219:20 | T81: 0 | U81: 0:0 | V81: 903 | W81: 10026 | Y81: 1400 | Z81: 0 | AA81: 1091701 | AB81: _13 | AC81: 1017 | AD81: 0 | AE81: 0 | AF81: 0 | AG81: 0 | AH81: 0 | AI81: 0
C82: 长柄武器 | E82: 11004 | F82: 10064 | G82: 0 | H82: 6701,6702,6703,6704,6705 | I82: 2 | J82: 4 | K82: 10 | L82: 4 | M82: 0 | N82: 50 | O82: 34 | P82: 34 | Q82: 171 | R82: 0 | S82: 233:23;234:42;219:15 | T82: 0 | U82: 0:0 | V82: 1003 | W82: 10048 | Y82: 1650 | Z82: 0 | AA82: 1091002 | AB82: _12 | AC82: 1010 | AD82: 0 | AE82: 0 | AF82: 0 | AG82: 0 | AH82: 0 | AI82: 0
C83: 盾牌 | E83: 11104 | F83: 10065 | G83: 0 | H83: 6581,6582,6583,6584,6585 | I83: 2 | J83: 2 | K83: 11 | L83: 4 | M83: 0 | N83: 50 | O83: 34 | P83: 34 | Q83: 171 | R83: 0 | S83: 305:368;313:16 | T83: 0 | U83: 0:0 | V83: 1103 | W83: 0 | Y83: 0 | Z83: 0 | AA83: 1091901 | AC83: 1019 | AD83: 0 | AE83: 0 | AF83: 0 | AG83: 0 | AH83: 0 | AI83: 0
C84: 冰法杖 | E84: 11204 | F84: 11302 | G84: 0 | H84: 6601,6602,6603,6604,6605 | I84: 1 | J84: 4 | K84: 8 | L84: 4 | M84: 0 | N84: 50 | O84: 34 | P84: 34 | Q84: 171 | R84: 0 | S84: 233:13;234:26;219:15 | T84: 0 | U84: 0:0 | V84: 803 | W84: 10003 | Y84: 1200 | Z84: 0 | AA84: 1091302 | AB84: _08 | AC84: 1013 | AD84: 0 | AE84: 0 | AF84: 0 | AG84: 0 | AH84: 0 | AI84: 0
C85: 雷法杖 | E85: 11304 | F85: 11303 | G85: 0 | H85: 6601,6602,6603,6604,6605 | I85: 1 | J85: 4 | K85: 8 | L85: 4 | M85: 0 | N85: 50 | O85: 34 | P85: 34 | Q85: 171 | R85: 0 | S85: 233:13;234:26;219:15 | T85: 0 | U85: 0:0 | V85: 803 | W85: 10004 | Y85: 1500 | Z85: 0 | AA85: 1091302 | AB85: _08 | AC85: 1013 | AD85: 0 | AE85: 0 | AF85: 0 | AG85: 0 | AH85: 0 | AI85: 0
C86: 毒法杖 | E86: 11404 | F86: 11304 | G86: 0 | H86: 6601,6602,6603,6604,6605 | I86: 1 | J86: 4 | K86: 8 | L86: 4 | M86: 0 | N86: 50 | O86: 34 | P86: 34 | Q86: 171 | R86: 0 | S86: 233:13;234:26;219:11 | T86: 0 | U86: 0:0 | V86: 803 | W86: 10006 | Y86: 1200 | Z86: 0 | AA86: 1091302 | AB86: _08 | AC86: 1013 | AD86: 0 | AE86: 0 | AF86: 0 | AG86: 0 | AH86: 0 | AI86: 0
C87: 骨魂法杖 | E87: 11504 | F87: 11305 | G87: 0 | H87: 6601,6602,6603,6604,6605 | I87: 1 | J87: 4 | K87: 8 | L87: 4 | M87: 0 | N87: 50 | O87: 34 | P87: 34 | Q87: 171 | R87: 0 | S87: 233:13;234:26;219:6 | T87: 0 | U87: 0:0 | V87: 803 | W87: 10007 | Y87: 1500 | Z87: 0 | AA87: 1091302 | AB87: _08 | AC87: 1013 | AD87: 0 | AE87: 0 | AF87: 0 | AG87: 0 | AH87: 0 | AI87: 0
B88: 防具 | C88: 头盔 | E88: 12104 | F88: 10066 | G88: 0 | H88: 5402,5417,5432 | I88: 2 | J88: 2 | K88: 21 | L88: 4 | M88: 0 | N88: 50 | O88: 85 | P88: 85 | Q88: 429 | R88: 0 | S88: 305:59 | T88: 0 | U88: 0:0 | V88: 2103 | W88: 0 | Y88: 0 | Z88: 0 | AA88: 0 | AC88: 1023 | AD88: 0 | AE88: 0 | AF88: 0 | AG88: 0 | AH88: 0 | AI88: 0
C89: 衣服 | E89: 12204 | F89: 10067 | G89: 0 | H89: 5802,5817,5832 | I89: 2 | J89: 3 | K89: 22 | L89: 4 | M89: 0 | N89: 50 | O89: 85 | P89: 85 | Q89: 429 | R89: 0 | S89: 305:117 | T89: 0 | U89: 0:0 | V89: 2203 | W89: 0 | Y89: 0 | Z89: 0 | AA89: 0 | AC89: 1022 | AD89: 0 | AE89: 0 | AF89: 0 | AG89: 0 | AH89: 0 | AI89: 0
C90: 手套 | E90: 12304 | F90: 10068 | G90: 0 | H90: 5302,5317,5332 | I90: 2 | J90: 2 | K90: 23 | L90: 4 | M90: 0 | N90: 50 | O90: 85 | P90: 85 | Q90: 429 | R90: 0 | S90: 305:59 | T90: 0 | U90: 0:0 | V90: 2303 | W90: 0 | Y90: 0 | Z90: 0 | AA90: 0 | AC90: 1028 | AD90: 0 | AE90: 0 | AF90: 0 | AG90: 0 | AH90: 0 | AI90: 0
C91: 鞋子 | E91: 12404 | F91: 10069 | G91: 0 | H91: 5602,5617,5632 | I91: 2 | J91: 2 | K91: 24 | L91: 4 | M91: 0 | N91: 50 | O91: 85 | P91: 85 | Q91: 429 | R91: 0 | S91: 305:78 | T91: 0 | U91: 0:0 | V91: 2403 | W91: 0 | Y91: 0 | Z91: 0 | AA91: 0 | AC91: 1025 | AD91: 0 | AE91: 0 | AF91: 0 | AG91: 0 | AH91: 0 | AI91: 0
C92: 腰带 | E92: 12504 | F92: 10070 | G92: 0 | H92: 5702,5717,5732 | I92: 2 | J92: 1 | K92: 25 | L92: 4 | M92: 0 | N92: 50 | O92: 85 | P92: 85 | Q92: 429 | R92: 0 | S92: 305:59 | T92: 0 | U92: 0:0 | V92: 2503 | W92: 0 | Y92: 0 | Z92: 0 | AA92: 0 | AC92: 1024 | AD92: 0 | AE92: 0 | AF92: 0 | AG92: 0 | AH92: 0 | AI92: 0
B93: 首饰 | C93: 项链 | E93: 13104 | F93: 10071 | G93: 0 | H93: 5504,5505 | I93: 1 | J93: 1 | K93: 31 | L93: 4 | M93: 0 | N93: 50 | O93: 50 | P93: 50 | Q93: 252 | R93: 0 | S93: 0:0 | T93: 0 | U93: 0:0 | V93: 3103 | W93: 0 | Y93: 0 | Z93: 0 | AA93: 0 | AC93: 1026 | AD93: 0 | AE93: 0 | AF93: 0 | AG93: 0 | AH93: 0 | AI93: 0
C94: 戒指 | E94: 13204 | F94: 10072 | G94: 0 | H94: 5519,5520 | I94: 1 | J94: 1 | K94: 32 | L94: 4 | M94: 0 | N94: 50 | O94: 100 | P94: 100 | Q94: 505 | R94: 0 | S94: 0:0 | T94: 0 | U94: 0:0 | V94: 3203 | W94: 0 | Y94: 0 | Z94: 0 | AA94: 0 | AC94: 1027 | AD94: 0 | AE94: 0 | AF94: 0 | AG94: 0 | AH94: 0 | AI94: 0
A95: 0 | B95: 焚灵之杖 | C95: Soul of Ember | E95: 14694 | F95: 11501 | G95: 12501 | H95: 10915 | I95: 1 | J95: 4 | K95: 8 | L95: 5 | M95: 0 | N95: 300 | O95: 10 | P95: 0 | Q95: 0 | R95: 0 | S95: 233:18;234:36;219:15 | T95: 14194 | U95: 1:207,16,24,103,16,24,214,16,24,223,8,12,257,20,20,501,2,2 | V95: 101 | W95: 10001 | Y95: 1500 | Z95: 0 | AA95: 1091302 | AB95: _08 | AC95: 1013 | AD95: 0 | AE95: 0 | AF95: 5 | AG95: 0 | AH95: 0 | AI95: 0
A96: 0 | B96: 灰烬使者 | C96: Ashen Invoker | D96: 任务合成 | E96: 14695 | F96: 11502 | G96: 12502 | H96: 10918 | I96: 1 | J96: 4 | K96: 8 | L96: 5 | M96: 0 | N96: 300 | O96: 0 | P96: 0 | Q96: 0 | R96: 0 | S96: 233:18;234:36;219:15 | T96: 14195 | U96: 1:214,32,48,223,8,12,251,10,10,241,5,15,237,20,20 | V96: 101 | W96: 10001 | Y96: 1500 | Z96: 0 | AA96: 1091302 | AB96: _08 | AC96: 1013 | AD96: 0 | AE96: 0 | AF96: 0 | AG96: 0 | AH96: 1 | AI96: 0
A97: 1 | B97: 萨恩格林的凝滞法杖 | C97: Chronomancer's Staff | E97: 14696 | F97: 11503 | G97: 12503 | H97: 10902 | I97: 1 | J97: 4 | K97: 8 | L97: 5 | M97: 0 | N97: 300 | O97: 10 | P97: 3 | Q97: 3 | R97: 0 | S97: 233:18;234:36;219:15 | T97: 14196 | U97: 1:212,15,25,409,20,30,414,20,30 | V97: 101 | W97: 10004 | Y97: 1500 | Z97: 0 | AA97: 1091302 | AB97: _08 | AC97: 1013 | AD97: 0 | AE97: 0 | AF97: 1 | AG97: 0 | AH97: 0 | AI97: 0
A98: 0 | B98: 骸骨主宰 | C98: Master of Bones | E98: 14697 | F98: 11504 | G98: 12504 | H98: 10908 | I98: 1 | J98: 4 | K98: 8 | L98: 5 | M98: 0 | N98: 300 | O98: 10 | P98: 0 | Q98: 0 | R98: 0 | S98: 233:18;234:36;219:15 | T98: 14197 | U98: 1:705,48,72,702,24,36,716,8,12,717,16,24,714,10,10 | V98: 101 | W98: 10007 | Y98: 1500 | Z98: 0 | AA98: 1091302 | AB98: _08 | AC98: 1013 | AD98: 0 | AE98: 0 | AF98: 3 | AG98: 0 | AH98: 0 | AI98: 0
A99: 0 | B99: 黑沼的低语 | C99: Plaguebearer’s Staff | D99: 任务合成 | E99: 14698 | F99: 11505 | G99: 12505 | H99: 10911 | I99: 1 | J99: 4 | K99: 8 | L99: 5 | M99: 0 | N99: 300 | O99: 0 | P99: 0 | Q99: 0 | R99: 0 | S99: 233:18;234:36;219:15 | T99: 14198 | U99: 1:232,24,36,250,30,30,409,10,10,209,24,36 | V99: 101 | W99: 10006 | Y99: 1200 | Z99: 0 | AA99: 1091302 | AB99: _08 | AC99: 1013 | AD99: 0 | AE99: 0 | AF99: 0 | AG99: 0 | AH99: 1 | AI99: 0
A100: 0 | B100: 混沌挽歌 | C100: Requiem of Chaos | E100: 14699 | F100: 11506 | G100: 12506 | H100: 10910 | I100: 1 | J100: 4 | K100: 8 | L100: 5 | M100: 0 | N100: 300 | O100: 10 | P100: 0 | Q100: 0 | R100: 0 | S100: 233:18;234:36;219:15 | T100: 14199 | U100: 1:216,40,60,225,8,12,239,24,36,432,16,24 | V100: 101 | W100: 10006 | Y100: 1200 | Z100: 0 | AA100: 1091302 | AB100: _08 | AC100: 1013 | AD100: 0 | AE100: 0 | AF100: 3 | AG100: 0 | AH100: 0 | AI100: 0
A101: 1 | B101: 虚空碎裂之杖 | C101: Fury of the Stars | E101: 14700 | F101: 11507 | G101: 12507 | H101: 10901 | I101: 1 | J101: 4 | K101: 8 | L101: 5 | M101: 0 | N101: 300 | O101: 10 | P101: 3 | Q101: 3 | R101: 0 | S101: 233:18;234:36;219:15 | T101: 14200 | U101: 1:404,1,2,434,30,45,405,1,1 | V101: 101 | W101: 10004 | Y101: 1500 | Z101: 0 | AA101: 1091302 | AB101: _08 | AC101: 1013 | AD101: 0 | AE101: 0 | AF101: 1 | AG101: 0 | AH101: 0 | AI101: 0
...

Sheet 套装属性表
A1: set_equip.xml
C2: 流水ID | D2: 套装ID | E2: 套装名称 | F2: 激活套装件数 | G2: 效果描述 (中文ID1,中文ID2） | H2: 套装属性( 类型：值） 1:属性表--id,x 2:buff--id 3:passive--id 4:bd--id | I2: 第二个 | J2: 第三个 | K2: 第四个 | L2: 第五个 | M2: 第六个
C3: id_i | D3: set_id_i | E3: set_name_i | F3: activate_num_l | G3: desc_l | H3: set_attri_fir_n | I3: set_attri_sec_n | J3: set_attri_thi_n | K3: set_attri_fou_n | L3: set_attri_fif_n | M3: set_attri_six_n
C4: 0 | D4: 0 | E4: 0 | F4: 0,1 | G4: 0 | H4: 0:0 | I4: 0:0 | J4: 0:0 | K4: 0:0 | L4: 0:0 | M4: 0:0
A5: 马卡多的教诲 | C5: 1 | D5: 1 | E5: 600001 | F5: 2,4,6 | G5: 610007,610008,610009 | H5: 3:10003 | I5: 1:252,40 | J5: 4:40013
A6: 先祖庇护 | C6: 2 | D6: 2 | E6: 600014 | F6: 2,4,6 | G6: 610016,610017,610018 | H6: 1:305,500,247,30 | I6: 2:41006 | J6: 3:10004
A7: 秘火阿诺 | C7: 3 | D7: 3 | E7: 600027 | F7: 2,4,6 | G7: 610025,610026,610027 | H7: 1:241,10 | I7: 4:40016 | J7: 4:40017
A8: 奔腾行者 | C8: 4 | D8: 4 | E8: 600040 | F8: 2,4,6 | G8: 610034,610035,610036 | H8: 1:412,10 | I8: 2:41011 | J8: 2:41013
A9: 猎神门徒 | C9: 5 | D9: 5 | E9: 600053 | F9: 2,4,6 | G9: 610043,610044,610045 | H9: 4:40018 | I9: 2:41014;4:40019 | J9: 3:10007,10012
A10: 荒原生存者 | C10: 6 | D10: 6 | E10: 600066 | F10: 2,4,6 | G10: 610052,610053,610054 | H10: 4:40020 | I10: 3:10008,10013 | J10: 3:10009
A11: 混沌伟力 | C11: 7 | D11: 7 | E11: 600079 | F11: 2,4,6 | G11: 610061,610062,610063 | H11: 1:211,30,216,30 | I11: 4:40021 | J11: 3:10010
A12: 死者永生 | C12: 8 | D12: 8 | E12: 600092 | F12: 2,4,6 | G12: 610070,610071,610072 | H12: 1:702,30,721,30 | I12: 4:40022 | J12: 3:10011,10014
A13: 荆棘之王的非难 | C13: 9 | D13: 9 | E13: 600105 | F13: 2 | G13: 610075 | H13: 1:413,100
A14: 黑暗学者 | C14: 10 | D14: 10 | E14: 600110 | F14: 3 | G14: 610079 | H14: 1:401,50
A15: 盗墓者的遗志 | C15: 11 | D15: 11 | E15: 600117 | F15: 3 | G15: 610083 | H15: 1:403,50
A16: 盗宝地精之赐 | C16: 12 | D16: 12 | E16: 600124 | F16: 3 | G16: 610087 | H16: 1:421,200
A17: 冰冻山巅 | C17: 13 | D17: 13 | E17: 600131 | F17: 2,4,6 | G17: 610094,610095,610096 | H17: 4:40048 | I17: 4:40049 | J17: 4:40050
A18: 狂怒 | C18: 14 | D18: 14 | E18: 600144 | F18: 2,4,6 | G18: 610103,610104,610105 | H18: 3:10020 | I18: 4:40055 | J18: 3:10021
A19: 雷光彼岸花 | C19: 15 | D19: 15 | E19: 600157 | F19: 2,4,6 | G19: 610112,610113,610114 | H19: 4:40058 | I19: 4:40059 | J19: 4:40060
A20: 诅咒师的阴谋 | C20: 16 | D20: 16 | E20: 600170 | F20: 2,4,6 | G20: 610121,610122,610123 | H20: 4:40067,40068 | I20: 3:10023 | J20: 3:10024
A21: 圣山朝拜 | C21: 17 | D21: 17 | E21: 600183 | F21: 2,4,6 | G21: 610130,610131,610132 | H21: 4:40076 | I21: 3:10028 | J21: 4:40077,40078
A22: 不朽堡垒 | C22: 18 | D22: 18 | E22: 600196 | F22: 2,4,6 | G22: 610139,610140,610141 | H22: 3:10029 | I22: 3:10030 | J22: 4:40079
A23: 天使联盟 | C23: 19 | D23: 19 | E23: 600209 | F23: 2,4,6 | G23: 610148,610149,610150 | H23: 1:211,30,215,30 | I23: 3:10031 | J23: 3:10032
A24: 刺客庭的审判 | C24: 20 | D24: 20 | E24: 600222 | F24: 2,4,6 | G24: 610157,610148,610159 | H24: 4:40094 | I24: 4:40095 | J24: 3:10034
A25: 暗杀纲领 | C25: 21 | D25: 21 | E25: 600235 | F25: 2,4,6 | G25: 610166,610167,610168 | H25: 4:40096 | I25: 3:10035 | J25: 4:40097
A26: 陷阱大师的教诲 | C26: 22 | D26: 22 | E26: 600248 | F26: 2,4,6 | G26: 610175,610176,610177 | H26: 4:40098 | I26: 4:40099 | J26: 4:40100,40101,40102

Sheet 暴击率219设置
G2: 暴击率
E3: 1 | F3: 单手剑 | G3: 8
E4: 2 | F4: 单手斧 | G4: 10
E5: 3 | F5: 单手锤 | G5: 5
E6: 4 | F6: 匕首 | G6: 8
E7: 5 | F7: 双手剑 | G7: 15
E8: 6 | F8: 双手斧 | G8: 20
E9: 7 | F9: 双手锤 | G9: 12
E10: 8 | F10: 法杖 | G10: 15
E11: 9 | F11: 弓 | G11: 20
E12: 10 | F12: 长柄 | G12: 15
E13: 11 | F13: 盾牌
E14: 21 | F14: 头盔
E15: 22 | F15: 衣服
E16: 23 | F16: 手套
E17: 24 | F17: 鞋子
E18: 25 | F18: 腰带
E19: 31 | F19: 项链
E20: 32 | F20: 戒指
E21: 99 | F21: 火炬

Sheet 传说装备设计
F1: -1 | I1: =COUNTIF($E$8:$E$179,F1) -> 9
F2: 1 | H2: 死 | I2: =COUNTIF($E$8:$E$179,F2) -> 13
C3: 低 | D3: 8 | F3: 2 | H3: 雷 | I3: =COUNTIF($E$8:$E$179,F3) -> 12
C4: 中 | D4: 10 | F4: 3 | H4: 腐 | I4: =COUNTIF($E$8:$E$179,F4) -> 12
C5: 强 | D5: 12 | F5: 4 | H5: 冰 | I5: =COUNTIF($E$8:$E$179,F5) -> 12 | AF5: CHAR(10)
F6: 5 | H6: 炎 | I6: =COUNTIF($E$8:$E$179,F6) -> 12 | J6: 0 | M6: 1 | P6: 2 | S6: 3 | V6: 4 | Y6: 5
C7: 装备ID | D7: 装备中文名 | E7: 专属掉落地图 | F7: 部位 | H7: 强度总和 | I7: 属性1名称 | J7: 属性1值 | K7: 随机空间 | L7: 属性2名称 | M7: 属性2值 | N7: 随机空间 | O7: 属性3名称 | P7: 属性3值 | Q7: 随机空间 | R7: 属性4名称 | S7: 属性4值 | T7: 随机空间 | U7: 属性5名称 | V7: 属性5值 | W7: 随机空间 | X7: 属性6名称 | Y7: 属性6值 | Z7: 随机空间 | AB7: 最终属性配置 | AC7: 中文描述 | AS7: 中文最终输出 | BE7: 属性名称 | BF7: 数值类型 | BG7: 属性ID | BH7: 标准值 | BI7: 频率 | BJ7: 最大偏差值
C8: 14694 | D8: 焚灵之杖 | E8: 5 | F8: 法杖 | H8: 11 | I8: 火焰伤害 | J8: 2 | K8: 0.2 | L8: 智力 | M8: 2 | N8: 0.2 | O8: 火焰伤害% | P8: 2 | Q8: 0.2 | R8: 火焰减抗% | S8: 2 | T8: 0.2 | U8: 暴击率增幅 | V8: 2 | W8: 0 | X8: 刷新次数 | Y8: 1 | Z8: 0 | AA8: ="1:"&IF(I8<>"",VLOOKUP(I8,$BE$8:$BH$260,3,FALSE)&","&VLOOKUP(I8,$BE$8:$BH$260,4,FALSE)*(1-K8)*J8&","&VLOOKUP(I8,$BE$8:$BH$260,4,FALSE)*(1+K8)*J8&",","xxx")&IF(L8<>"",VLOOKUP(L8,$BE$8:$BH$260,3,FALSE)&","&VLOOKUP(L8,$BE$8:$BH$260,4,FALSE)*(1-N8)*M8&","&VLOOKUP(L8,$BE$8:$BH$260,4,FALSE)*(1+N8)*M8&",","xxx")&IF(O8<>"",VLOOKUP(O8,$BE$8:$BH$260,3,FALSE)&","&VLOOKUP(O8,$BE$8:$BH$260,4,FALSE)*(1-Q8)*P8&","&VLOOKUP(O8,$BE$8:$BH$260,4,FALSE)*(1+Q8)*P8&",","xxx")&IF(R8<>"",VLOOKUP(R8,$BE$8:$BH$260,3,FALSE)&","&VLOOKUP(R8,$BE$8:$BH$260,4,FALSE)*(1-T8)*S8&","&VLOOKUP(R8,$BE$8:$BH$260,4,FALSE)*(1+T8)*S8&",","xxx")&IF(U8<>"",VLOOKUP(U8,$BE$8:$BH$260,3,FALSE)&","&VLOOKUP(U8,$BE$8:$BH$260,4,FALSE)*(1-W8)*V8&","&VLOOKUP(U8,$BE$8:$BH$260,4,FALSE)*(1+W8)*V8&",","xxx")&IF(X8<>"",VLOOKUP(X8,$BE$8:$BH$260,3,FALSE)&","&VLOOKUP(X8,$BE$8:$BH$260,4,FALSE)*(1-Z8)*Y8&","&VLOOKUP(X8,$BE$8:$BH$260,4,FALSE)*(1+Z8)*Y8&",","xxx") -> 1:207,16,24,103,16,24,214,16,24,223,8,12,257,20,20,501,2,2, | AB8: =D249 -> 马卡多的手杖 | AC8: =IF(J8>0,I8&" "&"{"&J$6&"}","xxx") -> 火焰伤害 {0} | AD8: =IF(M8>0,L8&" "&"{"&M$6&"}","xxx") -> 智力 {1} | AE8: =IF(P8>0,O8&" "&"{"&P$6&"}","xxx") -> 火焰伤害% {2} | AF8: =IF(S8>0,R8&" "&"{"&S$6&"}","xxx") -> 火焰减抗% {3} | AG8: =IF(V8>0,U8&" "&"{"&V$6&"}","xxx") -> 暴击率增幅 {4} | AH8: =IF(Y8>0,X8&" "&"{"&Y$6&"}","xxx") -> 刷新次数 {5} | AI8: =_xlfn.IFNA(IF(AC8="xxx","xxx",IF(VLOOKUP(I8,$BE$8:$BK$260,7,FALSE)=1,AC8&CHAR(10),SUBSTITUTE(AC8,"%","")&"%"&CHAR(10))),"xxx") -> 火焰伤害 {0} | AJ8: =_xlfn.IFNA(IF(AC8="xxx","xxx",IF(VLOOKUP(L8,$BE$8:$BK$260,7,FALSE)=1,AD8&CHAR(10),SUBSTITUTE(AD8,"%","")&"%"&CHAR(10))),"xxx") -> 智力 {1} | AK8: =_xlfn.IFNA(IF(AC8="xxx","xxx",IF(VLOOKUP(O8,$BE$8:$BK$260,7,FALSE)=1,AE8&CHAR(10),SUBSTITUTE(AE8,"%","")&"%"&CHAR(10))),"xxx") -> 火焰伤害 {2}% | AL8: =_xlfn.IFNA(IF(AC8="xxx","xxx",IF(VLOOKUP(R8,$BE$8:$BK$260,7,FALSE)=1,AF8&CHAR(10),SUBSTITUTE(AF8,"%","")&"%"&CHAR(10))),"xxx") -> 火焰减抗 {3}% | AM8: =_xlfn.IFNA(IF(AC8="xxx","xxx",IF(VLOOKUP(U8,$BE$8:$BK$260,7,FALSE)=1,AG8&CHAR(10),SUBSTITUTE(AG8,"%","")&"%"&CHAR(10))),"xxx") -> 暴击率增幅 {4}% | AN8: =_xlfn.IFNA(IF(AC8="xxx","xxx",IF(VLOOKUP(X8,$BE$8:$BK$260,7,FALSE)=1,AH8&CHAR(10),SUBSTITUTE(AH8,"%","")&"%"&CHAR(10))),"xxx") -> 刷新次数 {5} | AO8: =_xlfn.CONCAT(AI8:AN8) -> 火焰伤害 {0} 智力 {1} 火焰伤害 {2}% 火焰减抗 {3}% 暴击率增幅 {4}% 刷新次数 {5} | AP8: =SUBSTITUTE(AO8,"xxx","") -> 火焰伤害 {0} 智力 {1} 火焰伤害 {2}% 火焰减抗 {3}% 暴击率增幅 {4}% 刷新次数 {5} | AQ8: 火焰伤害提升（20%~30%） 灼烧对精英和首领的伤害提升（30%~50%） 每击杀一名灼烧中的敌人（25%~35%）概率回复1点生命 | AR8: =IFERROR(IF(AP8="",AQ8,AP8),AP8) -> 火焰伤害 {0} 智力 {1} 火焰伤害 {2}% 火焰减抗 {3}% 暴击率增幅 {4}% 刷新次数 {5} | AS8: =IF(AR8<>AQ8,IF(ISNUMBER(SEARCH(CHAR(10),AR8)),SUBSTITUTE(AR8,CHAR(10),"",LEN(AR8)-LEN(SUBSTITUTE(AR8,CHAR(10),""))),AR8),AR8) -> 火焰伤害 {0} 智力 {1} 火焰伤害 {2}% 火焰减抗 {3}% 暴击率增幅 {4}% 刷新次数 {5} | BE8: 力量 | BF8: 固定值 | BG8: 101 | BH8: 10 | BI8: =COUNTIF($I$8:$I$1040,BE8)/COUNT($C$8:$C$1040)+COUNTIF($L$8:$L$1040,BE8)/COUNT($C$8:$C$1040)+COUNTIF($O$8:$O$1040,BE8)/COUNT($C$8:$C$1040)+COUNTIF($R$8:$R$1040,BE8)/COUNT($C$8:$C$1040)+COUNTIF($U$8:$U$1040,BE8)/COUNT($C$8:$C$1040)+COUNTIF($X$8:$X$1040,BE8)/COUNT($C$8:$C$1040) -> 0.068627451 | BK8: 1
C9: 14695 | D9: 灰烬使者 | E9: 6 | F9: 法杖 | H9: 10 | I9: 火焰伤害% | J9: 4 | K9: 0.2 | L9: 火焰减抗% | M9: 2 | N9: 0.2 | O9: 施加灼烧时间提升 | P9: 1 | Q9: 0 | R9: 灼烧系数 | S9: 1 | T9: 0.5 | U9: 附加火焰伤害% | V9: 2 | W9: 0 | AA9: ="1:"&IF(I9<>"",VLOOKUP(I9,$BE$8:$BH$260,3,FALSE)&","&VLOOKUP(I9,$BE$8:$BH$260,4,FALSE)*(1-K9)*J9&","&VLOOKUP(I9,$BE$8:$BH$260,4,FALSE)*(1+K9)*J9&",","xxx")&IF(L9<>"",VLOOKUP(L9,$BE$8:$BH$260,3,FALSE)&","&VLOOKUP(L9,$BE$8:$BH$260,4,FALSE)*(1-N9)*M9&","&VLOOKUP(L9,$BE$8:$BH$260,4,FALSE)*(1+N9)*M9&",","xxx")&IF(O9<>"",VLOOKUP(O9,$BE$8:$BH$260,3,FALSE)&","&VLOOKUP(O9,$BE$8:$BH$260,4,FALSE)*(1-Q9)*P9&","&VLOOKUP(O9,$BE$8:$BH$260,4,FALSE)*(1+Q9)*P9&",","xxx")&IF(R9<>"",VLOOKUP(R9,$BE$8:$BH$260,3,FALSE)&","&VLOOKUP(R9,$BE$8:$BH$260,4,FALSE)*(1-T9)*S9&","&VLOOKUP(R9,$BE$8:$BH$260,4,FALSE)*(1+T9)*S9&",","xxx")&IF(U9<>"",VLOOKUP(U9,$BE$8:$BH$260,3,FALSE)&","&VLOOKUP(U9,$BE$8:$BH$260,4,FALSE)*(1-W9)*V9&","&VLOOKUP(U9,$BE$8:$BH$260,4,FALSE)*(1+W9)*V9&",","xxx")&IF(X9<>"",VLOOKUP(X9,$BE$8:$BH$260,3,FALSE)&","&VLOOKUP(X9,$BE$8:$BH$260,4,FALSE)*(1-Z9)*Y9&","&VLOOKUP(X9,$BE$8:$BH$260,4,FALSE)*(1+Z9)*Y9&",","xxx") -> 1:214,32,48,223,8,12,251,10,10,241,5,15,237,20,20,xxx | AB9: =IF(LEFT(SUBSTITUTE(AA9,"x",""),LEN(SUBSTITUTE(AA9,"x",""))-1)="1","",LEFT(SUBSTITUTE(AA9,"x",""),LEN(SUBSTITUTE(AA9,"x",""))-1)) -> 1:214,32,48,223,8,12,251,10,10,241,5,15,237,20,20 | AC9: =IF(J9>0,I9&" "&"{"&J$6&"}","xxx") -> 火焰伤害% {0} | AD9: =IF(M9>0,L9&" "&"{"&M$6&"}","xxx") -> 火焰减抗% {1} | AE9: =IF(P9>0,O9&" "&"{"&P$6&"}","xxx") -> 施加灼烧时间提升 {2} | AF9: =IF(S9>0,R9&" "&"{"&S$6&"}","xxx") -> 灼烧系数 {3} | AG9: =IF(V9>0,U9&" "&"{"&V$6&"}","xxx") -> 附加火焰伤害% {4} | AH9: =IF(Y9>0,X9&" "&"{"&Y$6&"}","xxx") -> xxx | AI9: =_xlfn.IFNA(IF(AC9="xxx","xxx",IF(VLOOKUP(I9,$BE$8:$BK$260,7,FALSE)=1,AC9&CHAR(10),SUBSTITUTE(AC9,"%","")&"%"&CHAR(10))),"xxx") -> 火焰伤害 {0}% | AJ9: =_xlfn.IFNA(IF(AC9="xxx","xxx",IF(VLOOKUP(L9,$BE$8:$BK$260,7,FALSE)=1,AD9&CHAR(10),SUBSTITUTE(AD9,"%","")&"%"&CHAR(10))),"xxx") -> 火焰减抗 {1}% | AK9: =_xlfn.IFNA(IF(AC9="xxx","xxx",IF(VLOOKUP(O9,$BE$8:$BK$260,7,FALSE)=1,AE9&CHAR(10),SUBSTITUTE(AE9,"%","")&"%"&CHAR(10))),"xxx") -> 施加灼烧时间提升 {2}% | AL9: =_xlfn.IFNA(IF(AC9="xxx","xxx",IF(VLOOKUP(R9,$BE$8:$BK$260,7,FALSE)=1,AF9&CHAR(10),SUBSTITUTE(AF9,"%","")&"%"&CHAR(10))),"xxx") -> 灼烧系数 {3}% | AM9: =_xlfn.IFNA(IF(AC9="xxx","xxx",IF(VLOOKUP(U9,$BE$8:$BK$260,7,FALSE)=1,AG9&CHAR(10),SUBSTITUTE(AG9,"%","")&"%"&CHAR(10))),"xxx") -> 附加火焰伤害 {4}% | AN9: =_xlfn.IFNA(IF(AC9="xxx","xxx",IF(VLOOKUP(X9,$BE$8:$BK$260,7,FALSE)=1,AH9&CHAR(10),SUBSTITUTE(AH9,"%","")&"%"&CHAR(10))),"xxx") -> xxx | AO9: =_xlfn.CONCAT(AI9:AN9) -> 火焰伤害 {0}% 火焰减抗 {1}% 施加灼烧时间提升 {2}% 灼烧系数 {3}% 附加火焰伤害 {4}% xxx | AP9: =SUBSTITUTE(AO9,"xxx","") -> 火焰伤害 {0}% 火焰减抗 {1}% 施加灼烧时间提升 {2}% 灼烧系数 {3}% 附加火焰伤害 {4}% | AQ9: 智力+（10~20） 对灼烧中的敌人伤害提高（15%~30%） 击杀灼烧中的敌人时有（25%~35%）的几率触发 3 级的【召唤灰烬之灵】 | AR9: =IFERROR(IF(AP9="",AQ9,AP9),AP9) -> 火焰伤害 {0}% 火焰减抗 {1}% 施加灼烧时间提升 {2}% 灼烧系数 {3}% 附加火焰伤害 {4}% | AS9: =IF(AR9<>AQ9,IF(ISNUMBER(SEARCH(CHAR(10),AR9)),SUBSTITUTE(AR9,CHAR(10),"",LEN(AR9)-LEN(SUBSTITUTE(AR9,CHAR(10),""))),AR9),AR9) -> 火焰伤害 {0}% 火焰减抗 {1}% 施加灼烧时间提升 {2}% 灼烧系数 {3}% 附加火焰伤害 {4}% | BE9: 敏捷 | BF9: 固定值 | BG9: 102 | BH9: 10 | BI9: =COUNTIF($I$8:$I$1040,BE9)/COUNT($C$8:$C$1040)+COUNTIF($L$8:$L$1040,BE9)/COUNT($C$8:$C$1040)+COUNTIF($O$8:$O$1040,BE9)/COUNT($C$8:$C$1040)+COUNTIF($R$8:$R$1040,BE9)/COUNT($C$8:$C$1040)+COUNTIF($U$8:$U$1040,BE9)/COUNT($C$8:$C$1040)+COUNTIF($X$8:$X$1040,BE9)/COUNT($C$8:$C$1040) -> 0.071895425 | BK9: 1
C10: 14696 | D10: 时间之杖 | E10: -1 | F10: 法杖 | H10: 0 | AA10: ="1:"&IF(I10<>"",VLOOKUP(I10,$BE$8:$BH$260,3,FALSE)&","&VLOOKUP(I10,$BE$8:$BH$260,4,FALSE)*(1-K10)*J10&","&VLOOKUP(I10,$BE$8:$BH$260,4,FALSE)*(1+K10)*J10&",","xxx")&IF(L10<>"",VLOOKUP(L10,$BE$8:$BH$260,3,FALSE)&","&VLOOKUP(L10,$BE$8:$BH$260,4,FALSE)*(1-N10)*M10&","&VLOOKUP(L10,$BE$8:$BH$260,4,FALSE)*(1+N10)*M10&",","xxx")&IF(O10<>"",VLOOKUP(O10,$BE$8:$BH$260,3,FALSE)&","&VLOOKUP(O10,$BE$8:$BH$260,4,FALSE)*(1-Q10)*P10&","&VLOOKUP(O10,$BE$8:$BH$260,4,FALSE)*(1+Q10)*P10&",","xxx")&IF(R10<>"",VLOOKUP(R10,$BE$8:$BH$260,3,FALSE)&","&VLOOKUP(R10,$BE$8:$BH$260,4,FALSE)*(1-T10)*S10&","&VLOOKUP(R10,$BE$8:$BH$260,4,FALSE)*(1+T10)*S10&",","xxx")&IF(U10<>"",VLOOKUP(U10,$BE$8:$BH$260,3,FALSE)&","&VLOOKUP(U10,$BE$8:$BH$260,4,FALSE)*(1-W10)*V10&","&VLOOKUP(U10,$BE$8:$BH$260,4,FALSE)*(1+W10)*V10&",","xxx")&IF(X10<>"",VLOOKUP(X10,$BE$8:$BH$260,3,FALSE)&","&VLOOKUP(X10,$BE$8:$BH$260,4,FALSE)*(1-Z10)*Y10&","&VLOOKUP(X10,$BE$8:$BH$260,4,FALSE)*(1+Z10)*Y10&",","xxx") -> 1:xxxxxxxxxxxxxxxxxx | AB10: =IF(LEFT(SUBSTITUTE(AA10,"x",""),LEN(SUBSTITUTE(AA10,"x",""))-1)="1","",LEFT(SUBSTITUTE(AA10,"x",""),LEN(SUBSTITUTE(AA10,"x",""))-1)) | AC10: =IF(J10>0,I10&" "&"{"&J$6&"}","xxx") -> xxx | AD10: =IF(M10>0,L10&" "&"{"&M$6&"}","xxx") -> xxx | AE10: =IF(P10>0,O10&" "&"{"&P$6&"}","xxx") -> xxx | AF10: =IF(S10>0,R10&" "&"{"&S$6&"}","xxx") -> xxx | AG10: =IF(V10>0,U10&" "&"{"&V$6&"}","xxx") -> xxx | AH10: =IF(Y10>0,X10&" "&"{"&Y$6&"}","xxx") -> xxx | AI10: =_xlfn.IFNA(IF(AC10="xxx","xxx",IF(VLOOKUP(I10,$BE$8:$BK$260,7,FALSE)=1,AC10&CHAR(10),SUBSTITUTE(AC10,"%","")&"%"&CHAR(10))),"xxx") -> xxx | AJ10: =_xlfn.IFNA(IF(AC10="xxx","xxx",IF(VLOOKUP(L10,$BE$8:$BK$260,7,FALSE)=1,AD10&CHAR(10),SUBSTITUTE(AD10,"%","")&"%"&CHAR(10))),"xxx") -> xxx | AK10: =_xlfn.IFNA(IF(AC10="xxx","xxx",IF(VLOOKUP(O10,$BE$8:$BK$260,7,FALSE)=1,AE10&CHAR(10),SUBSTITUTE(AE10,"%","")&"%"&CHAR(10))),"xxx") -> xxx | AL10: =_xlfn.IFNA(IF(AC10="xxx","xxx",IF(VLOOKUP(R10,$BE$8:$BK$260,7,FALSE)=1,AF10&CHAR(10),SUBSTITUTE(AF10,"%","")&"%"&CHAR(10))),"xxx") -> xxx | AM10: =_xlfn.IFNA(IF(AC10="xxx","xxx",IF(VLOOKUP(U10,$BE$8:$BK$260,7,FALSE)=1,AG10&CHAR(10),SUBSTITUTE(AG10,"%","")&"%"&CHAR(10))),"xxx") -> xxx | AN10: =_xlfn.IFNA(IF(AC10="xxx","xxx",IF(VLOOKUP(X10,$BE$8:$BK$260,7,FALSE)=1,AH10&CHAR(10),SUBSTITUTE(AH10,"%","")&"%"&CHAR(10))),"xxx") -> xxx | AO10: =_xlfn.CONCAT(AI10:AN10) -> xxxxxxxxxxxxxxxxxx | AP10: =SUBSTITUTE(AO10,"xxx","") | AQ10: 元素伤害提高 +{0}% 技能冷却缩减 {1}% 技能范围 +{2}% | AR10: =IFERROR(IF(AP10="",AQ10,AP10),AP10) -> 元素伤害提高 +{0}% 技能冷却缩减 {1}% 技能范围 +{2}% | AS10: =IF(AR10<>AQ10,IF(ISNUMBER(SEARCH(CHAR(10),AR10)),SUBSTITUTE(AR10,CHAR(10),"",LEN(AR10)-LEN(SUBSTITUTE(AR10,CHAR(10),""))),AR10),AR10) -> 元素伤害提高 +{0}% 技能冷却缩减 {1}% 技能范围 +{2}% | BE10: 智力 | BF10: 固定值 | BG10: 103 | BH10: 10 | BI10: =COUNTIF($I$8:$I$1040,BE10)/COUNT($C$8:$C$1040)+COUNTIF($L$8:$L$1040,BE10)/COUNT($C$8:$C$1040)+COUNTIF($O$8:$O$1040,BE10)/COUNT($C$8:$C$1040)+COUNTIF($R$8:$R$1040,BE10)/COUNT($C$8:$C$1040)+COUNTIF($U$8:$U$1040,BE10)/COUNT($C$8:$C$1040)+COUNTIF($X$8:$X$1040,BE10)/COUNT($C$8:$C$1040) -> 0.081699346 | BK10: 1
C11: 14697 | D11: 骸骨主宰 | E11: 1 | F11: 法杖 | H11: 11 | I11: 召唤物物理伤害% | J11: 3 | K11: 0.2 | L11: 召唤物生命值% | M11: 3 | N11: 0.2 | O11: 召唤物暴击几率% | P11: 2 | Q11: 0.2 | R11: 召唤物暴击伤害% | S11: 2 | T11: 0.2 | U11: 召唤物物理抗性% | V11: 1 | AA11: ="1:"&IF(I11<>"",VLOOKUP(I11,$BE$8:$BH$260,3,FALSE)&","&VLOOKUP(I11,$BE$8:$BH$260,4,FALSE)*(1-K11)*J11&","&VLOOKUP(I11,$BE$8:$BH$260,4,FALSE)*(1+K11)*J11&",","xxx")&IF(L11<>"",VLOOKUP(L11,$BE$8:$BH$260,3,FALSE)&","&VLOOKUP(L11,$BE$8:$BH$260,4,FALSE)*(1-N11)*M11&","&VLOOKUP(L11,$BE$8:$BH$260,4,FALSE)*(1+N11)*M11&",","xxx")&IF(O11<>"",VLOOKUP(O11,$BE$8:$BH$260,3,FALSE)&","&VLOOKUP(O11,$BE$8:$BH$260,4,FALSE)*(1-Q11)*P11&","&VLOOKUP(O11,$BE$8:$BH$260,4,FALSE)*(1+Q11)*P11&",","xxx")&IF(R11<>"",VLOOKUP(R11,$BE$8:$BH$260,3,FALSE)&","&VLOOKUP(R11,$BE$8:$BH$260,4,FALSE)*(1-T11)*S11&","&VLOOKUP(R11,$BE$8:$BH$260,4,FALSE)*(1+T11)*S11&",","xxx")&IF(U11<>"",VLOOKUP(U11,$BE$8:$BH$260,3,FALSE)&","&VLOOKUP(U11,$BE$8:$BH$260,4,FALSE)*(1-W11)*V11&","&VLOOKUP(U11,$BE$8:$BH$260,4,FALSE)*(1+W11)*V11&",","xxx")&IF(X11<>"",VLOOKUP(X11,$BE$8:$BH$260,3,FALSE)&","&VLOOKUP(X11,$BE$8:$BH$260,4,FALSE)*(1-Z11)*Y11&","&VLOOKUP(X11,$BE$8:$BH$260,4,FALSE)*(1+Z11)*Y11&",","xxx") -> 1:705,48,72,702,24,36,716,8,12,717,16,24,714,10,10,xxx | AB11: =IF(LEFT(SUBSTITUTE(AA11,"x",""),LEN(SUBSTITUTE(AA11,"x",""))-1)="1","",LEFT(SUBSTITUTE(AA11,"x",""),LEN(SUBSTITUTE(AA11,"x",""))-1)) -> 1:705,48,72,702,24,36,716,8,12,717,16,24,714,10,10 | AC11: =IF(J11>0,I11&" "&"{"&J$6&"}","xxx") -> 召唤物物理伤害% {0} | AD11: =IF(M11>0,L11&" "&"{"&M$6&"}","xxx") -> 召唤物生命值% {1} | AE11: =IF(P11>0,O11&" "&"{"&P$6&"}","xxx") -> 召唤物暴击几率% {2} | AF11: =IF(S11>0,R11&" "&"{"&S$6&"}","xxx") -> 召唤物暴击伤害% {3} | AG11: =IF(V11>0,U11&" "&"{"&V$6&"}","xxx") -> 召唤物物理抗性% {4} | AH11: =IF(Y11>0,X11&" "&"{"&Y$6&"}","xxx") -> xxx | AI11: =_xlfn.IFNA(IF(AC11="xxx","xxx",IF(VLOOKUP(I11,$BE$8:$BK$260,7,FALSE)=1,AC11&CHAR(10),SUBSTITUTE(AC11,"%","")&"%"&CHAR(10))),"xxx") -> 召唤物物理伤害 {0}% | AJ11: =_xlfn.IFNA(IF(AC11="xxx","xxx",IF(VLOOKUP(L11,$BE$8:$BK$260,7,FALSE)=1,AD11&CHAR(10),SUBSTITUTE(AD11,"%","")&"%"&CHAR(10))),"xxx") -> 召唤物生命值 {1}% | AK11: =_xlfn.IFNA(IF(AC11="xxx","xxx",IF(VLOOKUP(O11,$BE$8:$BK$260,7,FALSE)=1,AE11&CHAR(10),SUBSTITUTE(AE11,"%","")&"%"&CHAR(10))),"xxx") -> 召唤物暴击几率 {2}% | AL11: =_xlfn.IFNA(IF(AC11="xxx","xxx",IF(VLOOKUP(R11,$BE$8:$BK$260,7,FALSE)=1,AF11&CHAR(10),SUBSTITUTE(AF11,"%","")&"%"&CHAR(10))),"xxx") -> 召唤物暴击伤害 {3}% | AM11: =_xlfn.IFNA(IF(AC11="xxx","xxx",IF(VLOOKUP(U11,$BE$8:$BK$260,7,FALSE)=1,AG11&CHAR(10),SUBSTITUTE(AG11,"%","")&"%"&CHAR(10))),"xxx") -> 召唤物物理抗性 {4}% | AN11: =_xlfn.IFNA(IF(AC11="xxx","xxx",IF(VLOOKUP(X11,$BE$8:$BK$260,7,FALSE)=1,AH11&CHAR(10),SUBSTITUTE(AH11,"%","")&"%"&CHAR(10))),"xxx") -> xxx | AO11: =_xlfn.CONCAT(AI11:AN11) -> 召唤物物理伤害 {0}% 召唤物生命值 {1}% 召唤物暴击几率 {2}% 召唤物暴击伤害 {3}% 召唤物物理抗性 {4}% xxx | AP11: =SUBSTITUTE(AO11,"xxx","") -> 召唤物物理伤害 {0}% 召唤物生命值 {1}% 召唤物暴击几率 {2}% 召唤物暴击伤害 {3}% 召唤物物理抗性 {4}% | AQ11: 骷髅伤害+（30%~45%） 骷髅移动速度+（30%~45%） 骷髅上限+1 | AR11: =IFERROR(IF(AP11="",AQ11,AP11),AP11) -> 召唤物物理伤害 {0}% 召唤物生命值 {1}% 召唤物暴击几率 {2}% 召唤物暴击伤害 {3}% 召唤物物理抗性 {4}% | AS11: =IF(AR11<>AQ11,IF(ISNUMBER(SEARCH(CHAR(10),AR11)),SUBSTITUTE(AR11,CHAR(10),"",LEN(AR11)-LEN(SUBSTITUTE(AR11,CHAR(10),""))),AR11),AR11) -> 召唤物物理伤害 {0}% 召唤物生命值 {1}% 召唤物暴击几率 {2}% 召唤物暴击伤害 {3}% 召唤物物理抗性 {4}% | BE11: 幸运 | BF11: 固定值 | BG11: 104 | BH11: 10 | BI11: =COUNTIF($I$8:$I$1040,BE11)/COUNT($C$8:$C$1040)+COUNTIF($L$8:$L$1040,BE11)/COUNT($C$8:$C$1040)+COUNTIF($O$8:$O$1040,BE11)/COUNT($C$8:$C$1040)+COUNTIF($R$8:$R$1040,BE11)/COUNT($C$8:$C$1040)+COUNTIF($U$8:$U$1040,BE11)/COUNT($C$8:$C$1040)+COUNTIF($X$8:$X$1040,BE11)/COUNT($C$8:$C$1040) -> 0.029411765 | BK11: 1
C12: 14698 | D12: 瘟毒之杖 | E12: 6 | F12: 法杖 | H12: 11 | I12: 附加混沌伤害 | J12: 3 | K12: 0.2 | L12: 施加中毒时间提升 | M12: 3 | N12: 0 | O12: 冷却缩减% | P12: 2 | Q12: 0 | R12: 混沌伤害 | S12: 3 | T12: 0.2 | AA12: ="1:"&IF(I12<>"",VLOOKUP(I12,$BE$8:$BH$260,3,FALSE)&","&VLOOKUP(I12,$BE$8:$BH$260,4,FALSE)*(1-K12)*J12&","&VLOOKUP(I12,$BE$8:$BH$260,4,FALSE)*(1+K12)*J12&",","xxx")&IF(L12<>"",VLOOKUP(L12,$BE$8:$BH$260,3,FALSE)&","&VLOOKUP(L12,$BE$8:$BH$260,4,FALSE)*(1-N12)*M12&","&VLOOKUP(L12,$BE$8:$BH$260,4,FALSE)*(1+N12)*M12&",","xxx")&IF(O12<>"",VLOOKUP(O12,$BE$8:$BH$260,3,FALSE)&","&VLOOKUP(O12,$BE$8:$BH$260,4,FALSE)*(1-Q12)*P12&","&VLOOKUP(O12,$BE$8:$BH$260,4,FALSE)*(1+Q12)*P12&",","xxx")&IF(R12<>"",VLOOKUP(R12,$BE$8:$BH$260,3,FALSE)&","&VLOOKUP(R12,$BE$8:$BH$260,4,FALSE)*(1-T12)*S12&","&VLOOKUP(R12,$BE$8:$BH$260,4,FALSE)*(1+T12)*S12&",","xxx")&IF(U12<>"",VLOOKUP(U12,$BE$8:$BH$260,3,FALSE)&","&VLOOKUP(U12,$BE$8:$BH$260,4,FALSE)*(1-W12)*V12&","&VLOOKUP(U12,$BE$8:$BH$260,4,FALSE)*(1+W12)*V12&",","xxx")&IF(X12<>"",VLOOKUP(X12,$BE$8:$BH$260,3,FALSE)&","&VLOOKUP(X12,$BE$8:$BH$260,4,FALSE)*(1-Z12)*Y12&","&VLOOKUP(X12,$BE$8:$BH$260,4,FALSE)*(1+Z12)*Y12&",","xxx") -> 1:232,24,36,250,30,30,409,10,10,209,24,36,xxxxxx | AB12: =IF(LEFT(SUBSTITUTE(AA12,"x",""),LEN(SUBSTITUTE(AA12,"x",""))-1)="1","",LEFT(SUBSTITUTE(AA12,"x",""),LEN(SUBSTITUTE(AA12,"x",""))-1)) -> 1:232,24,36,250,30,30,409,10,10,209,24,36 | AC12: =IF(J12>0,I12&" "&"{"&J$6&"}","xxx") -> 附加混沌伤害 {0} | AD12: =IF(M12>0,L12&" "&"{"&M$6&"}","xxx") -> 施加中毒时间提升 {1} | AE12: =IF(P12>0,O12&" "&"{"&P$6&"}","xxx") -> 冷却缩减% {2} | AF12: =IF(S12>0,R12&" "&"{"&S$6&"}","xxx") -> 混沌伤害 {3} | AG12: =IF(V12>0,U12&" "&"{"&V$6&"}","xxx") -> xxx | AH12: =IF(Y12>0,X12&" "&"{"&Y$6&"}","xxx") -> xxx | AI12: =_xlfn.IFNA(IF(AC12="xxx","xxx",IF(VLOOKUP(I12,$BE$8:$BK$260,7,FALSE)=1,AC12&CHAR(10),SUBSTITUTE(AC12,"%","")&"%"&CHAR(10))),"xxx") -> 附加混沌伤害 {0}% | AJ12: =_xlfn.IFNA(IF(AC12="xxx","xxx",IF(VLOOKUP(L12,$BE$8:$BK$260,7,FALSE)=1,AD12&CHAR(10),SUBSTITUTE(AD12,"%","")&"%"&CHAR(10))),"xxx") -> 施加中毒时间提升 {1}% | AK12: =_xlfn.IFNA(IF(AC12="xxx","xxx",IF(VLOOKUP(O12,$BE$8:$BK$260,7,FALSE)=1,AE12&CHAR(10),SUBSTITUTE(AE12,"%","")&"%"&CHAR(10))),"xxx") -> 冷却缩减 {2}% | AL12: =_xlfn.IFNA(IF(AC12="xxx","xxx",IF(VLOOKUP(R12,$BE$8:$BK$260,7,FALSE)=1,AF12&CHAR(10),SUBSTITUTE(AF12,"%","")&"%"&CHAR(10))),"xxx") -> 混沌伤害 {3} | AM12: =_xlfn.IFNA(IF(AC12="xxx","xxx",IF(VLOOKUP(U12,$BE$8:$BK$260,7,FALSE)=1,AG12&CHAR(10),SUBSTITUTE(AG12,"%","")&"%"&CHAR(10))),"xxx") -> xxx | AN12: =_xlfn.IFNA(IF(AC12="xxx","xxx",IF(VLOOKUP(X12,$BE$8:$BK$260,7,FALSE)=1,AH12&CHAR(10),SUBSTITUTE(AH12,"%","")&"%"&CHAR(10))),"xxx") -> xxx | AO12: =_xlfn.CONCAT(AI12:AN12) -> 附加混沌伤害 {0}% 施加中毒时间提升 {1}% 冷却缩减 {2}% 混沌伤害 {3} xxxxxx | AP12: =SUBSTITUTE(AO12,"xxx","") -> 附加混沌伤害 {0}% 施加中毒时间提升 {1}% 冷却缩减 {2}% 混沌伤害 {3} | AQ12: 混沌伤害提高（20%~30%） 中毒的持续时间+（20%~30%） 对中毒状态的敌人伤害提高（15%~25%） | AR12: =IFERROR(IF(AP12="",AQ12,AP12),AP12) -> 附加混沌伤害 {0}% 施加中毒时间提升 {1}% 冷却缩减 {2}% 混沌伤害 {3} | AS12: =IF(AR12<>AQ12,IF(ISNUMBER(SEARCH(CHAR(10),AR12)),SUBSTITUTE(AR12,CHAR(10),"",LEN(AR12)-LEN(SUBSTITUTE(AR12,CHAR(10),""))),AR12),AR12) -> 附加混沌伤害 {0}% 施加中毒时间提升 {1}% 冷却缩减 {2}% 混沌伤害 {3} | BE12: 攻击力 | BF12: 固定值 | BG12: 201 | BH12: 5 | BI12: =COUNTIF($I$8:$I$1040,BE12)/COUNT($C$8:$C$1040)+COUNTIF($L$8:$L$1040,BE12)/COUNT($C$8:$C$1040)+COUNTIF($O$8:$O$1040,BE12)/COUNT($C$8:$C$1040)+COUNTIF($R$8:$R$1040,BE12)/COUNT($C$8:$C$1040)+COUNTIF($U$8:$U$1040,BE12)/COUNT($C$8:$C$1040)+COUNTIF($X$8:$X$1040,BE12)/COUNT($C$8:$C$1040) -> 0.029411765 | BK12: 1
C13: 14699 | D13: 混沌挽歌 | E13: 3 | F13: 法杖 | H13: 12 | I13: 混沌伤害% | J13: 5 | K13: 0.2 | L13: 混沌减抗% | M13: 2 | N13: 0.2 | O13: 附加混沌伤害% | P13: 3 | Q13: 0.2 | R13: 区域技能范围% | S13: 2 | T13: 0.2 | AA13: ="1:"&IF(I13<>"",VLOOKUP(I13,$BE$8:$BH$260,3,FALSE)&","&VLOOKUP(I13,$BE$8:$BH$260,4,FALSE)*(1-K13)*J13&","&VLOOKUP(I13,$BE$8:$BH$260,4,FALSE)*(1+K13)*J13&",","xxx")&IF(L13<>"",VLOOKUP(L13,$BE$8:$BH$260,3,FALSE)&","&VLOOKUP(L13,$BE$8:$BH$260,4,FALSE)*(1-N13)*M13&","&VLOOKUP(L13,$BE$8:$BH$260,4,FALSE)*(1+N13)*M13&",","xxx")&IF(O13<>"",VLOOKUP(O13,$BE$8:$BH$260,3,FALSE)&","&VLOOKUP(O13,$BE$8:$BH$260,4,FALSE)*(1-Q13)*P13&","&VLOOKUP(O13,$BE$8:$BH$260,4,FALSE)*(1+Q13)*P13&",","xxx")&IF(R13<>"",VLOOKUP(R13,$BE$8:$BH$260,3,FALSE)&","&VLOOKUP(R13,$BE$8:$BH$260,4,FALSE)*(1-T13)*S13&","&VLOOKUP(R13,$BE$8:$BH$260,4,FALSE)*(1+T13)*S13&",","xxx")&IF(U13<>"",VLOOKUP(U13,$BE$8:$BH$260,3,FALSE)&","&VLOOKUP(U13,$BE$8:$BH$260,4,FALSE)*(1-W13)*V13&","&VLOOKUP(U13,$BE$8:$BH$260,4,FALSE)*(1+W13)*V13&",","xxx")&IF(X13<>"",VLOOKUP(X13,$BE$8:$BH$260,3,FALSE)&","&VLOOKUP(X13,$BE$8:$BH$260,4,FALSE)*(1-Z13)*Y13&","&VLOOKUP(X13,$BE$8:$BH$260,4,FALSE)*(1+Z13)*Y13&",","xxx") -> 1:216,40,60,225,8,12,239,24,36,432,16,24,xxxxxx | AB13: =IF(LEFT(SUBSTITUTE(AA13,"x",""),LEN(SUBSTITUTE(AA13,"x",""))-1)="1","",LEFT(SUBSTITUTE(AA13,"x",""),LEN(SUBSTITUTE(AA13,"x",""))-1)) -> 1:216,40,60,225,8,12,239,24,36,432,16,24 | AC13: =IF(J13>0,I13&" "&"{"&J$6&"}","xxx") -> 混沌伤害% {0} | AD13: =IF(M13>0,L13&" "&"{"&M$6&"}","xxx") -> 混沌减抗% {1} | AE13: =IF(P13>0,O13&" "&"{"&P$6&"}","xxx") -> 附加混沌伤害% {2} | AF13: =IF(S13>0,R13&" "&"{"&S$6&"}","xxx") -> 区域技能范围% {3} | AG13: =IF(V13>0,U13&" "&"{"&V$6&"}","xxx") -> xxx | AH13: =IF(Y13>0,X13&" "&"{"&Y$6&"}","xxx") -> xxx | AI13: =_xlfn.IFNA(IF(AC13="xxx","xxx",IF(VLOOKUP(I13,$BE$8:$BK$260,7,FALSE)=1,AC13&CHAR(10),SUBSTITUTE(AC13,"%","")&"%"&CHAR(10))),"xxx") -> 混沌伤害 {0}% | AJ13: =_xlfn.IFNA(IF(AC13="xxx","xxx",IF(VLOOKUP(L13,$BE$8:$BK$260,7,FALSE)=1,AD13&CHAR(10),SUBSTITUTE(AD13,"%","")&"%"&CHAR(10))),"xxx") -> 混沌减抗 {1}% | AK13: =_xlfn.IFNA(IF(AC13="xxx","xxx",IF(VLOOKUP(O13,$BE$8:$BK$260,7,FALSE)=1,AE13&CHAR(10),SUBSTITUTE(AE13,"%","")&"%"&CHAR(10))),"xxx") -> 附加混沌伤害 {2}% | AL13: =_xlfn.IFNA(IF(AC13="xxx","xxx",IF(VLOOKUP(R13,$BE$8:$BK$260,7,FALSE)=1,AF13&CHAR(10),SUBSTITUTE(AF13,"%","")&"%"&CHAR(10))),"xxx") -> 区域技能范围 {3}% | AM13: =_xlfn.IFNA(IF(AC13="xxx","xxx",IF(VLOOKUP(U13,$BE$8:$BK$260,7,FALSE)=1,AG13&CHAR(10),SUBSTITUTE(AG13,"%","")&"%"&CHAR(10))),"xxx") -> xxx | AN13: =_xlfn.IFNA(IF(AC13="xxx","xxx",IF(VLOOKUP(X13,$BE$8:$BK$260,7,FALSE)=1,AH13&CHAR(10),SUBSTITUTE(AH13,"%","")&"%"&CHAR(10))),"xxx") -> xxx | AO13: =_xlfn.CONCAT(AI13:AN13) -> 混沌伤害 {0}% 混沌减抗 {1}% 附加混沌伤害 {2}% 区域技能范围 {3}% xxxxxx | AP13: =SUBSTITUTE(AO13,"xxx","") -> 混沌伤害 {0}% 混沌减抗 {1}% 附加混沌伤害 {2}% 区域技能范围 {3}% | AQ13: 火焰伤害 + {1} 智力 + {2} 火焰伤害 + {3}% 火焰减抗 + {4}% 暴击率增幅 + 20% 刷新次数 + 2 | AR13: =IFERROR(IF(AP13="",AQ13,AP13),AP13) -> 混沌伤害 {0}% 混沌减抗 {1}% 附加混沌伤害 {2}% 区域技能范围 {3}% | AS13: =IF(AR13<>AQ13,IF(ISNUMBER(SEARCH(CHAR(10),AR13)),SUBSTITUTE(AR13,CHAR(10),"",LEN(AR13)-LEN(SUBSTITUTE(AR13,CHAR(10),""))),AR13),AR13) -> 混沌伤害 {0}% 混沌减抗 {1}% 附加混沌伤害 {2}% 区域技能范围 {3}% | BE13: 所有伤害增加% | BF13: 百分比 | BG13: 202 | BH13: 10 | BI13: =COUNTIF($I$8:$I$1040,BE13)/COUNT($C$8:$C$1040)+COUNTIF($L$8:$L$1040,BE13)/COUNT($C$8:$C$1040)+COUNTIF($O$8:$O$1040,BE13)/COUNT($C$8:$C$1040)+COUNTIF($R$8:$R$1040,BE13)/COUNT($C$8:$C$1040)+COUNTIF($U$8:$U$1040,BE13)/COUNT($C$8:$C$1040)+COUNTIF($X$8:$X$1040,BE13)/COUNT($C$8:$C$1040) -> 0.035947712 | BK13: 2
C14: 14700 | D14: 群星之怒 | E14: 2 | F14: 法杖 | H14: 0 | AA14: ="1:"&IF(I14<>"",VLOOKUP(I14,$BE$8:$BH$260,3,FALSE)&","&VLOOKUP(I14,$BE$8:$BH$260,4,FALSE)*(1-K14)*J14&","&VLOOKUP(I14,$BE$8:$BH$260,4,FALSE)*(1+K14)*J14&",","xxx")&IF(L14<>"",VLOOKUP(L14,$BE$8:$BH$260,3,FALSE)&","&VLOOKUP(L14,$BE$8:$BH$260,4,FALSE)*(1-N14)*M14&","&VLOOKUP(L14,$BE$8:$BH$260,4,FALSE)*(1+N14)*M14&",","xxx")&IF(O14<>"",VLOOKUP(O14,$BE$8:$BH$260,3,FALSE)&","&VLOOKUP(O14,$BE$8:$BH$260,4,FALSE)*(1-Q14)*P14&","&VLOOKUP(O14,$BE$8:$BH$260,4,FALSE)*(1+Q14)*P14&",","xxx")&IF(R14<>"",VLOOKUP(R14,$BE$8:$BH$260,3,FALSE)&","&VLOOKUP(R14,$BE$8:$BH$260,4,FALSE)*(1-T14)*S14&","&VLOOKUP(R14,$BE$8:$BH$260,4,FALSE)*(1+T14)*S14&",","xxx")&IF(U14<>"",VLOOKUP(U14,$BE$8:$BH$260,3,FALSE)&","&VLOOKUP(U14,$BE$8:$BH$260,4,FALSE)*(1-W14)*V14&","&VLOOKUP(U14,$BE$8:$BH$260,4,FALSE)*(1+W14)*V14&",","xxx")&IF(X14<>"",VLOOKUP(X14,$BE$8:$BH$260,3,FALSE)&","&VLOOKUP(X14,$BE$8:$BH$260,4,FALSE)*(1-Z14)*Y14&","&VLOOKUP(X14,$BE$8:$BH$260,4,FALSE)*(1+Z14)*Y14&",","xxx") -> 1:xxxxxxxxxxxxxxxxxx | AB14: =IF(LEFT(SUBSTITUTE(AA14,"x",""),LEN(SUBSTITUTE(AA14,"x",""))-1)="1","",LEFT(SUBSTITUTE(AA14,"x",""),LEN(SUBSTITUTE(AA14,"x",""))-1)) | AC14: =IF(J14>0,I14&" "&"{"&J$6&"}","xxx") -> xxx | AD14: =IF(M14>0,L14&" "&"{"&M$6&"}","xxx") -> xxx | AE14: =IF(P14>0,O14&" "&"{"&P$6&"}","xxx") -> xxx | AF14: =IF(S14>0,R14&" "&"{"&S$6&"}","xxx") -> xxx | AG14: =IF(V14>0,U14&" "&"{"&V$6&"}","xxx") -> xxx | AH14: =IF(Y14>0,X14&" "&"{"&Y$6&"}","xxx") -> xxx | AI14: =_xlfn.IFNA(IF(AC14="xxx","xxx",IF(VLOOKUP(I14,$BE$8:$BK$260,7,FALSE)=1,AC14&CHAR(10),SUBSTITUTE(AC14,"%","")&"%"&CHAR(10))),"xxx") -> xxx | AJ14: =_xlfn.IFNA(IF(AC14="xxx","xxx",IF(VLOOKUP(L14,$BE$8:$BK$260,7,FALSE)=1,AD14&CHAR(10),SUBSTITUTE(AD14,"%","")&"%"&CHAR(10))),"xxx") -> xxx | AK14: =_xlfn.IFNA(IF(AC14="xxx","xxx",IF(VLOOKUP(O14,$BE$8:$BK$260,7,FALSE)=1,AE14&CHAR(10),SUBSTITUTE(AE14,"%","")&"%"&CHAR(10))),"xxx") -> xxx | AL14: =_xlfn.IFNA(IF(AC14="xxx","xxx",IF(VLOOKUP(R14,$BE$8:$BK$260,7,FALSE)=1,AF14&CHAR(10),SUBSTITUTE(AF14,"%","")&"%"&CHAR(10))),"xxx") -> xxx | AM14: =_xlfn.IFNA(IF(AC14="xxx","xxx",IF(VLOOKUP(U14,$BE$8:$BK$260,7,FALSE)=1,AG14&CHAR(10),SUBSTITUTE(AG14,"%","")&"%"&CHAR(10))),"xxx") -> xxx | AN14: =_xlfn.IFNA(IF(AC14="xxx","xxx",IF(VLOOKUP(X14,$BE$8:$BK$260,7,FALSE)=1,AH14&CHAR(10),SUBSTITUTE(AH14,"%","")&"%"&CHAR(10))),"xxx") -> xxx | AO14: =_xlfn.CONCAT(AI14:AN14) -> xxxxxxxxxxxxxxxxxx | AP14: =SUBSTITUTE(AO14,"xxx","") | AQ14: 投射物数量 +{0} 投射物大小 +{1}% 投射物穿透 +1 | AR14: =IFERROR(IF(AP14="",AQ14,AP14),AP14) -> 投射物数量 +{0} 投射物大小 +{1}% 投射物穿透 +1 | AS14: =IF(AR14<>AQ14,IF(ISNUMBER(SEARCH(CHAR(10),AR14)),SUBSTITUTE(AR14,CHAR(10),"",LEN(AR14)-LEN(SUBSTITUTE(AR14,CHAR(10),""))),AR14),AR14) -> 投射物数量 +{0} 投射物大小 +{1}% 投射物穿透 +1 | BE14: 额外伤害增加% | BF14: 百分比 | BG14: 203 | BH14: 10 | BI14: =COUNTIF($I$8:$I$1040,BE14)/COUNT($C$8:$C$1040)+COUNTIF($L$8:$L$1040,BE14)/COUNT($C$8:$C$1040)+COUNTIF($O$8:$O$1040,BE14)/COUNT($C$8:$C$1040)+COUNTIF($R$8:$R$1040,BE14)/COUNT($C$8:$C$1040)+COUNTIF($U$8:$U$1040,BE14)/COUNT($C$8:$C$1040)+COUNTIF($X$8:$X$1040,BE14)/COUNT($C$8:$C$1040) -> 0.016339869 | BK14: 2
C15: 14701 | D15: 冰魄之刃 | E15: 4 | F15: 单手剑 | H15: 7 | I15: 冰霜伤害 | J15: 2 | K15: 0.2 | L15: 冰霜伤害% | M15: 2 | N15: 0.2 | O15: 冰霜减抗% | P15: 1 | Q15: 0.2 | R15: 子弹数量 | S15: 2 | T15: 0 | AA15: ="1:"&IF(I15<>"",VLOOKUP(I15,$BE$8:$BH$260,3,FALSE)&","&VLOOKUP(I15,$BE$8:$BH$260,4,FALSE)*(1-K15)*J15&","&VLOOKUP(I15,$BE$8:$BH$260,4,FALSE)*(1+K15)*J15&",","xxx")&IF(L15<>"",VLOOKUP(L15,$BE$8:$BH$260,3,FALSE)&","&VLOOKUP(L15,$BE$8:$BH$260,4,FALSE)*(1-N15)*M15&","&VLOOKUP(L15,$BE$8:$BH$260,4,FALSE)*(1+N15)*M15&",","xxx")&IF(O15<>"",VLOOKUP(O15,$BE$8:$BH$260,3,FALSE)&","&VLOOKUP(O15,$BE$8:$BH$260,4,FALSE)*(1-Q15)*P15&","&VLOOKUP(O15,$BE$8:$BH$260,4,FALSE)*(1+Q15)*P15&",","xxx")&IF(R15<>"",VLOOKUP(R15,$BE$8:$BH$260,3,FALSE)&","&VLOOKUP(R15,$BE$8:$BH$260,4,FALSE)*(1-T15)*S15&","&VLOOKUP(R15,$BE$8:$BH$260,4,FALSE)*(1+T15)*S15&",","xxx")&IF(U15<>"",VLOOKUP(U15,$BE$8:$BH$260,3,FALSE)&","&VLOOKUP(U15,$BE$8:$BH$260,4,FALSE)*(1-W15)*V15&","&VLOOKUP(U15,$BE$8:$BH$260,4,FALSE)*(1+W15)*V15&",","xxx")&IF(X15<>"",VLOOKUP(X15,$BE$8:$BH$260,3,FALSE)&","&VLOOKUP(X15,$BE$8:$BH$260,4,FALSE)*(1-Z15)*Y15&","&VLOOKUP(X15,$BE$8:$BH$260,4,FALSE)*(1+Z15)*Y15&",","xxx") -> 1:206,16,24,213,16,24,222,4,6,404,1,1,xxxxxx | AB15: =IF(LEFT(SUBSTITUTE(AA15,"x",""),LEN(SUBSTITUTE(AA15,"x",""))-1)="1","",LEFT(SUBSTITUTE(AA15,"x",""),LEN(SUBSTITUTE(AA15,"x",""))-1)) -> 1:206,16,24,213,16,24,222,4,6,404,1,1 | AC15: =IF(J15>0,I15&" "&"{"&J$6&"}","xxx") -> 冰霜伤害 {0} | AD15: =IF(M15>0,L15&" "&"{"&M$6&"}","xxx") -> 冰霜伤害% {1} | AE15: =IF(P15>0,O15&" "&"{"&P$6&"}","xxx") -> 冰霜减抗% {2} | AF15: =IF(S15>0,R15&" "&"{"&S$6&"}","xxx") -> 子弹数量 {3} | AG15: =IF(V15>0,U15&" "&"{"&V$6&"}","xxx") -> xxx | AH15: =IF(Y15>0,X15&" "&"{"&Y$6&"}","xxx") -> xxx | AI15: =_xlfn.IFNA(IF(AC15="xxx","xxx",IF(VLOOKUP(I15,$BE$8:$BK$260,7,FALSE)=1,AC15&CHAR(10),SUBSTITUTE(AC15,"%","")&"%"&CHAR(10))),"xxx") -> 冰霜伤害 {0} | AJ15: =_xlfn.IFNA(IF(AC15="xxx","xxx",IF(VLOOKUP(L15,$BE$8:$BK$260,7,FALSE)=1,AD15&CHAR(10),SUBSTITUTE(AD15,"%","")&"%"&CHAR(10))),"xxx") -> 冰霜伤害 {1}% | AK15: =_xlfn.IFNA(IF(AC15="xxx","xxx",IF(VLOOKUP(O15,$BE$8:$BK$260,7,FALSE)=1,AE15&CHAR(10),SUBSTITUTE(AE15,"%","")&"%"&CHAR(10))),"xxx") -> 冰霜减抗 {2}% | AL15: =_xlfn.IFNA(IF(AC15="xxx","xxx",IF(VLOOKUP(R15,$BE$8:$BK$260,7,FALSE)=1,AF15&CHAR(10),SUBSTITUTE(AF15,"%","")&"%"&CHAR(10))),"xxx") -> 子弹数量 {3} | AM15: =_xlfn.IFNA(IF(AC15="xxx","xxx",IF(VLOOKUP(U15,$BE$8:$BK$260,7,FALSE)=1,AG15&CHAR(10),SUBSTITUTE(AG15,"%","")&"%"&CHAR(10))),"xxx") -> xxx | AN15: =_xlfn.IFNA(IF(AC15="xxx","xxx",IF(VLOOKUP(X15,$BE$8:$BK$260,7,FALSE)=1,AH15&CHAR(10),SUBSTITUTE(AH15,"%","")&"%"&CHAR(10))),"xxx") -> xxx | AO15: =_xlfn.CONCAT(AI15:AN15) -> 冰霜伤害 {0} 冰霜伤害 {1}% 冰霜减抗 {2}% 子弹数量 {3} xxxxxx | AP15: =SUBSTITUTE(AO15,"xxx","") -> 冰霜伤害 {0} 冰霜伤害 {1}% 冰霜减抗 {2}% 子弹数量 {3} | AQ15: 冰霜伤害+（15-25） 对冻结敌人的伤害+（20%~35%） 击败冻结状态的敌人时，（25%~35%）的几率触发【冰霜爆炸】 | AR15: =IFERROR(IF(AP15="",AQ15,AP15),AP15) -> 冰霜伤害 {0} 冰霜伤害 {1}% 冰霜减抗 {2}% 子弹数量 {3} | AS15: =IF(AR15<>AQ15,IF(ISNUMBER(SEARCH(CHAR(10),AR15)),SUBSTITUTE(AR15,CHAR(10),"",LEN(AR15)-LEN(SUBSTITUTE(AR15,CHAR(10),""))),AR15),AR15) -> 冰霜伤害 {0} 冰霜伤害 {1}% 冰霜减抗 {2}% 子弹数量 {3} | BE15: 物理伤害 | BF15: 固定值 | BG15: 204 | BH15: 10 | BI15: =COUNTIF($I$8:$I$1040,BE15)/COUNT($C$8:$C$1040)+COUNTIF($L$8:$L$1040,BE15)/COUNT($C$8:$C$1040)+COUNTIF($O$8:$O$1040,BE15)/COUNT($C$8:$C$1040)+COUNTIF($R$8:$R$1040,BE15)/COUNT($C$8:$C$1040)+COUNTIF($U$8:$U$1040,BE15)/COUNT($C$8:$C$1040)+COUNTIF($X$8:$X$1040,BE15)/COUNT($C$8:$C$1040) -> 0.029411765 | BK15: 1
C16: 14702 | D16: 血契之刃 | F16: 单手剑 | H16: 0 | AA16: ="1:"&IF(I16<>"",VLOOKUP(I16,$BE$8:$BH$260,3,FALSE)&","&VLOOKUP(I16,$BE$8:$BH$260,4,FALSE)*(1-K16)*J16&","&VLOOKUP(I16,$BE$8:$BH$260,4,FALSE)*(1+K16)*J16&",","xxx")&IF(L16<>"",VLOOKUP(L16,$BE$8:$BH$260,3,FALSE)&","&VLOOKUP(L16,$BE$8:$BH$260,4,FALSE)*(1-N16)*M16&","&VLOOKUP(L16,$BE$8:$BH$260,4,FALSE)*(1+N16)*M16&",","xxx")&IF(O16<>"",VLOOKUP(O16,$BE$8:$BH$260,3,FALSE)&","&VLOOKUP(O16,$BE$8:$BH$260,4,FALSE)*(1-Q16)*P16&","&VLOOKUP(O16,$BE$8:$BH$260,4,FALSE)*(1+Q16)*P16&",","xxx")&IF(R16<>"",VLOOKUP(R16,$BE$8:$BH$260,3,FALSE)&","&VLOOKUP(R16,$BE$8:$BH$260,4,FALSE)*(1-T16)*S16&","&VLOOKUP(R16,$BE$8:$BH$260,4,FALSE)*(1+T16)*S16&",","xxx")&IF(U16<>"",VLOOKUP(U16,$BE$8:$BH$260,3,FALSE)&","&VLOOKUP(U16,$BE$8:$BH$260,4,FALSE)*(1-W16)*V16&","&VLOOKUP(U16,$BE$8:$BH$260,4,FALSE)*(1+W16)*V16&",","xxx")&IF(X16<>"",VLOOKUP(X16,$BE$8:$BH$260,3,FALSE)&","&VLOOKUP(X16,$BE$8:$BH$260,4,FALSE)*(1-Z16)*Y16&","&VLOOKUP(X16,$BE$8:$BH$260,4,FALSE)*(1+Z16)*Y16&",","xxx") -> 1:xxxxxxxxxxxxxxxxxx | AB16: =IF(LEFT(SUBSTITUTE(AA16,"x",""),LEN(SUBSTITUTE(AA16,"x",""))-1)="1","",LEFT(SUBSTITUTE(AA16,"x",""),LEN(SUBSTITUTE(AA16,"x",""))-1)) | AC16: =IF(J16>0,I16&" "&"{"&J$6&"}","xxx") -> xxx | AD16: =IF(M16>0,L16&" "&"{"&M$6&"}","xxx") -> xxx | AE16: =IF(P16>0,O16&" "&"{"&P$6&"}","xxx") -> xxx | AF16: =IF(S16>0,R16&" "&"{"&S$6&"}","xxx") -> xxx | AG16: =IF(V16>0,U16&" "&"{"&V$6&"}","xxx") -> xxx | AH16: =IF(Y16>0,X16&" "&"{"&Y$6&"}","xxx") -> xxx | AI16: =_xlfn.IFNA(IF(AC16="xxx","xxx",IF(VLOOKUP(I16,$BE$8:$BK$260,7,FALSE)=1,AC16&CHAR(10),SUBSTITUTE(AC16,"%","")&"%"&CHAR(10))),"xxx") -> xxx | AJ16: =_xlfn.IFNA(IF(AC16="xxx","xxx",IF(VLOOKUP(L16,$BE$8:$BK$260,7,FALSE)=1,AD16&CHAR(10),SUBSTITUTE(AD16,"%","")&"%"&CHAR(10))),"xxx") -> xxx | AK16: =_xlfn.IFNA(IF(AC16="xxx","xxx",IF(VLOOKUP(O16,$BE$8:$BK$260,7,FALSE)=1,AE16&CHAR(10),SUBSTITUTE(AE16,"%","")&"%"&CHAR(10))),"xxx") -> xxx | AL16: =_xlfn.IFNA(IF(AC16="xxx","xxx",IF(VLOOKUP(R16,$BE$8:$BK$260,7,FALSE)=1,AF16&CHAR(10),SUBSTITUTE(AF16,"%","")&"%"&CHAR(10))),"xxx") -> xxx | AM16: =_xlfn.IFNA(IF(AC16="xxx","xxx",IF(VLOOKUP(U16,$BE$8:$BK$260,7,FALSE)=1,AG16&CHAR(10),SUBSTITUTE(AG16,"%","")&"%"&CHAR(10))),"xxx") -> xxx | AN16: =_xlfn.IFNA(IF(AC16="xxx","xxx",IF(VLOOKUP(X16,$BE$8:$BK$260,7,FALSE)=1,AH16&CHAR(10),SUBSTITUTE(AH16,"%","")&"%"&CHAR(10))),"xxx") -> xxx | AO16: =_xlfn.CONCAT(AI16:AN16) -> xxxxxxxxxxxxxxxxxx | AP16: =SUBSTITUTE(AO16,"xxx","") | AQ16: 暴击率+{0}% 对流血敌人造成的暴击伤害+40% 武器攻击对流血敌人吸血+1 | AR16: =IFERROR(IF(AP16="",AQ16,AP16),AP16) -> 暴击率+{0}% 对流血敌人造成的暴击伤害+40% 武器攻击对流血敌人吸血+1 | AS16: =IF(AR16<>AQ16,IF(ISNUMBER(SEARCH(CHAR(10),AR16)),SUBSTITUTE(AR16,CHAR(10),"",LEN(AR16)-LEN(SUBSTITUTE(AR16,CHAR(10),""))),AR16),AR16) -> 暴击率+{0}% 对流血敌人造成的暴击伤害+40% 武器攻击对流血敌人吸血+1 | BE16: 元素伤害 | BF16: 固定值 | BG16: 205 | BH16: 5 | BI16: =COUNTIF($I$8:$I$1040,BE16)/COUNT($C$8:$C$1040)+COUNTIF($L$8:$L$1040,BE16)/COUNT($C$8:$C$1040)+COUNTIF($O$8:$O$1040,BE16)/COUNT($C$8:$C$1040)+COUNTIF($R$8:$R$1040,BE16)/COUNT($C$8:$C$1040)+COUNTIF($U$8:$U$1040,BE16)/COUNT($C$8:$C$1040)+COUNTIF($X$8:$X$1040,BE16)/COUNT($C$8:$C$1040) -> 0.035947712 | BK16: 1
C17: 14703 | D17: 血痕之刃 | E17: 3 | F17: 单手剑 | H17: 8 | I17: 攻击速度% | J17: 1 | K17: 0.2 | L17: 施加流血时间提升 | M17: 2 | N17: 0.2 | O17: 流血系数 | P17: 2 | Q17: 0.2 | R17: 击杀加伤害 | S17: 2 | T17: 0 | U17: 击杀加生命值 | V17: 1 | W17: 0 | AA17: ="1:"&IF(I17<>"",VLOOKUP(I17,$BE$8:$BH$260,3,FALSE)&","&VLOOKUP(I17,$BE$8:$BH$260,4,FALSE)*(1-K17)*J17&","&VLOOKUP(I17,$BE$8:$BH$260,4,FALSE)*(1+K17)*J17&",","xxx")&IF(L17<>"",VLOOKUP(L17,$BE$8:$BH$260,3,FALSE)&","&VLOOKUP(L17,$BE$8:$BH$260,4,FALSE)*(1-N17)*M17&","&VLOOKUP(L17,$BE$8:$BH$260,4,FALSE)*(1+N17)*M17&",","xxx")&IF(O17<>"",VLOOKUP(O17,$BE$8:$BH$260,3,FALSE)&","&VLOOKUP(O17,$BE$8:$BH$260,4,FALSE)*(1-Q17)*P17&","&VLOOKUP(O17,$BE$8:$BH$260,4,FALSE)*(1+Q17)*P17&",","xxx")&IF(R17<>"",VLOOKUP(R17,$BE$8:$BH$260,3,FALSE)&","&VLOOKUP(R17,$BE$8:$BH$260,4,FALSE)*(1-T17)*S17&","&VLOOKUP(R17,$BE$8:$BH$260,4,FALSE)*(1+T17)*S17&",","xxx")&IF(U17<>"",VLOOKUP(U17,$BE$8:$BH$260,3,FALSE)&","&VLOOKUP(U17,$BE$8:$BH$260,4,FALSE)*(1-W17)*V17&","&VLOOKUP(U17,$BE$8:$BH$260,4,FALSE)*(1+W17)*V17&",","xxx")&IF(X17<>"",VLOOKUP(X17,$BE$8:$BH$260,3,FALSE)&","&VLOOKUP(X17,$BE$8:$BH$260,4,FALSE)*(1-Z17)*Y17&","&VLOOKUP(X17,$BE$8:$BH$260,4,FALSE)*(1+Z17)*Y17&",","xxx") -> 1:217,8,12,249,16,24,240,16,24,601,2,2,607,1,1,xxx | AB17: =IF(LEFT(SUBSTITUTE(AA17,"x",""),LEN(SUBSTITUTE(AA17,"x",""))-1)="1","",LEFT(SUBSTITUTE(AA17,"x",""),LEN(SUBSTITUTE(AA17,"x",""))-1)) -> 1:217,8,12,249,16,24,240,16,24,601,2,2,607,1,1 | AC17: =IF(J17>0,I17&" "&"{"&J$6&"}","xxx") -> 攻击速度% {0} | AD17: =IF(M17>0,L17&" "&"{"&M$6&"}","xxx") -> 施加流血时间提升 {1} | AE17: =IF(P17>0,O17&" "&"{"&P$6&"}","xxx") -> 流血系数 {2} | AF17: =IF(S17>0,R17&" "&"{"&S$6&"}","xxx") -> 击杀加伤害 {3} | AG17: =IF(V17>0,U17&" "&"{"&V$6&"}","xxx") -> 击杀加生命值 {4} | AH17: =IF(Y17>0,X17&" "&"{"&Y$6&"}","xxx") -> xxx | AI17: =_xlfn.IFNA(IF(AC17="xxx","xxx",IF(VLOOKUP(I17,$BE$8:$BK$260,7,FALSE)=1,AC17&CHAR(10),SUBSTITUTE(AC17,"%","")&"%"&CHAR(10))),"xxx") -> 攻击速度 {0}% | AJ17: =_xlfn.IFNA(IF(AC17="xxx","xxx",IF(VLOOKUP(L17,$BE$8:$BK$260,7,FALSE)=1,AD17&CHAR(10),SUBSTITUTE(AD17,"%","")&"%"&CHAR(10))),"xxx") -> 施加流血时间提升 {1}% | AK17: =_xlfn.IFNA(IF(AC17="xxx","xxx",IF(VLOOKUP(O17,$BE$8:$BK$260,7,FALSE)=1,AE17&CHAR(10),SUBSTITUTE(AE17,"%","")&"%"&CHAR(10))),"xxx") -> 流血系数 {2}% | AL17: =_xlfn.IFNA(IF(AC17="xxx","xxx",IF(VLOOKUP(R17,$BE$8:$BK$260,7,FALSE)=1,AF17&CHAR(10),SUBSTITUTE(AF17,"%","")&"%"&CHAR(10))),"xxx") -> 击杀加伤害 {3}% | AM17: =_xlfn.IFNA(IF(AC17="xxx","xxx",IF(VLOOKUP(U17,$BE$8:$BK$260,7,FALSE)=1,AG17&CHAR(10),SUBSTITUTE(AG17,"%","")&"%"&CHAR(10))),"xxx") -> 击杀加生命值 {4} | AN17: =_xlfn.IFNA(IF(AC17="xxx","xxx",IF(VLOOKUP(X17,$BE$8:$BK$260,7,FALSE)=1,AH17&CHAR(10),SUBSTITUTE(AH17,"%","")&"%"&CHAR(10))),"xxx") -> xxx | AO17: =_xlfn.CONCAT(AI17:AN17) -> 攻击速度 {0}% 施加流血时间提升 {1}% 流血系数 {2}% 击杀加伤害 {3}% 击杀加生命值 {4} xxx | AP17: =SUBSTITUTE(AO17,"xxx","") -> 攻击速度 {0}% 施加流血时间提升 {1}% 流血系数 {2}% 击杀加伤害 {3}% 击杀加生命值 {4} | AQ17: 武器攻击命中时有（25%~35%）的概率造成流血 对流血敌人造成的伤害+（30%~40%） 受到流血敌人的伤害减少（20%~30%） | AR17: =IFERROR(IF(AP17="",AQ17,AP17),AP17) -> 攻击速度 {0}% 施加流血时间提升 {1}% 流血系数 {2}% 击杀加伤害 {3}% 击杀加生命值 {4} | AS17: =IF(AR17<>AQ17,IF(ISNUMBER(SEARCH(CHAR(10),AR17)),SUBSTITUTE(AR17,CHAR(10),"",LEN(AR17)-LEN(SUBSTITUTE(AR17,CHAR(10),""))),AR17),AR17) -> 攻击速度 {0}% 施加流血时间提升 {1}% 流血系数 {2}% 击杀加伤害 {3}% 击杀加生命值 {4} | BE17: 冰霜伤害 | BF17: 固定值 | BG17: 206 | BH17: 10 | BI17: =COUNTIF($I$8:$I$1040,BE17)/COUNT($C$8:$C$1040)+COUNTIF($L$8:$L$1040,BE17)/COUNT($C$8:$C$1040)+COUNTIF($O$8:$O$1040,BE17)/COUNT($C$8:$C$1040)+COUNTIF($R$8:$R$1040,BE17)/COUNT($C$8:$C$1040)+COUNTIF($U$8:$U$1040,BE17)/COUNT($C$8:$C$1040)+COUNTIF($X$8:$X$1040,BE17)/COUNT($C$8:$C$1040) -> 0.062091503 | BK17: 1
C18: 14704 | D18: 恒辉之刃 | F18: 单手剑 | H18: 0 | AA18: ="1:"&IF(I18<>"",VLOOKUP(I18,$BE$8:$BH$260,3,FALSE)&","&VLOOKUP(I18,$BE$8:$BH$260,4,FALSE)*(1-K18)*J18&","&VLOOKUP(I18,$BE$8:$BH$260,4,FALSE)*(1+K18)*J18&",","xxx")&IF(L18<>"",VLOOKUP(L18,$BE$8:$BH$260,3,FALSE)&","&VLOOKUP(L18,$BE$8:$BH$260,4,FALSE)*(1-N18)*M18&","&VLOOKUP(L18,$BE$8:$BH$260,4,FALSE)*(1+N18)*M18&",","xxx")&IF(O18<>"",VLOOKUP(O18,$BE$8:$BH$260,3,FALSE)&","&VLOOKUP(O18,$BE$8:$BH$260,4,FALSE)*(1-Q18)*P18&","&VLOOKUP(O18,$BE$8:$BH$260,4,FALSE)*(1+Q18)*P18&",","xxx")&IF(R18<>"",VLOOKUP(R18,$BE$8:$BH$260,3,FALSE)&","&VLOOKUP(R18,$BE$8:$BH$260,4,FALSE)*(1-T18)*S18&","&VLOOKUP(R18,$BE$8:$BH$260,4,FALSE)*(1+T18)*S18&",","xxx")&IF(U18<>"",VLOOKUP(U18,$BE$8:$BH$260,3,FALSE)&","&VLOOKUP(U18,$BE$8:$BH$260,4,FALSE)*(1-W18)*V18&","&VLOOKUP(U18,$BE$8:$BH$260,4,FALSE)*(1+W18)*V18&",","xxx")&IF(X18<>"",VLOOKUP(X18,$BE$8:$BH$260,3,FALSE)&","&VLOOKUP(X18,$BE$8:$BH$260,4,FALSE)*(1-Z18)*Y18&","&VLOOKUP(X18,$BE$8:$BH$260,4,FALSE)*(1+Z18)*Y18&",","xxx") -> 1:xxxxxxxxxxxxxxxxxx | AB18: =IF(LEFT(SUBSTITUTE(AA18,"x",""),LEN(SUBSTITUTE(AA18,"x",""))-1)="1","",LEFT(SUBSTITUTE(AA18,"x",""),LEN(SUBSTITUTE(AA18,"x",""))-1)) | AC18: =IF(J18>0,I18&" "&"{"&J$6&"}","xxx") -> xxx | AD18: =IF(M18>0,L18&" "&"{"&M$6&"}","xxx") -> xxx | AE18: =IF(P18>0,O18&" "&"{"&P$6&"}","xxx") -> xxx | AF18: =IF(S18>0,R18&" "&"{"&S$6&"}","xxx") -> xxx | AG18: =IF(V18>0,U18&" "&"{"&V$6&"}","xxx") -> xxx | AH18: =IF(Y18>0,X18&" "&"{"&Y$6&"}","xxx") -> xxx | AI18: =_xlfn.IFNA(IF(AC18="xxx","xxx",IF(VLOOKUP(I18,$BE$8:$BK$260,7,FALSE)=1,AC18&CHAR(10),SUBSTITUTE(AC18,"%","")&"%"&CHAR(10))),"xxx") -> xxx | AJ18: =_xlfn.IFNA(IF(AC18="xxx","xxx",IF(VLOOKUP(L18,$BE$8:$BK$260,7,FALSE)=1,AD18&CHAR(10),SUBSTITUTE(AD18,"%","")&"%"&CHAR(10))),"xxx") -> xxx | AK18: =_xlfn.IFNA(IF(AC18="xxx","xxx",IF(VLOOKUP(O18,$BE$8:$BK$260,7,FALSE)=1,AE18&CHAR(10),SUBSTITUTE(AE18,"%","")&"%"&CHAR(10))),"xxx") -> xxx | AL18: =_xlfn.IFNA(IF(AC18="xxx","xxx",IF(VLOOKUP(R18,$BE$8:$BK$260,7,FALSE)=1,AF18&CHAR(10),SUBSTITUTE(AF18,"%","")&"%"&CHAR(10))),"xxx") -> xxx | AM18: =_xlfn.IFNA(IF(AC18="xxx","xxx",IF(VLOOKUP(U18,$BE$8:$BK$260,7,FALSE)=1,AG18&CHAR(10),SUBSTITUTE(AG18,"%","")&"%"&CHAR(10))),"xxx") -> xxx | AN18: =_xlfn.IFNA(IF(AC18="xxx","xxx",IF(VLOOKUP(X18,$BE$8:$BK$260,7,FALSE)=1,AH18&CHAR(10),SUBSTITUTE(AH18,"%","")&"%"&CHAR(10))),"xxx") -> xxx | AO18: =_xlfn.CONCAT(AI18:AN18) -> xxxxxxxxxxxxxxxxxx | AP18: =SUBSTITUTE(AO18,"xxx","") | AQ18: 力量+{0} 敏捷+{1} 智力+{2} 元素伤害+{3}% 元素抗性+{4}% | AR18: =IFERROR(IF(AP18="",AQ18,AP18),AP18) -> 力量+{0} 敏捷+{1} 智力+{2} 元素伤害+{3}% 元素抗性+{4}% | AS18: =IF(AR18<>AQ18,IF(ISNUMBER(SEARCH(CHAR(10),AR18)),SUBSTITUTE(AR18,CHAR(10),"",LEN(AR18)-LEN(SUBSTITUTE(AR18,CHAR(10),""))),AR18),AR18) -> 力量+{0} 敏捷+{1} 智力+{2} 元素伤害+{3}% 元素抗性+{4}% | BE18: 火焰伤害 | BF18: 固定值 | BG18: 207 | BH18: 10 | BI18: =COUNTIF($I$8:$I$1040,BE18)/COUNT($C$8:$C$1040)+COUNTIF($L$8:$L$1040,BE18)/COUNT($C$8:$C$1040)+COUNTIF($O$8:$O$1040,BE18)/COUNT($C$8:$C$1040)+COUNTIF($R$8:$R$1040,BE18)/COUNT($C$8:$C$1040)+COUNTIF($U$8:$U$1040,BE18)/COUNT($C$8:$C$1040)+COUNTIF($X$8:$X$1040,BE18)/COUNT($C$8:$C$1040) -> 0.049019608 | BK18: 1
C19: 14705 | D19: 陨星之刃 | E19: 2 | F19: 单手剑 | H19: 8 | I19: 闪电伤害% | J19: 2 | K19: 0.2 | L19: 闪电减抗% | M19: 1 | N19: 0.2 | O19: 攻击速度% | P19: 2 | Q19: 0.2 | R19: 闪电伤害 | S19: 2 | T19: 0.2 | U19: 附加闪电伤害% | V19: 1 | W19: 0 | AA19: ="1:"&IF(I19<>"",VLOOKUP(I19,$BE$8:$BH$260,3,FALSE)&","&VLOOKUP(I19,$BE$8:$BH$260,4,FALSE)*(1-K19)*J19&","&VLOOKUP(I19,$BE$8:$BH$260,4,FALSE)*(1+K19)*J19&",","xxx")&IF(L19<>"",VLOOKUP(L19,$BE$8:$BH$260,3,FALSE)&","&VLOOKUP(L19,$BE$8:$BH$260,4,FALSE)*(1-N19)*M19&","&VLOOKUP(L19,$BE$8:$BH$260,4,FALSE)*(1+N19)*M19&",","xxx")&IF(O19<>"",VLOOKUP(O19,$BE$8:$BH$260,3,FALSE)&","&VLOOKUP(O19,$BE$8:$BH$260,4,FALSE)*(1-Q19)*P19&","&VLOOKUP(O19,$BE$8:$BH$260,4,FALSE)*(1+Q19)*P19&",","xxx")&IF(R19<>"",VLOOKUP(R19,$BE$8:$BH$260,3,FALSE)&","&VLOOKUP(R19,$BE$8:$BH$260,4,FALSE)*(1-T19)*S19&","&VLOOKUP(R19,$BE$8:$BH$260,4,FALSE)*(1+T19)*S19&",","xxx")&IF(U19<>"",VLOOKUP(U19,$BE$8:$BH$260,3,FALSE)&","&VLOOKUP(U19,$BE$8:$BH$260,4,FALSE)*(1-W19)*V19&","&VLOOKUP(U19,$BE$8:$BH$260,4,FALSE)*(1+W19)*V19&",","xxx")&IF(X19<>"",VLOOKUP(X19,$BE$8:$BH$260,3,FALSE)&","&VLOOKUP(X19,$BE$8:$BH$260,4,FALSE)*(1-Z19)*Y19&","&VLOOKUP(X19,$BE$8:$BH$260,4,FALSE)*(1+Z19)*Y19&",","xxx") -> 1:215,16,24,224,4,6,217,16,24,208,16,24,238,10,10,xxx | AB19: =IF(LEFT(SUBSTITUTE(AA19,"x",""),LEN(SUBSTITUTE(AA19,"x",""))-1)="1","",LEFT(SUBSTITUTE(AA19,"x",""),LEN(SUBSTITUTE(AA19,"x",""))-1)) -> 1:215,16,24,224,4,6,217,16,24,208,16,24,238,10,10 | AC19: =IF(J19>0,I19&" "&"{"&J$6&"}","xxx") -> 闪电伤害% {0} | AD19: =IF(M19>0,L19&" "&"{"&M$6&"}","xxx") -> 闪电减抗% {1} | AE19: =IF(P19>0,O19&" "&"{"&P$6&"}","xxx") -> 攻击速度% {2} | AF19: =IF(S19>0,R19&" "&"{"&S$6&"}","xxx") -> 闪电伤害 {3} | AG19: =IF(V19>0,U19&" "&"{"&V$6&"}","xxx") -> 附加闪电伤害% {4} | AH19: =IF(Y19>0,X19&" "&"{"&Y$6&"}","xxx") -> xxx | AI19: =_xlfn.IFNA(IF(AC19="xxx","xxx",IF(VLOOKUP(I19,$BE$8:$BK$260,7,FALSE)=1,AC19&CHAR(10),SUBSTITUTE(AC19,"%","")&"%"&CHAR(10))),"xxx") -> 闪电伤害 {0}% | AJ19: =_xlfn.IFNA(IF(AC19="xxx","xxx",IF(VLOOKUP(L19,$BE$8:$BK$260,7,FALSE)=1,AD19&CHAR(10),SUBSTITUTE(AD19,"%","")&"%"&CHAR(10))),"xxx") -> 闪电减抗 {1}% | AK19: =_xlfn.IFNA(IF(AC19="xxx","xxx",IF(VLOOKUP(O19,$BE$8:$BK$260,7,FALSE)=1,AE19&CHAR(10),SUBSTITUTE(AE19,"%","")&"%"&CHAR(10))),"xxx") -> 攻击速度 {2}% | AL19: =_xlfn.IFNA(IF(AC19="xxx","xxx",IF(VLOOKUP(R19,$BE$8:$BK$260,7,FALSE)=1,AF19&CHAR(10),SUBSTITUTE(AF19,"%","")&"%"&CHAR(10))),"xxx") -> 闪电伤害 {3} | AM19: =_xlfn.IFNA(IF(AC19="xxx","xxx",IF(VLOOKUP(U19,$BE$8:$BK$260,7,FALSE)=1,AG19&CHAR(10),SUBSTITUTE(AG19,"%","")&"%"&CHAR(10))),"xxx") -> 附加闪电伤害 {4}% | AN19: =_xlfn.IFNA(IF(AC19="xxx","xxx",IF(VLOOKUP(X19,$BE$8:$BK$260,7,FALSE)=1,AH19&CHAR(10),SUBSTITUTE(AH19,"%","")&"%"&CHAR(10))),"xxx") -> xxx | AO19: =_xlfn.CONCAT(AI19:AN19) -> 闪电伤害 {0}% 闪电减抗 {1}% 攻击速度 {2}% 闪电伤害 {3} 附加闪电伤害 {4}% xxx | AP19: =SUBSTITUTE(AO19,"xxx","") -> 闪电伤害 {0}% 闪电减抗 {1}% 攻击速度 {2}% 闪电伤害 {3} 附加闪电伤害 {4}% | AQ19: 暴击率+（5%~15%） 暴击时有（35%-45%）的概率释放 5 级的【陨石术】 陨石术冷却时间减少（40%~50%） | AR19: =IFERROR(IF(AP19="",AQ19,AP19),AP19) -> 闪电伤害 {0}% 闪电减抗 {1}% 攻击速度 {2}% 闪电伤害 {3} 附加闪电伤害 {4}% | AS19: =IF(AR19<>AQ19,IF(ISNUMBER(SEARCH(CHAR(10),AR19)),SUBSTITUTE(AR19,CHAR(10),"",LEN(AR19)-LEN(SUBSTITUTE(AR19,CHAR(10),""))),AR19),AR19) -> 闪电伤害 {0}% 闪电减抗 {1}% 攻击速度 {2}% 闪电伤害 {3} 附加闪电伤害 {4}% | BE19: 闪电伤害 | BF19: 固定值 | BG19: 208 | BH19: 10 | BI19: =COUNTIF($I$8:$I$1040,BE19)/COUNT($C$8:$C$1040)+COUNTIF($L$8:$L$1040,BE19)/COUNT($C$8:$C$1040)+COUNTIF($O$8:$O$1040,BE19)/COUNT($C$8:$C$1040)+COUNTIF($R$8:$R$1040,BE19)/COUNT($C$8:$C$1040)+COUNTIF($U$8:$U$1040,BE19)/COUNT($C$8:$C$1040)+COUNTIF($X$8:$X$1040,BE19)/COUNT($C$8:$C$1040) -> 0.052287582 | BK19: 1
C20: 14706 | D20: 鲜血预兆 | E20: 1 | F20: 匕首 | H20: 8 | I20: 击杀加生命值 | J20: 5 | K20: 0.2 | L20: 升级加生命回复 | M20: 2 | N20: 0 | O20: 攻击速度% | P20: 1 | Q20: 0 | AA20: ="1:"&IF(I20<>"",VLOOKUP(I20,$BE$8:$BH$260,3,FALSE)&","&VLOOKUP(I20,$BE$8:$BH$260,4,FALSE)*(1-K20)*J20&","&VLOOKUP(I20,$BE$8:$BH$260,4,FALSE)*(1+K20)*J20&",","xxx")&IF(L20<>"",VLOOKUP(L20,$BE$8:$BH$260,3,FALSE)&","&VLOOKUP(L20,$BE$8:$BH$260,4,FALSE)*(1-N20)*M20&","&VLOOKUP(L20,$BE$8:$BH$260,4,FALSE)*(1+N20)*M20&",","xxx")&IF(O20<>"",VLOOKUP(O20,$BE$8:$BH$260,3,FALSE)&","&VLOOKUP(O20,$BE$8:$BH$260,4,FALSE)*(1-Q20)*P20&","&VLOOKUP(O20,$BE$8:$BH$260,4,FALSE)*(1+Q20)*P20&",","xxx")&IF(R20<>"",VLOOKUP(R20,$BE$8:$BH$260,3,FALSE)&","&VLOOKUP(R20,$BE$8:$BH$260,4,FALSE)*(1-T20)*S20&","&VLOOKUP(R20,$BE$8:$BH$260,4,FALSE)*(1+T20)*S20&",","xxx")&IF(U20<>"",VLOOKUP(U20,$BE$8:$BH$260,3,FALSE)&","&VLOOKUP(U20,$BE$8:$BH$260,4,FALSE)*(1-W20)*V20&","&VLOOKUP(U20,$BE$8:$BH$260,4,FALSE)*(1+W20)*V20&",","xxx")&IF(X20<>"",VLOOKUP(X20,$BE$8:$BH$260,3,FALSE)&","&VLOOKUP(X20,$BE$8:$BH$260,4,FALSE)*(1-Z20)*Y20&","&VLOOKUP(X20,$BE$8:$BH$260,4,FALSE)*(1+Z20)*Y20&",","xxx") -> 1:607,4,6,603,0.1,0.1,217,10,10,xxxxxxxxx | AB20: =IF(LEFT(SUBSTITUTE(AA20,"x",""),LEN(SUBSTITUTE(AA20,"x",""))-1)="1","",LEFT(SUBSTITUTE(AA20,"x",""),LEN(SUBSTITUTE(AA20,"x",""))-1)) -> 1:607,4,6,603,0.1,0.1,217,10,10 | AC20: =IF(J20>0,I20&" "&"{"&J$6&"}","xxx") -> 击杀加生命值 {0} | AD20: =IF(M20>0,L20&" "&"{"&M$6&"}","xxx") -> 升级加生命回复 {1} | AE20: =IF(P20>0,O20&" "&"{"&P$6&"}","xxx") -> 攻击速度% {2} | AF20: =IF(S20>0,R20&" "&"{"&S$6&"}","xxx") -> xxx | AG20: =IF(V20>0,U20&" "&"{"&V$6&"}","xxx") -> xxx | AH20: =IF(Y20>0,X20&" "&"{"&Y$6&"}","xxx") -> xxx | AI20: =_xlfn.IFNA(IF(AC20="xxx","xxx",IF(VLOOKUP(I20,$BE$8:$BK$260,7,FALSE)=1,AC20&CHAR(10),SUBSTITUTE(AC20,"%","")&"%"&CHAR(10))),"xxx") -> 击杀加生命值 {0} | AJ20: =_xlfn.IFNA(IF(AC20="xxx","xxx",IF(VLOOKUP(L20,$BE$8:$BK$260,7,FALSE)=1,AD20&CHAR(10),SUBSTITUTE(AD20,"%","")&"%"&CHAR(10))),"xxx") -> 升级加生命回复 {1} | AK20: =_xlfn.IFNA(IF(AC20="xxx","xxx",IF(VLOOKUP(O20,$BE$8:$BK$260,7,FALSE)=1,AE20&CHAR(10),SUBSTITUTE(AE20,"%","")&"%"&CHAR(10))),"xxx") -> 攻击速度 {2}% | AL20: =_xlfn.IFNA(IF(AC20="xxx","xxx",IF(VLOOKUP(R20,$BE$8:$BK$260,7,FALSE)=1,AF20&CHAR(10),SUBSTITUTE(AF20,"%","")&"%"&CHAR(10))),"xxx") -> xxx | AM20: =_xlfn.IFNA(IF(AC20="xxx","xxx",IF(VLOOKUP(U20,$BE$8:$BK$260,7,FALSE)=1,AG20&CHAR(10),SUBSTITUTE(AG20,"%","")&"%"&CHAR(10))),"xxx") -> xxx | AN20: =_xlfn.IFNA(IF(AC20="xxx","xxx",IF(VLOOKUP(X20,$BE$8:$BK$260,7,FALSE)=1,AH20&CHAR(10),SUBSTITUTE(AH20,"%","")&"%"&CHAR(10))),"xxx") -> xxx | AO20: =_xlfn.CONCAT(AI20:AN20) -> 击杀加生命值 {0} 升级加生命回复 {1} 攻击速度 {2}% xxxxxxxxx | AP20: =SUBSTITUTE(AO20,"xxx","") -> 击杀加生命值 {0} 升级加生命回复 {1} 攻击速度 {2}% | AQ20: 对满血敌人的暴击率提升（35%~50%） 暴击时，回复1点生命值 每次暴击可叠加一层[鲜血渴望]，每层提升（1%-5%）暴击伤害，持续5秒，最多叠加5层 | AR20: =IFERROR(IF(AP20="",AQ20,AP20),AP20) -> 击杀加生命值 {0} 升级加生命回复 {1} 攻击速度 {2}% | AS20: =IF(AR20<>AQ20,IF(ISNUMBER(SEARCH(CHAR(10),AR20)),SUBSTITUTE(AR20,CHAR(10),"",LEN(AR20)-LEN(SUBSTITUTE(AR20,CHAR(10),""))),AR20),AR20) -> 击杀加生命值 {0} 升级加生命回复 {1} 攻击速度 {2}% | BE20: 混沌伤害 | BF20: 固定值 | BG20: 209 | BH20: 10 | BI20: =COUNTIF($I$8:$I$1040,BE20)/COUNT($C$8:$C$1040)+COUNTIF($L$8:$L$1040,BE20)/COUNT($C$8:$C$1040)+COUNTIF($O$8:$O$1040,BE20)/COUNT($C$8:$C$1040)+COUNTIF($R$8:$R$1040,BE20)/COUNT($C$8:$C$1040)+COUNTIF($U$8:$U$1040,BE20)/COUNT($C$8:$C$1040)+COUNTIF($X$8:$X$1040,BE20)/COUNT($C$8:$C$1040) -> 0.045751634 | BK20: 1
C21: 14707 | D21: 湮灭之刺 | F21: 匕首 | H21: 9 | I21: 刷新次数 | J21: 2 | K21: 0 | L21: 剔除次数 | M21: 2 | N21: 0 | O21: 锁定次数 | P21: 2 | Q21: 0 | R21: 击杀加伤害 | S21: 3 | T21: 0.2 | AA21: ="1:"&IF(I21<>"",VLOOKUP(I21,$BE$8:$BH$260,3,FALSE)&","&VLOOKUP(I21,$BE$8:$BH$260,4,FALSE)*(1-K21)*J21&","&VLOOKUP(I21,$BE$8:$BH$260,4,FALSE)*(1+K21)*J21&",","xxx")&IF(L21<>"",VLOOKUP(L21,$BE$8:$BH$260,3,FALSE)&","&VLOOKUP(L21,$BE$8:$BH$260,4,FALSE)*(1-N21)*M21&","&VLOOKUP(L21,$BE$8:$BH$260,4,FALSE)*(1+N21)*M21&",","xxx")&IF(O21<>"",VLOOKUP(O21,$BE$8:$BH$260,3,FALSE)&","&VLOOKUP(O21,$BE$8:$BH$260,4,FALSE)*(1-Q21)*P21&","&VLOOKUP(O21,$BE$8:$BH$260,4,FALSE)*(1+Q21)*P21&",","xxx")&IF(R21<>"",VLOOKUP(R21,$BE$8:$BH$260,3,FALSE)&","&VLOOKUP(R21,$BE$8:$BH$260,4,FALSE)*(1-T21)*S21&","&VLOOKUP(R21,$BE$8:$BH$260,4,FALSE)*(1+T21)*S21&",","xxx")&IF(U21<>"",VLOOKUP(U21,$BE$8:$BH$260,3,FALSE)&","&VLOOKUP(U21,$BE$8:$BH$260,4,FALSE)*(1-W21)*V21&","&VLOOKUP(U21,$BE$8:$BH$260,4,FALSE)*(1+W21)*V21&",","xxx")&IF(X21<>"",VLOOKUP(X21,$BE$8:$BH$260,3,FALSE)&","&VLOOKUP(X21,$BE$8:$BH$260,4,FALSE)*(1-Z21)*Y21&","&VLOOKUP(X21,$BE$8:$BH$260,4,FALSE)*(1+Z21)*Y21&",","xxx") -> 1:501,4,4,502,4,4,517,4,4,601,2.4,3.6,xxxxxx | AB21: =IF(LEFT(SUBSTITUTE(AA21,"x",""),LEN(SUBSTITUTE(AA21,"x",""))-1)="1","",LEFT(SUBSTITUTE(AA21,"x",""),LEN(SUBSTITUTE(AA21,"x",""))-1)) -> 1:501,4,4,502,4,4,517,4,4,601,2.4,3.6 | AC21: =IF(J21>0,I21&" "&"{"&J$6&"}","xxx") -> 刷新次数 {0} | AD21: =IF(M21>0,L21&" "&"{"&M$6&"}","xxx") -> 剔除次数 {1} | AE21: =IF(P21>0,O21&" "&"{"&P$6&"}","xxx") -> 锁定次数 {2} | AF21: =IF(S21>0,R21&" "&"{"&S$6&"}","xxx") -> 击杀加伤害 {3} | AG21: =IF(V21>0,U21&" "&"{"&V$6&"}","xxx") -> xxx | AH21: =IF(Y21>0,X21&" "&"{"&Y$6&"}","xxx") -> xxx | AI21: =_xlfn.IFNA(IF(AC21="xxx","xxx",IF(VLOOKUP(I21,$BE$8:$BK$260,7,FALSE)=1,AC21&CHAR(10),SUBSTITUTE(AC21,"%","")&"%"&CHAR(10))),"xxx") -> 刷新次数 {0} | AJ21: =_xlfn.IFNA(IF(AC21="xxx","xxx",IF(VLOOKUP(L21,$BE$8:$BK$260,7,FALSE)=1,AD21&CHAR(10),SUBSTITUTE(AD21,"%","")&"%"&CHAR(10))),"xxx") -> 剔除次数 {1} | AK21: =_xlfn.IFNA(IF(AC21="xxx","xxx",IF(VLOOKUP(O21,$BE$8:$BK$260,7,FALSE)=1,AE21&CHAR(10),SUBSTITUTE(AE21,"%","")&"%"&CHAR(10))),"xxx") -> 锁定次数 {2} | AL21: =_xlfn.IFNA(IF(AC21="xxx","xxx",IF(VLOOKUP(R21,$BE$8:$BK$260,7,FALSE)=1,AF21&CHAR(10),SUBSTITUTE(AF21,"%","")&"%"&CHAR(10))),"xxx") -> 击杀加伤害 {3}% | AM21: =_xlfn.IFNA(IF(AC21="xxx","xxx",IF(VLOOKUP(U21,$BE$8:$BK$260,7,FALSE)=1,AG21&CHAR(10),SUBSTITUTE(AG21,"%","")&"%"&CHAR(10))),"xxx") -> xxx | AN21: =_xlfn.IFNA(IF(AC21="xxx","xxx",IF(VLOOKUP(X21,$BE$8:$BK$260,7,FALSE)=1,AH21&CHAR(10),SUBSTITUTE(AH21,"%","")&"%"&CHAR(10))),"xxx") -> xxx | AO21: =_xlfn.CONCAT(AI21:AN21) -> 刷新次数 {0} 剔除次数 {1} 锁定次数 {2} 击杀加伤害 {3}% xxxxxx | AP21: =SUBSTITUTE(AO21,"xxx","") -> 刷新次数 {0} 剔除次数 {1} 锁定次数 {2} 击杀加伤害 {3}% | AQ21: 元素伤害提升（20%~30%） 你的元素伤害可以秒杀生命值低于（15%~30%）的敌人 每秒获得一层[元素汇聚]，每层提升（1%-5%）技能元素伤害，叠加到10层后会消耗层数，释放一次范围性的元素爆发 | AR21: =IFERROR(IF(AP21="",AQ21,AP21),AP21) -> 刷新次数 {0} 剔除次数 {1} 锁定次数 {2} 击杀加伤害 {3}% | AS21: =IF(AR21<>AQ21,IF(ISNUMBER(SEARCH(CHAR(10),AR21)),SUBSTITUTE(AR21,CHAR(10),"",LEN(AR21)-LEN(SUBSTITUTE(AR21,CHAR(10),""))),AR21),AR21) -> 刷新次数 {0} 剔除次数 {1} 锁定次数 {2} 击杀加伤害 {3}% | BE21: 持续性伤害 | BF21: 固定值 | BG21: 210 | BH21: 10 | BI21: =COUNTIF($I$8:$I$1040,BE21)/COUNT($C$8:$C$1040)+COUNTIF($L$8:$L$1040,BE21)/COUNT($C$8:$C$1040)+COUNTIF($O$8:$O$1040,BE21)/COUNT($C$8:$C$1040)+COUNTIF($R$8:$R$1040,BE21)/COUNT($C$8:$C$1040)+COUNTIF($U$8:$U$1040,BE21)/COUNT($C$8:$C$1040)+COUNTIF($X$8:$X$1040,BE21)/COUNT($C$8:$C$1040) -> 0.0032679739 | BK21: 1
C22: 14708 | D22: 剧毒之刺 | E22: 3 | F22: 匕首 | H22: 8 | I22: 附加混沌伤害 | J22: 2 | K22: 0.2 | L22: 施加中毒时间提升 | M22: 2 | N22: 0.2 | O22: 混沌减抗% | P22: 2 | Q22: 0.3 | R22: 中毒系数 | S22: 2 | T22: 0.2 | AA22: ="1:"&IF(I22<>"",VLOOKUP(I22,$BE$8:$BH$260,3,FALSE)&","&VLOOKUP(I22,$BE$8:$BH$260,4,FALSE)*(1-K22)*J22&","&VLOOKUP(I22,$BE$8:$BH$260,4,FALSE)*(1+K22)*J22&",","xxx")&IF(L22<>"",VLOOKUP(L22,$BE$8:$BH$260,3,FALSE)&","&VLOOKUP(L22,$BE$8:$BH$260,4,FALSE)*(1-N22)*M22&","&VLOOKUP(L22,$BE$8:$BH$260,4,FALSE)*(1+N22)*M22&",","xxx")&IF(O22<>"",VLOOKUP(O22,$BE$8:$BH$260,3,FALSE)&","&VLOOKUP(O22,$BE$8:$BH$260,4,FALSE)*(1-Q22)*P22&","&VLOOKUP(O22,$BE$8:$BH$260,4,FALSE)*(1+Q22)*P22&",","xxx")&IF(R22<>"",VLOOKUP(R22,$BE$8:$BH$260,3,FALSE)&","&VLOOKUP(R22,$BE$8:$BH$260,4,FALSE)*(1-T22)*S22&","&VLOOKUP(R22,$BE$8:$BH$260,4,FALSE)*(1+T22)*S22&",","xxx")&IF(U22<>"",VLOOKUP(U22,$BE$8:$BH$260,3,FALSE)&","&VLOOKUP(U22,$BE$8:$BH$260,4,FALSE)*(1-W22)*V22&","&VLOOKUP(U22,$BE$8:$BH$260,4,FALSE)*(1+W22)*V22&",","xxx")&IF(X22<>"",VLOOKUP(X22,$BE$8:$BH$260,3,FALSE)&","&VLOOKUP(X22,$BE$8:$BH$260,4,FALSE)*(1-Z22)*Y22&","&VLOOKUP(X22,$BE$8:$BH$260,4,FALSE)*(1+Z22)*Y22&",","xxx") -> 1:232,16,24,250,16,24,225,7,13,242,16,24,xxxxxx | AB22: =IF(LEFT(SUBSTITUTE(AA22,"x",""),LEN(SUBSTITUTE(AA22,"x",""))-1)="1","",LEFT(SUBSTITUTE(AA22,"x",""),LEN(SUBSTITUTE(AA22,"x",""))-1)) -> 1:232,16,24,250,16,24,225,7,13,242,16,24 | AC22: =IF(J22>0,I22&" "&"{"&J$6&"}","xxx") -> 附加混沌伤害 {0} | AD22: =IF(M22>0,L22&" "&"{"&M$6&"}","xxx") -> 施加中毒时间提升 {1} | AE22: =IF(P22>0,O22&" "&"{"&P$6&"}","xxx") -> 混沌减抗% {2} | AF22: =IF(S22>0,R22&" "&"{"&S$6&"}","xxx") -> 中毒系数 {3} | AG22: =IF(V22>0,U22&" "&"{"&V$6&"}","xxx") -> xxx | AH22: =IF(Y22>0,X22&" "&"{"&Y$6&"}","xxx") -> xxx | AI22: =_xlfn.IFNA(IF(AC22="xxx","xxx",IF(VLOOKUP(I22,$BE$8:$BK$260,7,FALSE)=1,AC22&CHAR(10),SUBSTITUTE(AC22,"%","")&"%"&CHAR(10))),"xxx") -> 附加混沌伤害 {0}% | AJ22: =_xlfn.IFNA(IF(AC22="xxx","xxx",IF(VLOOKUP(L22,$BE$8:$BK$260,7,FALSE)=1,AD22&CHAR(10),SUBSTITUTE(AD22,"%","")&"%"&CHAR(10))),"xxx") -> 施加中毒时间提升 {1}% | AK22: =_xlfn.IFNA(IF(AC22="xxx","xxx",IF(VLOOKUP(O22,$BE$8:$BK$260,7,FALSE)=1,AE22&CHAR(10),SUBSTITUTE(AE22,"%","")&"%"&CHAR(10))),"xxx") -> 混沌减抗 {2}% | AL22: =_xlfn.IFNA(IF(AC22="xxx","xxx",IF(VLOOKUP(R22,$BE$8:$BK$260,7,FALSE)=1,AF22&CHAR(10),SUBSTITUTE(AF22,"%","")&"%"&CHAR(10))),"xxx") -> 中毒系数 {3}% | AM22: =_xlfn.IFNA(IF(AC22="xxx","xxx",IF(VLOOKUP(U22,$BE$8:$BK$260,7,FALSE)=1,AG22&CHAR(10),SUBSTITUTE(AG22,"%","")&"%"&CHAR(10))),"xxx") -> xxx | AN22: =_xlfn.IFNA(IF(AC22="xxx","xxx",IF(VLOOKUP(X22,$BE$8:$BK$260,7,FALSE)=1,AH22&CHAR(10),SUBSTITUTE(AH22,"%","")&"%"&CHAR(10))),"xxx") -> xxx | AO22: =_xlfn.CONCAT(AI22:AN22) -> 附加混沌伤害 {0}% 施加中毒时间提升 {1}% 混沌减抗 {2}% 中毒系数 {3}% xxxxxx | AP22: =SUBSTITUTE(AO22,"xxx","") -> 附加混沌伤害 {0}% 施加中毒时间提升 {1}% 混沌减抗 {2}% 中毒系数 {3}% | AQ22: 暴击率+（5%~15%） 暴击时有（35%- 50% ）的几率造成流血 暴击时有 （35%- 50% ）的几率造成中毒 | AR22: =IFERROR(IF(AP22="",AQ22,AP22),AP22) -> 附加混沌伤害 {0}% 施加中毒时间提升 {1}% 混沌减抗 {2}% 中毒系数 {3}% | AS22: =IF(AR22<>AQ22,IF(ISNUMBER(SEARCH(CHAR(10),AR22)),SUBSTITUTE(AR22,CHAR(10),"",LEN(AR22)-LEN(SUBSTITUTE(AR22,CHAR(10),""))),AR22),AR22) -> 附加混沌伤害 {0}% 施加中毒时间提升 {1}% 混沌减抗 {2}% 中毒系数 {3}% | BE22: 物理伤害% | BF22: 百分比 | BG22: 211 | BH22: 10 | BI22: =COUNTIF($I$8:$I$1040,BE22)/COUNT($C$8:$C$1040)+COUNTIF($L$8:$L$1040,BE22)/COUNT($C$8:$C$1040)+COUNTIF($O$8:$O$1040,BE22)/COUNT($C$8:$C$1040)+COUNTIF($R$8:$R$1040,BE22)/COUNT($C$8:$C$1040)+COUNTIF($U$8:$U$1040,BE22)/COUNT($C$8:$C$1040)+COUNTIF($X$8:$X$1040,BE22)/COUNT($C$8:$C$1040) -> 0.045751634 | BK22: 2
C23: 14709 | D23: 血焰之牙 | E23: 5 | F23: 匕首 | H23: 8 | I23: 附加火焰伤害 | J23: 2 | K23: 0.2 | L23: 附加火焰伤害% | M23: 2 | N23: 0.2 | O23: 火焰减抗% | P23: 1 | Q23: 0.2 | R23: 火焰抗性% | S23: 1 | T23: 0.2 | U23: 施加灼烧时间提升 | V23: 2 | W23: 0.2 | AA23: ="1:"&IF(I23<>"",VLOOKUP(I23,$BE$8:$BH$260,3,FALSE)&","&VLOOKUP(I23,$BE$8:$BH$260,4,FALSE)*(1-K23)*J23&","&VLOOKUP(I23,$BE$8:$BH$260,4,FALSE)*(1+K23)*J23&",","xxx")&IF(L23<>"",VLOOKUP(L23,$BE$8:$BH$260,3,FALSE)&","&VLOOKUP(L23,$BE$8:$BH$260,4,FALSE)*(1-N23)*M23&","&VLOOKUP(L23,$BE$8:$BH$260,4,FALSE)*(1+N23)*M23&",","xxx")&IF(O23<>"",VLOOKUP(O23,$BE$8:$BH$260,3,FALSE)&","&VLOOKUP(O23,$BE$8:$BH$260,4,FALSE)*(1-Q23)*P23&","&VLOOKUP(O23,$BE$8:$BH$260,4,FALSE)*(1+Q23)*P23&",","xxx")&IF(R23<>"",VLOOKUP(R23,$BE$8:$BH$260,3,FALSE)&","&VLOOKUP(R23,$BE$8:$BH$260,4,FALSE)*(1-T23)*S23&","&VLOOKUP(R23,$BE$8:$BH$260,4,FALSE)*(1+T23)*S23&",","xxx")&IF(U23<>"",VLOOKUP(U23,$BE$8:$BH$260,3,FALSE)&","&VLOOKUP(U23,$BE$8:$BH$260,4,FALSE)*(1-W23)*V23&","&VLOOKUP(U23,$BE$8:$BH$260,4,FALSE)*(1+W23)*V23&",","xxx")&IF(X23<>"",VLOOKUP(X23,$BE$8:$BH$260,3,FALSE)&","&VLOOKUP(X23,$BE$8:$BH$260,4,FALSE)*(1-Z23)*Y23&","&VLOOKUP(X23,$BE$8:$BH$260,4,FALSE)*(1+Z23)*Y23&",","xxx") -> 1:230,16,24,237,16,24,223,4,6,317,8,12,251,16,24,xxx | AB23: =IF(LEFT(SUBSTITUTE(AA23,"x",""),LEN(SUBSTITUTE(AA23,"x",""))-1)="1","",LEFT(SUBSTITUTE(AA23,"x",""),LEN(SUBSTITUTE(AA23,"x",""))-1)) -> 1:230,16,24,237,16,24,223,4,6,317,8,12,251,16,24 | AC23: =IF(J23>0,I23&" "&"{"&J$6&"}","xxx") -> 附加火焰伤害 {0} | AD23: =IF(M23>0,L23&" "&"{"&M$6&"}","xxx") -> 附加火焰伤害% {1} | AE23: =IF(P23>0,O23&" "&"{"&P$6&"}","xxx") -> 火焰减抗% {2} | AF23: =IF(S23>0,R23&" "&"{"&S$6&"}","xxx") -> 火焰抗性% {3} | AG23: =IF(V23>0,U23&" "&"{"&V$6&"}","xxx") -> 施加灼烧时间提升 {4} | AH23: =IF(Y23>0,X23&" "&"{"&Y$6&"}","xxx") -> xxx | AI23: =_xlfn.IFNA(IF(AC23="xxx","xxx",IF(VLOOKUP(I23,$BE$8:$BK$260,7,FALSE)=1,AC23&CHAR(10),SUBSTITUTE(AC23,"%","")&"%"&CHAR(10))),"xxx") -> 附加火焰伤害 {0}% | AJ23: =_xlfn.IFNA(IF(AC23="xxx","xxx",IF(VLOOKUP(L23,$BE$8:$BK$260,7,FALSE)=1,AD23&CHAR(10),SUBSTITUTE(AD23,"%","")&"%"&CHAR(10))),"xxx") -> 附加火焰伤害 {1}% | AK23: =_xlfn.IFNA(IF(AC23="xxx","xxx",IF(VLOOKUP(O23,$BE$8:$BK$260,7,FALSE)=1,AE23&CHAR(10),SUBSTITUTE(AE23,"%","")&"%"&CHAR(10))),"xxx") -> 火焰减抗 {2}% | AL23: =_xlfn.IFNA(IF(AC23="xxx","xxx",IF(VLOOKUP(R23,$BE$8:$BK$260,7,FALSE)=1,AF23&CHAR(10),SUBSTITUTE(AF23,"%","")&"%"&CHAR(10))),"xxx") -> 火焰抗性 {3}% | AM23: =_xlfn.IFNA(IF(AC23="xxx","xxx",IF(VLOOKUP(U23,$BE$8:$BK$260,7,FALSE)=1,AG23&CHAR(10),SUBSTITUTE(AG23,"%","")&"%"&CHAR(10))),"xxx") -> 施加灼烧时间提升 {4}% | AN23: =_xlfn.IFNA(IF(AC23="xxx","xxx",IF(VLOOKUP(X23,$BE$8:$BK$260,7,FALSE)=1,AH23&CHAR(10),SUBSTITUTE(AH23,"%","")&"%"&CHAR(10))),"xxx") -> xxx | AO23: =_xlfn.CONCAT(AI23:AN23) -> 附加火焰伤害 {0}% 附加火焰伤害 {1}% 火焰减抗 {2}% 火焰抗性 {3}% 施加灼烧时间提升 {4}% xxx | AP23: =SUBSTITUTE(AO23,"xxx","") -> 附加火焰伤害 {0}% 附加火焰伤害 {1}% 火焰减抗 {2}% 火焰抗性 {3}% 施加灼烧时间提升 {4}% | AQ23: 敏捷+（20~30） 灼烧伤害提高（40%~60%） 流血伤害提高（40%~60%） | AR23: =IFERROR(IF(AP23="",AQ23,AP23),AP23) -> 附加火焰伤害 {0}% 附加火焰伤害 {1}% 火焰减抗 {2}% 火焰抗性 {3}% 施加灼烧时间提升 {4}% | AS23: =IF(AR23<>AQ23,IF(ISNUMBER(SEARCH(CHAR(10),AR23)),SUBSTITUTE(AR23,CHAR(10),"",LEN(AR23)-LEN(SUBSTITUTE(AR23,CHAR(10),""))),AR23),AR23) -> 附加火焰伤害 {0}% 附加火焰伤害 {1}% 火焰减抗 {2}% 火焰抗性 {3}% 施加灼烧时间提升 {4}% | BE23: 元素伤害% | BF23: 百分比 | BG23: 212 | BH23: 5 | BI23: =COUNTIF($I$8:$I$1040,BE23)/COUNT($C$8:$C$1040)+COUNTIF($L$8:$L$1040,BE23)/COUNT($C$8:$C$1040)+COUNTIF($O$8:$O$1040,BE23)/COUNT($C$8:$C$1040)+COUNTIF($R$8:$R$1040,BE23)/COUNT($C$8:$C$1040)+COUNTIF($U$8:$U$1040,BE23)/COUNT($C$8:$C$1040)+COUNTIF($X$8:$X$1040,BE23)/COUNT($C$8:$C$1040) -> 0.032679739 | BK23: 2
C24: 14710 | D24: 影疾之刃 | E24: 2 | F24: 匕首 | H24: 8 | I24: 攻击速度% | J24: 3 | K24: 0.2 | L24: 敏捷 | M24: 1 | N24: 0.2 | O24: 附加物理伤害 | P24: 1 | Q24: 0.2 | R24: 命中率% | S24: 1 | T24: 0.2 | U24: 移动速度% | V24: 1 | W24: 0.2 | X24: 召唤物移动速度% | Y24: 1 | Z24: 0.5 | AA24: ="1:"&IF(I24<>"",VLOOKUP(I24,$BE$8:$BH$260,3,FALSE)&","&VLOOKUP(I24,$BE$8:$BH$260,4,FALSE)*(1-K24)*J24&","&VLOOKUP(I24,$BE$8:$BH$260,4,FALSE)*(1+K24)*J24&",","xxx")&IF(L24<>"",VLOOKUP(L24,$BE$8:$BH$260,3,FALSE)&","&VLOOKUP(L24,$BE$8:$BH$260,4,FALSE)*(1-N24)*M24&","&VLOOKUP(L24,$BE$8:$BH$260,4,FALSE)*(1+N24)*M24&",","xxx")&IF(O24<>"",VLOOKUP(O24,$BE$8:$BH$260,3,FALSE)&","&VLOOKUP(O24,$BE$8:$BH$260,4,FALSE)*(1-Q24)*P24&","&VLOOKUP(O24,$BE$8:$BH$260,4,FALSE)*(1+Q24)*P24&",","xxx")&IF(R24<>"",VLOOKUP(R24,$BE$8:$BH$260,3,FALSE)&","&VLOOKUP(R24,$BE$8:$BH$260,4,FALSE)*(1-T24)*S24&","&VLOOKUP(R24,$BE$8:$BH$260,4,FALSE)*(1+T24)*S24&",","xxx")&IF(U24<>"",VLOOKUP(U24,$BE$8:$BH$260,3,FALSE)&","&VLOOKUP(U24,$BE$8:$BH$260,4,FALSE)*(1-W24)*V24&","&VLOOKUP(U24,$BE$8:$BH$260,4,FALSE)*(1+W24)*V24&",","xxx")&IF(X24<>"",VLOOKUP(X24,$BE$8:$BH$260,3,FALSE)&","&VLOOKUP(X24,$BE$8:$BH$260,4,FALSE)*(1-Z24)*Y24&","&VLOOKUP(X24,$BE$8:$BH$260,4,FALSE)*(1+Z24)*Y24&",","xxx") -> 1:217,24,36,102,8,12,228,8,12,226,8,12,412,8,12,715,5,15, | AB24: =IF(LEFT(SUBSTITUTE(AA24,"x",""),LEN(SUBSTITUTE(AA24,"x",""))-1)="1","",LEFT(SUBSTITUTE(AA24,"x",""),LEN(SUBSTITUTE(AA24,"x",""))-1)) -> 1:217,24,36,102,8,12,228,8,12,226,8,12,412,8,12,715,5,15 | AC24: =IF(J24>0,I24&" "&"{"&J$6&"}","xxx") -> 攻击速度% {0} | AD24: =IF(M24>0,L24&" "&"{"&M$6&"}","xxx") -> 敏捷 {1} | AE24: =IF(P24>0,O24&" "&"{"&P$6&"}","xxx") -> 附加物理伤害 {2} | AF24: =IF(S24>0,R24&" "&"{"&S$6&"}","xxx") -> 命中率% {3} | AG24: =IF(V24>0,U24&" "&"{"&V$6&"}","xxx") -> 移动速度% {4} | AH24: =IF(Y24>0,X24&" "&"{"&Y$6&"}","xxx") -> 召唤物移动速度% {5} | AI24: =_xlfn.IFNA(IF(AC24="xxx","xxx",IF(VLOOKUP(I24,$BE$8:$BK$260,7,FALSE)=1,AC24&CHAR(10),SUBSTITUTE(AC24,"%","")&"%"&CHAR(10))),"xxx") -> 攻击速度 {0}% | AJ24: =_xlfn.IFNA(IF(AC24="xxx","xxx",IF(VLOOKUP(L24,$BE$8:$BK$260,7,FALSE)=1,AD24&CHAR(10),SUBSTITUTE(AD24,"%","")&"%"&CHAR(10))),"xxx") -> 敏捷 {1} | AK24: =_xlfn.IFNA(IF(AC24="xxx","xxx",IF(VLOOKUP(O24,$BE$8:$BK$260,7,FALSE)=1,AE24&CHAR(10),SUBSTITUTE(AE24,"%","")&"%"&CHAR(10))),"xxx") -> 附加物理伤害 {2}% | AL24: =_xlfn.IFNA(IF(AC24="xxx","xxx",IF(VLOOKUP(R24,$BE$8:$BK$260,7,FALSE)=1,AF24&CHAR(10),SUBSTITUTE(AF24,"%","")&"%"&CHAR(10))),"xxx") -> 命中率 {3}% | AM24: =_xlfn.IFNA(IF(AC24="xxx","xxx",IF(VLOOKUP(U24,$BE$8:$BK$260,7,FALSE)=1,AG24&CHAR(10),SUBSTITUTE(AG24,"%","")&"%"&CHAR(10))),"xxx") -> 移动速度 {4}% | AN24: =_xlfn.IFNA(IF(AC24="xxx","xxx",IF(VLOOKUP(X24,$BE$8:$BK$260,7,FALSE)=1,AH24&CHAR(10),SUBSTITUTE(AH24,"%","")&"%"&CHAR(10))),"xxx") -> 召唤物移动速度 {5}% | AO24: =_xlfn.CONCAT(AI24:AN24) -> 攻击速度 {0}% 敏捷 {1} 附加物理伤害 {2}% 命中率 {3}% 移动速度 {4}% 召唤物移动速度 {5}% | AP24: =SUBSTITUTE(AO24,"xxx","") -> 攻击速度 {0}% 敏捷 {1} 附加物理伤害 {2}% 命中率 {3}% 移动速度 {4}% 召唤物移动速度 {5}% | AQ24: 攻击速度提升（20%-35%） 攻击无法被闪避 每次攻击有（15%~25%）几率提升2%攻击速度，最多叠加10层，持续5秒 | AR24: =IFERROR(IF(AP24="",AQ24,AP24),AP24) -> 攻击速度 {0}% 敏捷 {1} 附加物理伤害 {2}% 命中率 {3}% 移动速度 {4}% 召唤物移动速度 {5}% | AS24: =IF(AR24<>AQ24,IF(ISNUMBER(SEARCH(CHAR(10),AR24)),SUBSTITUTE(AR24,CHAR(10),"",LEN(AR24)-LEN(SUBSTITUTE(AR24,CHAR(10),""))),AR24),AR24) -> 攻击速度 {0}% 敏捷 {1} 附加物理伤害 {2}% 命中率 {3}% 移动速度 {4}% 召唤物移动速度 {5}% | BE24: 冰霜伤害% | BF24: 百分比 | BG24: 213 | BH24: 10 | BI24: =COUNTIF($I$8:$I$1040,BE24)/COUNT($C$8:$C$1040)+COUNTIF($L$8:$L$1040,BE24)/COUNT($C$8:$C$1040)+COUNTIF($O$8:$O$1040,BE24)/COUNT($C$8:$C$1040)+COUNTIF($R$8:$R$1040,BE24)/COUNT($C$8:$C$1040)+COUNTIF($U$8:$U$1040,BE24)/COUNT($C$8:$C$1040)+COUNTIF($X$8:$X$1040,BE24)/COUNT($C$8:$C$1040) -> 0.049019608 | BK24: 2
C25: 14711 | D25: 腐毒之刺 | E25: -99 | F25: 匕首 | H25: 0 | AA25: ="1:"&IF(I25<>"",VLOOKUP(I25,$BE$8:$BH$260,3,FALSE)&","&VLOOKUP(I25,$BE$8:$BH$260,4,FALSE)*(1-K25)*J25&","&VLOOKUP(I25,$BE$8:$BH$260,4,FALSE)*(1+K25)*J25&",","xxx")&IF(L25<>"",VLOOKUP(L25,$BE$8:$BH$260,3,FALSE)&","&VLOOKUP(L25,$BE$8:$BH$260,4,FALSE)*(1-N25)*M25&","&VLOOKUP(L25,$BE$8:$BH$260,4,FALSE)*(1+N25)*M25&",","xxx")&IF(O25<>"",VLOOKUP(O25,$BE$8:$BH$260,3,FALSE)&","&VLOOKUP(O25,$BE$8:$BH$260,4,FALSE)*(1-Q25)*P25&","&VLOOKUP(O25,$BE$8:$BH$260,4,FALSE)*(1+Q25)*P25&",","xxx")&IF(R25<>"",VLOOKUP(R25,$BE$8:$BH$260,3,FALSE)&","&VLOOKUP(R25,$BE$8:$BH$260,4,FALSE)*(1-T25)*S25&","&VLOOKUP(R25,$BE$8:$BH$260,4,FALSE)*(1+T25)*S25&",","xxx")&IF(U25<>"",VLOOKUP(U25,$BE$8:$BH$260,3,FALSE)&","&VLOOKUP(U25,$BE$8:$BH$260,4,FALSE)*(1-W25)*V25&","&VLOOKUP(U25,$BE$8:$BH$260,4,FALSE)*(1+W25)*V25&",","xxx")&IF(X25<>"",VLOOKUP(X25,$BE$8:$BH$260,3,FALSE)&","&VLOOKUP(X25,$BE$8:$BH$260,4,FALSE)*(1-Z25)*Y25&","&VLOOKUP(X25,$BE$8:$BH$260,4,FALSE)*(1+Z25)*Y25&",","xxx") -> 1:xxxxxxxxxxxxxxxxxx | AB25: =IF(LEFT(SUBSTITUTE(AA25,"x",""),LEN(SUBSTITUTE(AA25,"x",""))-1)="1","",LEFT(SUBSTITUTE(AA25,"x",""),LEN(SUBSTITUTE(AA25,"x",""))-1)) | AC25: =IF(J25>0,I25&" "&"{"&J$6&"}","xxx") -> xxx | AD25: =IF(M25>0,L25&" "&"{"&M$6&"}","xxx") -> xxx | AE25: =IF(P25>0,O25&" "&"{"&P$6&"}","xxx") -> xxx | AF25: =IF(S25>0,R25&" "&"{"&S$6&"}","xxx") -> xxx | AG25: =IF(V25>0,U25&" "&"{"&V$6&"}","xxx") -> xxx | AH25: =IF(Y25>0,X25&" "&"{"&Y$6&"}","xxx") -> xxx | AI25: =_xlfn.IFNA(IF(AC25="xxx","xxx",IF(VLOOKUP(I25,$BE$8:$BK$260,7,FALSE)=1,AC25&CHAR(10),SUBSTITUTE(AC25,"%","")&"%"&CHAR(10))),"xxx") -> xxx | AJ25: =_xlfn.IFNA(IF(AC25="xxx","xxx",IF(VLOOKUP(L25,$BE$8:$BK$260,7,FALSE)=1,AD25&CHAR(10),SUBSTITUTE(AD25,"%","")&"%"&CHAR(10))),"xxx") -> xxx | AK25: =_xlfn.IFNA(IF(AC25="xxx","xxx",IF(VLOOKUP(O25,$BE$8:$BK$260,7,FALSE)=1,AE25&CHAR(10),SUBSTITUTE(AE25,"%","")&"%"&CHAR(10))),"xxx") -> xxx | AL25: =_xlfn.IFNA(IF(AC25="xxx","xxx",IF(VLOOKUP(R25,$BE$8:$BK$260,7,FALSE)=1,AF25&CHAR(10),SUBSTITUTE(AF25,"%","")&"%"&CHAR(10))),"xxx") -> xxx | AM25: =_xlfn.IFNA(IF(AC25="xxx","xxx",IF(VLOOKUP(U25,$BE$8:$BK$260,7,FALSE)=1,AG25&CHAR(10),SUBSTITUTE(AG25,"%","")&"%"&CHAR(10))),"xxx") -> xxx | AN25: =_xlfn.IFNA(IF(AC25="xxx","xxx",IF(VLOOKUP(X25,$BE$8:$BK$260,7,FALSE)=1,AH25&CHAR(10),SUBSTITUTE(AH25,"%","")&"%"&CHAR(10))),"xxx") -> xxx | AO25: =_xlfn.CONCAT(AI25:AN25) -> xxxxxxxxxxxxxxxxxx | AP25: =SUBSTITUTE(AO25,"xxx","") | AQ25: 获得等同物理伤害（25%~35%）的混沌伤害 武器攻击造成的中毒伤害提升（50%~100%） 武器攻击命中后，有（1%~5%）几率让你中毒 | AR25: =IFERROR(IF(AP25="",AQ25,AP25),AP25) -> 获得等同物理伤害（25%~35%）的混沌伤害 武器攻击造成的中毒伤害提升（50%~100%） 武器攻击命中后，有（1%~5%）几率让你中毒 | AS25: =IF(AR25<>AQ25,IF(ISNUMBER(SEARCH(CHAR(10),AR25)),SUBSTITUTE(AR25,CHAR(10),"",LEN(AR25)-LEN(SUBSTITUTE(AR25,CHAR(10),""))),AR25),AR25) -> 获得等同物理伤害（25%~35%）的混沌伤害 武器攻击造成的中毒伤害提升（50%~100%） 武器攻击命中后，有（1%~5%）几率让你中毒 | BE25: 火焰伤害% | BF25: 百分比 | BG25: 214 | BH25: 10 | BI25: =COUNTIF($I$8:$I$1040,BE25)/COUNT($C$8:$C$1040)+COUNTIF($L$8:$L$1040,BE25)/COUNT($C$8:$C$1040)+COUNTIF($O$8:$O$1040,BE25)/COUNT($C$8:$C$1040)+COUNTIF($R$8:$R$1040,BE25)/COUNT($C$8:$C$1040)+COUNTIF($U$8:$U$1040,BE25)/COUNT($C$8:$C$1040)+COUNTIF($X$8:$X$1040,BE25)/COUNT($C$8:$C$1040) -> 0.049019608 | BK25: 2
C26: 14712 | D26: 雷霆之斧 | E26: 2 | F26: 单手斧 | H26: 0 | AA26: ="1:"&IF(I26<>"",VLOOKUP(I26,$BE$8:$BH$260,3,FALSE)&","&VLOOKUP(I26,$BE$8:$BH$260,4,FALSE)*(1-K26)*J26&","&VLOOKUP(I26,$BE$8:$BH$260,4,FALSE)*(1+K26)*J26&",","xxx")&IF(L26<>"",VLOOKUP(L26,$BE$8:$BH$260,3,FALSE)&","&VLOOKUP(L26,$BE$8:$BH$260,4,FALSE)*(1-N26)*M26&","&VLOOKUP(L26,$BE$8:$BH$260,4,FALSE)*(1+N26)*M26&",","xxx")&IF(O26<>"",VLOOKUP(O26,$BE$8:$BH$260,3,FALSE)&","&VLOOKUP(O26,$BE$8:$BH$260,4,FALSE)*(1-Q26)*P26&","&VLOOKUP(O26,$BE$8:$BH$260,4,FALSE)*(1+Q26)*P26&",","xxx")&IF(R26<>"",VLOOKUP(R26,$BE$8:$BH$260,3,FALSE)&","&VLOOKUP(R26,$BE$8:$BH$260,4,FALSE)*(1-T26)*S26&","&VLOOKUP(R26,$BE$8:$BH$260,4,FALSE)*(1+T26)*S26&",","xxx")&IF(U26<>"",VLOOKUP(U26,$BE$8:$BH$260,3,FALSE)&","&VLOOKUP(U26,$BE$8:$BH$260,4,FALSE)*(1-W26)*V26&","&VLOOKUP(U26,$BE$8:$BH$260,4,FALSE)*(1+W26)*V26&",","xxx")&IF(X26<>"",VLOOKUP(X26,$BE$8:$BH$260,3,FALSE)&","&VLOOKUP(X26,$BE$8:$BH$260,4,FALSE)*(1-Z26)*Y26&","&VLOOKUP(X26,$BE$8:$BH$260,4,FALSE)*(1+Z26)*Y26&",","xxx") -> 1:xxxxxxxxxxxxxxxxxx | AB26: =IF(LEFT(SUBSTITUTE(AA26,"x",""),LEN(SUBSTITUTE(AA26,"x",""))-1)="1","",LEFT(SUBSTITUTE(AA26,"x",""),LEN(SUBSTITUTE(AA26,"x",""))-1)) | AC26: =IF(J26>0,I26&" "&"{"&J$6&"}","xxx") -> xxx | AD26: =IF(M26>0,L26&" "&"{"&M$6&"}","xxx") -> xxx | AE26: =IF(P26>0,O26&" "&"{"&P$6&"}","xxx") -> xxx | AF26: =IF(S26>0,R26&" "&"{"&S$6&"}","xxx") -> xxx | AG26: =IF(V26>0,U26&" "&"{"&V$6&"}","xxx") -> xxx | AH26: =IF(Y26>0,X26&" "&"{"&Y$6&"}","xxx") -> xxx | AI26: =_xlfn.IFNA(IF(AC26="xxx","xxx",IF(VLOOKUP(I26,$BE$8:$BK$260,7,FALSE)=1,AC26&CHAR(10),SUBSTITUTE(AC26,"%","")&"%"&CHAR(10))),"xxx") -> xxx | AJ26: =_xlfn.IFNA(IF(AC26="xxx","xxx",IF(VLOOKUP(L26,$BE$8:$BK$260,7,FALSE)=1,AD26&CHAR(10),SUBSTITUTE(AD26,"%","")&"%"&CHAR(10))),"xxx") -> xxx | AK26: =_xlfn.IFNA(IF(AC26="xxx","xxx",IF(VLOOKUP(O26,$BE$8:$BK$260,7,FALSE)=1,AE26&CHAR(10),SUBSTITUTE(AE26,"%","")&"%"&CHAR(10))),"xxx") -> xxx | AL26: =_xlfn.IFNA(IF(AC26="xxx","xxx",IF(VLOOKUP(R26,$BE$8:$BK$260,7,FALSE)=1,AF26&CHAR(10),SUBSTITUTE(AF26,"%","")&"%"&CHAR(10))),"xxx") -> xxx | AM26: =_xlfn.IFNA(IF(AC26="xxx","xxx",IF(VLOOKUP(U26,$BE$8:$BK$260,7,FALSE)=1,AG26&CHAR(10),SUBSTITUTE(AG26,"%","")&"%"&CHAR(10))),"xxx") -> xxx | AN26: =_xlfn.IFNA(IF(AC26="xxx","xxx",IF(VLOOKUP(X26,$BE$8:$BK$260,7,FALSE)=1,AH26&CHAR(10),SUBSTITUTE(AH26,"%","")&"%"&CHAR(10))),"xxx") -> xxx | AO26: =_xlfn.CONCAT(AI26:AN26) -> xxxxxxxxxxxxxxxxxx | AP26: =SUBSTITUTE(AO26,"xxx","") | AQ26: 附加{0}闪电伤害 造成伤害时附加额外{1}%闪电伤害 攻击时30%概率触发【落雷】 | AR26: =IFERROR(IF(AP26="",AQ26,AP26),AP26) -> 附加{0}闪电伤害 造成伤害时附加额外{1}%闪电伤害 攻击时30%概率触发【落雷】 | AS26: =IF(AR26<>AQ26,IF(ISNUMBER(SEARCH(CHAR(10),AR26)),SUBSTITUTE(AR26,CHAR(10),"",LEN(AR26)-LEN(SUBSTITUTE(AR26,CHAR(10),""))),AR26),AR26) -> 附加{0}闪电伤害 造成伤害时附加额外{1}%闪电伤害 攻击时30%概率触发【落雷】 | BE26: 闪电伤害% | BF26: 百分比 | BG26: 215 | BH26: 10 | BI26: =COUNTIF($I$8:$I$1040,BE26)/COUNT($C$8:$C$1040)+COUNTIF($L$8:$L$1040,BE26)/COUNT($C$8:$C$1040)+COUNTIF($O$8:$O$1040,BE26)/COUNT($C$8:$C$1040)+COUNTIF($R$8:$R$1040,BE26)/COUNT($C$8:$C$1040)+COUNTIF($U$8:$U$1040,BE26)/COUNT($C$8:$C$1040)+COUNTIF($X$8:$X$1040,BE26)/COUNT($C$8:$C$1040) -> 0.039215686 | BK26: 2
C27: 14713 | D27: 失心屠戮者 | F27: 单手斧 | H27: 0 | AA27: ="1:"&IF(I27<>"",VLOOKUP(I27,$BE$8:$BH$260,3,FALSE)&","&VLOOKUP(I27,$BE$8:$BH$260,4,FALSE)*(1-K27)*J27&","&VLOOKUP(I27,$BE$8:$BH$260,4,FALSE)*(1+K27)*J27&",","xxx")&IF(L27<>"",VLOOKUP(L27,$BE$8:$BH$260,3,FALSE)&","&VLOOKUP(L27,$BE$8:$BH$260,4,FALSE)*(1-N27)*M27&","&VLOOKUP(L27,$BE$8:$BH$260,4,FALSE)*(1+N27)*M27&",","xxx")&IF(O27<>"",VLOOKUP(O27,$BE$8:$BH$260,3,FALSE)&","&VLOOKUP(O27,$BE$8:$BH$260,4,FALSE)*(1-Q27)*P27&","&VLOOKUP(O27,$BE$8:$BH$260,4,FALSE)*(1+Q27)*P27&",","xxx")&IF(R27<>"",VLOOKUP(R27,$BE$8:$BH$260,3,FALSE)&","&VLOOKUP(R27,$BE$8:$BH$260,4,FALSE)*(1-T27)*S27&","&VLOOKUP(R27,$BE$8:$BH$260,4,FALSE)*(1+T27)*S27&",","xxx")&IF(U27<>"",VLOOKUP(U27,$BE$8:$BH$260,3,FALSE)&","&VLOOKUP(U27,$BE$8:$BH$260,4,FALSE)*(1-W27)*V27&","&VLOOKUP(U27,$BE$8:$BH$260,4,FALSE)*(1+W27)*V27&",","xxx")&IF(X27<>"",VLOOKUP(X27,$BE$8:$BH$260,3,FALSE)&","&VLOOKUP(X27,$BE$8:$BH$260,4,FALSE)*(1-Z27)*Y27&","&VLOOKUP(X27,$BE$8:$BH$260,4,FALSE)*(1+Z27)*Y27&",","xxx") -> 1:xxxxxxxxxxxxxxxxxx | AB27: =IF(LEFT(SUBSTITUTE(AA27,"x",""),LEN(SUBSTITUTE(AA27,"x",""))-1)="1","",LEFT(SUBSTITUTE(AA27,"x",""),LEN(SUBSTITUTE(AA27,"x",""))-1)) | AC27: =IF(J27>0,I27&" "&"{"&J$6&"}","xxx") -> xxx | AD27: =IF(M27>0,L27&" "&"{"&M$6&"}","xxx") -> xxx | AE27: =IF(P27>0,O27&" "&"{"&P$6&"}","xxx") -> xxx | AF27: =IF(S27>0,R27&" "&"{"&S$6&"}","xxx") -> xxx | AG27: =IF(V27>0,U27&" "&"{"&V$6&"}","xxx") -> xxx | AH27: =IF(Y27>0,X27&" "&"{"&Y$6&"}","xxx") -> xxx | AI27: =_xlfn.IFNA(IF(AC27="xxx","xxx",IF(VLOOKUP(I27,$BE$8:$BK$260,7,FALSE)=1,AC27&CHAR(10),SUBSTITUTE(AC27,"%","")&"%"&CHAR(10))),"xxx") -> xxx | AJ27: =_xlfn.IFNA(IF(AC27="xxx","xxx",IF(VLOOKUP(L27,$BE$8:$BK$260,7,FALSE)=1,AD27&CHAR(10),SUBSTITUTE(AD27,"%","")&"%"&CHAR(10))),"xxx") -> xxx | AK27: =_xlfn.IFNA(IF(AC27="xxx","xxx",IF(VLOOKUP(O27,$BE$8:$BK$260,7,FALSE)=1,AE27&CHAR(10),SUBSTITUTE(AE27,"%","")&"%"&CHAR(10))),"xxx") -> xxx | AL27: =_xlfn.IFNA(IF(AC27="xxx","xxx",IF(VLOOKUP(R27,$BE$8:$BK$260,7,FALSE)=1,AF27&CHAR(10),SUBSTITUTE(AF27,"%","")&"%"&CHAR(10))),"xxx") -> xxx | AM27: =_xlfn.IFNA(IF(AC27="xxx","xxx",IF(VLOOKUP(U27,$BE$8:$BK$260,7,FALSE)=1,AG27&CHAR(10),SUBSTITUTE(AG27,"%","")&"%"&CHAR(10))),"xxx") -> xxx | AN27: =_xlfn.IFNA(IF(AC27="xxx","xxx",IF(VLOOKUP(X27,$BE$8:$BK$260,7,FALSE)=1,AH27&CHAR(10),SUBSTITUTE(AH27,"%","")&"%"&CHAR(10))),"xxx") -> xxx | AO27: =_xlfn.CONCAT(AI27:AN27) -> xxxxxxxxxxxxxxxxxx | AP27: =SUBSTITUTE(AO27,"xxx","") | AQ27: 物理伤害提高{0}% 智力永远为0 | AR27: =IFERROR(IF(AP27="",AQ27,AP27),AP27) -> 物理伤害提高{0}% 智力永远为0 | AS27: =IF(AR27<>AQ27,IF(ISNUMBER(SEARCH(CHAR(10),AR27)),SUBSTITUTE(AR27,CHAR(10),"",LEN(AR27)-LEN(SUBSTITUTE(AR27,CHAR(10),""))),AR27),AR27) -> 物理伤害提高{0}% 智力永远为0 | BE27: 混沌伤害% | BF27: 百分比 | BG27: 216 | BH27: 10 | BI27: =COUNTIF($I$8:$I$1040,BE27)/COUNT($C$8:$C$1040)+COUNTIF($L$8:$L$1040,BE27)/COUNT($C$8:$C$1040)+COUNTIF($O$8:$O$1040,BE27)/COUNT($C$8:$C$1040)+COUNTIF($R$8:$R$1040,BE27)/COUNT($C$8:$C$1040)+COUNTIF($U$8:$U$1040,BE27)/COUNT($C$8:$C$1040)+COUNTIF($X$8:$X$1040,BE27)/COUNT($C$8:$C$1040) -> 0.022875817 | BK27: 2
C28: 14714 | D28: 焰寒斧 | E28: 4 | F28: 单手斧 | H28: 0 | AA28: ="1:"&IF(I28<>"",VLOOKUP(I28,$BE$8:$BH$260,3,FALSE)&","&VLOOKUP(I28,$BE$8:$BH$260,4,FALSE)*(1-K28)*J28&","&VLOOKUP(I28,$BE$8:$BH$260,4,FALSE)*(1+K28)*J28&",","xxx")&IF(L28<>"",VLOOKUP(L28,$BE$8:$BH$260,3,FALSE)&","&VLOOKUP(L28,$BE$8:$BH$260,4,FALSE)*(1-N28)*M28&","&VLOOKUP(L28,$BE$8:$BH$260,4,FALSE)*(1+N28)*M28&",","xxx")&IF(O28<>"",VLOOKUP(O28,$BE$8:$BH$260,3,FALSE)&","&VLOOKUP(O28,$BE$8:$BH$260,4,FALSE)*(1-Q28)*P28&","&VLOOKUP(O28,$BE$8:$BH$260,4,FALSE)*(1+Q28)*P28&",","xxx")&IF(R28<>"",VLOOKUP(R28,$BE$8:$BH$260,3,FALSE)&","&VLOOKUP(R28,$BE$8:$BH$260,4,FALSE)*(1-T28)*S28&","&VLOOKUP(R28,$BE$8:$BH$260,4,FALSE)*(1+T28)*S28&",","xxx")&IF(U28<>"",VLOOKUP(U28,$BE$8:$BH$260,3,FALSE)&","&VLOOKUP(U28,$BE$8:$BH$260,4,FALSE)*(1-W28)*V28&","&VLOOKUP(U28,$BE$8:$BH$260,4,FALSE)*(1+W28)*V28&",","xxx")&IF(X28<>"",VLOOKUP(X28,$BE$8:$BH$260,3,FALSE)&","&VLOOKUP(X28,$BE$8:$BH$260,4,FALSE)*(1-Z28)*Y28&","&VLOOKUP(X28,$BE$8:$BH$260,4,FALSE)*(1+Z28)*Y28&",","xxx") -> 1:xxxxxxxxxxxxxxxxxx | AB28: =IF(LEFT(SUBSTITUTE(AA28,"x",""),LEN(SUBSTITUTE(AA28,"x",""))-1)="1","",LEFT(SUBSTITUTE(AA28,"x",""),LEN(SUBSTITUTE(AA28,"x",""))-1)) | AC28: =IF(J28>0,I28&" "&"{"&J$6&"}","xxx") -> xxx | AD28: =IF(M28>0,L28&" "&"{"&M$6&"}","xxx") -> xxx | AE28: =IF(P28>0,O28&" "&"{"&P$6&"}","xxx") -> xxx | AF28: =IF(S28>0,R28&" "&"{"&S$6&"}","xxx") -> xxx | AG28: =IF(V28>0,U28&" "&"{"&V$6&"}","xxx") -> xxx | AH28: =IF(Y28>0,X28&" "&"{"&Y$6&"}","xxx") -> xxx | AI28: =_xlfn.IFNA(IF(AC28="xxx","xxx",IF(VLOOKUP(I28,$BE$8:$BK$260,7,FALSE)=1,AC28&CHAR(10),SUBSTITUTE(AC28,"%","")&"%"&CHAR(10))),"xxx") -> xxx | AJ28: =_xlfn.IFNA(IF(AC28="xxx","xxx",IF(VLOOKUP(L28,$BE$8:$BK$260,7,FALSE)=1,AD28&CHAR(10),SUBSTITUTE(AD28,"%","")&"%"&CHAR(10))),"xxx") -> xxx | AK28: =_xlfn.IFNA(IF(AC28="xxx","xxx",IF(VLOOKUP(O28,$BE$8:$BK$260,7,FALSE)=1,AE28&CHAR(10),SUBSTITUTE(AE28,"%","")&"%"&CHAR(10))),"xxx") -> xxx | AL28: =_xlfn.IFNA(IF(AC28="xxx","xxx",IF(VLOOKUP(R28,$BE$8:$BK$260,7,FALSE)=1,AF28&CHAR(10),SUBSTITUTE(AF28,"%","")&"%"&CHAR(10))),"xxx") -> xxx | AM28: =_xlfn.IFNA(IF(AC28="xxx","xxx",IF(VLOOKUP(U28,$BE$8:$BK$260,7,FALSE)=1,AG28&CHAR(10),SUBSTITUTE(AG28,"%","")&"%"&CHAR(10))),"xxx") -> xxx | AN28: =_xlfn.IFNA(IF(AC28="xxx","xxx",IF(VLOOKUP(X28,$BE$8:$BK$260,7,FALSE)=1,AH28&CHAR(10),SUBSTITUTE(AH28,"%","")&"%"&CHAR(10))),"xxx") -> xxx | AO28: =_xlfn.CONCAT(AI28:AN28) -> xxxxxxxxxxxxxxxxxx | AP28: =SUBSTITUTE(AO28,"xxx","") | AQ28: 附加{0}冰霜伤害 武器攻击命中时，有30%的几率造成灼烧 灼烧伤害对冰缓敌人提高70% | AR28: =IFERROR(IF(AP28="",AQ28,AP28),AP28) -> 附加{0}冰霜伤害 武器攻击命中时，有30%的几率造成灼烧 灼烧伤害对冰缓敌人提高70% | AS28: =IF(AR28<>AQ28,IF(ISNUMBER(SEARCH(CHAR(10),AR28)),SUBSTITUTE(AR28,CHAR(10),"",LEN(AR28)-LEN(SUBSTITUTE(AR28,CHAR(10),""))),AR28),AR28) -> 附加{0}冰霜伤害 武器攻击命中时，有30%的几率造成灼烧 灼烧伤害对冰缓敌人提高70% | BE28: 攻击速度% | BF28: 百分比 | BG28: 217 | BH28: 10 | BI28: =COUNTIF($I$8:$I$1040,BE28)/COUNT($C$8:$C$1040)+COUNTIF($L$8:$L$1040,BE28)/COUNT($C$8:$C$1040)+COUNTIF($O$8:$O$1040,BE28)/COUNT($C$8:$C$1040)+COUNTIF($R$8:$R$1040,BE28)/COUNT($C$8:$C$1040)+COUNTIF($U$8:$U$1040,BE28)/COUNT($C$8:$C$1040)+COUNTIF($X$8:$X$1040,BE28)/COUNT($C$8:$C$1040) -> 0.12745098 | BK28: 2
C29: 14715 | D29: 暮光之斧 | F29: 双手斧 | H29: 0 | AA29: ="1:"&IF(I29<>"",VLOOKUP(I29,$BE$8:$BH$260,3,FALSE)&","&VLOOKUP(I29,$BE$8:$BH$260,4,FALSE)*(1-K29)*J29&","&VLOOKUP(I29,$BE$8:$BH$260,4,FALSE)*(1+K29)*J29&",","xxx")&IF(L29<>"",VLOOKUP(L29,$BE$8:$BH$260,3,FALSE)&","&VLOOKUP(L29,$BE$8:$BH$260,4,FALSE)*(1-N29)*M29&","&VLOOKUP(L29,$BE$8:$BH$260,4,FALSE)*(1+N29)*M29&",","xxx")&IF(O29<>"",VLOOKUP(O29,$BE$8:$BH$260,3,FALSE)&","&VLOOKUP(O29,$BE$8:$BH$260,4,FALSE)*(1-Q29)*P29&","&VLOOKUP(O29,$BE$8:$BH$260,4,FALSE)*(1+Q29)*P29&",","xxx")&IF(R29<>"",VLOOKUP(R29,$BE$8:$BH$260,3,FALSE)&","&VLOOKUP(R29,$BE$8:$BH$260,4,FALSE)*(1-T29)*S29&","&VLOOKUP(R29,$BE$8:$BH$260,4,FALSE)*(1+T29)*S29&",","xxx")&IF(U29<>"",VLOOKUP(U29,$BE$8:$BH$260,3,FALSE)&","&VLOOKUP(U29,$BE$8:$BH$260,4,FALSE)*(1-W29)*V29&","&VLOOKUP(U29,$BE$8:$BH$260,4,FALSE)*(1+W29)*V29&",","xxx")&IF(X29<>"",VLOOKUP(X29,$BE$8:$BH$260,3,FALSE)&","&VLOOKUP(X29,$BE$8:$BH$260,4,FALSE)*(1-Z29)*Y29&","&VLOOKUP(X29,$BE$8:$BH$260,4,FALSE)*(1+Z29)*Y29&",","xxx") -> 1:xxxxxxxxxxxxxxxxxx | AB29: =IF(LEFT(SUBSTITUTE(AA29,"x",""),LEN(SUBSTITUTE(AA29,"x",""))-1)="1","",LEFT(SUBSTITUTE(AA29,"x",""),LEN(SUBSTITUTE(AA29,"x",""))-1)) | AC29: =IF(J29>0,I29&" "&"{"&J$6&"}","xxx") -> xxx | AD29: =IF(M29>0,L29&" "&"{"&M$6&"}","xxx") -> xxx | AE29: =IF(P29>0,O29&" "&"{"&P$6&"}","xxx") -> xxx | AF29: =IF(S29>0,R29&" "&"{"&S$6&"}","xxx") -> xxx | AG29: =IF(V29>0,U29&" "&"{"&V$6&"}","xxx") -> xxx | AH29: =IF(Y29>0,X29&" "&"{"&Y$6&"}","xxx") -> xxx | AI29: =_xlfn.IFNA(IF(AC29="xxx","xxx",IF(VLOOKUP(I29,$BE$8:$BK$260,7,FALSE)=1,AC29&CHAR(10),SUBSTITUTE(AC29,"%","")&"%"&CHAR(10))),"xxx") -> xxx | AJ29: =_xlfn.IFNA(IF(AC29="xxx","xxx",IF(VLOOKUP(L29,$BE$8:$BK$260,7,FALSE)=1,AD29&CHAR(10),SUBSTITUTE(AD29,"%","")&"%"&CHAR(10))),"xxx") -> xxx | AK29: =_xlfn.IFNA(IF(AC29="xxx","xxx",IF(VLOOKUP(O29,$BE$8:$BK$260,7,FALSE)=1,AE29&CHAR(10),SUBSTITUTE(AE29,"%","")&"%"&CHAR(10))),"xxx") -> xxx | AL29: =_xlfn.IFNA(IF(AC29="xxx","xxx",IF(VLOOKUP(R29,$BE$8:$BK$260,7,FALSE)=1,AF29&CHAR(10),SUBSTITUTE(AF29,"%","")&"%"&CHAR(10))),"xxx") -> xxx | AM29: =_xlfn.IFNA(IF(AC29="xxx","xxx",IF(VLOOKUP(U29,$BE$8:$BK$260,7,FALSE)=1,AG29&CHAR(10),SUBSTITUTE(AG29,"%","")&"%"&CHAR(10))),"xxx") -> xxx | AN29: =_xlfn.IFNA(IF(AC29="xxx","xxx",IF(VLOOKUP(X29,$BE$8:$BK$260,7,FALSE)=1,AH29&CHAR(10),SUBSTITUTE(AH29,"%","")&"%"&CHAR(10))),"xxx") -> xxx | AO29: =_xlfn.CONCAT(AI29:AN29) -> xxxxxxxxxxxxxxxxxx | AP29: =SUBSTITUTE(AO29,"xxx","") | AQ29: 武器攻击命中时必定造成灼烧、冻结和感电中的一种 对异常状态敌人造成的物理伤害提升50% | AR29: =IFERROR(IF(AP29="",AQ29,AP29),AP29) -> 武器攻击命中时必定造成灼烧、冻结和感电中的一种 对异常状态敌人造成的物理伤害提升50% | AS29: =IF(AR29<>AQ29,IF(ISNUMBER(SEARCH(CHAR(10),AR29)),SUBSTITUTE(AR29,CHAR(10),"",LEN(AR29)-LEN(SUBSTITUTE(AR29,CHAR(10),""))),AR29),AR29) -> 武器攻击命中时必定造成灼烧、冻结和感电中的一种 对异常状态敌人造成的物理伤害提升50% | BE29: 持续性伤害% | BF29: 百分比 | BG29: 218 | BH29: 10 | BI29: =COUNTIF($I$8:$I$1040,BE29)/COUNT($C$8:$C$1040)+COUNTIF($L$8:$L$1040,BE29)/COUNT($C$8:$C$1040)+COUNTIF($O$8:$O$1040,BE29)/COUNT($C$8:$C$1040)+COUNTIF($R$8:$R$1040,BE29)/COUNT($C$8:$C$1040)+COUNTIF($U$8:$U$1040,BE29)/COUNT($C$8:$C$1040)+COUNTIF($X$8:$X$1040,BE29)/COUNT($C$8:$C$1040) -> 0.016339869 | BK29: 2
C30: 14716 | D30: 裂颅者 | F30: 双手斧 | H30: 0 | AA30: ="1:"&IF(I30<>"",VLOOKUP(I30,$BE$8:$BH$260,3,FALSE)&","&VLOOKUP(I30,$BE$8:$BH$260,4,FALSE)*(1-K30)*J30&","&VLOOKUP(I30,$BE$8:$BH$260,4,FALSE)*(1+K30)*J30&",","xxx")&IF(L30<>"",VLOOKUP(L30,$BE$8:$BH$260,3,FALSE)&","&VLOOKUP(L30,$BE$8:$BH$260,4,FALSE)*(1-N30)*M30&","&VLOOKUP(L30,$BE$8:$BH$260,4,FALSE)*(1+N30)*M30&",","xxx")&IF(O30<>"",VLOOKUP(O30,$BE$8:$BH$260,3,FALSE)&","&VLOOKUP(O30,$BE$8:$BH$260,4,FALSE)*(1-Q30)*P30&","&VLOOKUP(O30,$BE$8:$BH$260,4,FALSE)*(1+Q30)*P30&",","xxx")&IF(R30<>"",VLOOKUP(R30,$BE$8:$BH$260,3,FALSE)&","&VLOOKUP(R30,$BE$8:$BH$260,4,FALSE)*(1-T30)*S30&","&VLOOKUP(R30,$BE$8:$BH$260,4,FALSE)*(1+T30)*S30&",","xxx")&IF(U30<>"",VLOOKUP(U30,$BE$8:$BH$260,3,FALSE)&","&VLOOKUP(U30,$BE$8:$BH$260,4,FALSE)*(1-W30)*V30&","&VLOOKUP(U30,$BE$8:$BH$260,4,FALSE)*(1+W30)*V30&",","xxx")&IF(X30<>"",VLOOKUP(X30,$BE$8:$BH$260,3,FALSE)&","&VLOOKUP(X30,$BE$8:$BH$260,4,FALSE)*(1-Z30)*Y30&","&VLOOKUP(X30,$BE$8:$BH$260,4,FALSE)*(1+Z30)*Y30&",","xxx") -> 1:xxxxxxxxxxxxxxxxxx | AB30: =IF(LEFT(SUBSTITUTE(AA30,"x",""),LEN(SUBSTITUTE(AA30,"x",""))-1)="1","",LEFT(SUBSTITUTE(AA30,"x",""),LEN(SUBSTITUTE(AA30,"x",""))-1)) | AC30: =IF(J30>0,I30&" "&"{"&J$6&"}","xxx") -> xxx | AD30: =IF(M30>0,L30&" "&"{"&M$6&"}","xxx") -> xxx | AE30: =IF(P30>0,O30&" "&"{"&P$6&"}","xxx") -> xxx | AF30: =IF(S30>0,R30&" "&"{"&S$6&"}","xxx") -> xxx | AG30: =IF(V30>0,U30&" "&"{"&V$6&"}","xxx") -> xxx | AH30: =IF(Y30>0,X30&" "&"{"&Y$6&"}","xxx") -> xxx | AI30: =_xlfn.IFNA(IF(AC30="xxx","xxx",IF(VLOOKUP(I30,$BE$8:$BK$260,7,FALSE)=1,AC30&CHAR(10),SUBSTITUTE(AC30,"%","")&"%"&CHAR(10))),"xxx") -> xxx | AJ30: =_xlfn.IFNA(IF(AC30="xxx","xxx",IF(VLOOKUP(L30,$BE$8:$BK$260,7,FALSE)=1,AD30&CHAR(10),SUBSTITUTE(AD30,"%","")&"%"&CHAR(10))),"xxx") -> xxx | AK30: =_xlfn.IFNA(IF(AC30="xxx","xxx",IF(VLOOKUP(O30,$BE$8:$BK$260,7,FALSE)=1,AE30&CHAR(10),SUBSTITUTE(AE30,"%","")&"%"&CHAR(10))),"xxx") -> xxx | AL30: =_xlfn.IFNA(IF(AC30="xxx","xxx",IF(VLOOKUP(R30,$BE$8:$BK$260,7,FALSE)=1,AF30&CHAR(10),SUBSTITUTE(AF30,"%","")&"%"&CHAR(10))),"xxx") -> xxx | AM30: =_xlfn.IFNA(IF(AC30="xxx","xxx",IF(VLOOKUP(U30,$BE$8:$BK$260,7,FALSE)=1,AG30&CHAR(10),SUBSTITUTE(AG30,"%","")&"%"&CHAR(10))),"xxx") -> xxx | AN30: =_xlfn.IFNA(IF(AC30="xxx","xxx",IF(VLOOKUP(X30,$BE$8:$BK$260,7,FALSE)=1,AH30&CHAR(10),SUBSTITUTE(AH30,"%","")&"%"&CHAR(10))),"xxx") -> xxx | AO30: =_xlfn.CONCAT(AI30:AN30) -> xxxxxxxxxxxxxxxxxx | AP30: =SUBSTITUTE(AO30,"xxx","") | AQ30: 物理伤害+{0}% 暴击率+{1}% 流血伤害提高50% | AR30: =IFERROR(IF(AP30="",AQ30,AP30),AP30) -> 物理伤害+{0}% 暴击率+{1}% 流血伤害提高50% | AS30: =IF(AR30<>AQ30,IF(ISNUMBER(SEARCH(CHAR(10),AR30)),SUBSTITUTE(AR30,CHAR(10),"",LEN(AR30)-LEN(SUBSTITUTE(AR30,CHAR(10),""))),AR30),AR30) -> 物理伤害+{0}% 暴击率+{1}% 流血伤害提高50% | BE30: 暴击几率% | BF30: 百分比 | BG30: 219 | BH30: 10 | BI30: =COUNTIF($I$8:$I$1040,BE30)/COUNT($C$8:$C$1040)+COUNTIF($L$8:$L$1040,BE30)/COUNT($C$8:$C$1040)+COUNTIF($O$8:$O$1040,BE30)/COUNT($C$8:$C$1040)+COUNTIF($R$8:$R$1040,BE30)/COUNT($C$8:$C$1040)+COUNTIF($U$8:$U$1040,BE30)/COUNT($C$8:$C$1040)+COUNTIF($X$8:$X$1040,BE30)/COUNT($C$8:$C$1040) -> 0.045751634 | BK30: 2
C31: 14717 | D31: 毁灭之锋 | E31: -1 | F31: 双手斧 | H31: 12 | I31: 物理伤害% | J31: 6 | K31: 0.2 | L31: 物理减抗% | M31: 4 | N31: 0.2 | O31: 最大生命值 | P31: 4 | Q31: 0.2 | R31: 近战技能范围% | S31: 2 | T31: 0 | U31: 攻击速度% | V31: -2 | W31: 0 | X31: 移动速度% | Y31: -2 | Z31: 0 | AA31: ="1:"&IF(I31<>"",VLOOKUP(I31,$BE$8:$BH$260,3,FALSE)&","&VLOOKUP(I31,$BE$8:$BH$260,4,FALSE)*(1-K31)*J31&","&VLOOKUP(I31,$BE$8:$BH$260,4,FALSE)*(1+K31)*J31&",","xxx")&IF(L31<>"",VLOOKUP(L31,$BE$8:$BH$260,3,FALSE)&","&VLOOKUP(L31,$BE$8:$BH$260,4,FALSE)*(1-N31)*M31&","&VLOOKUP(L31,$BE$8:$BH$260,4,FALSE)*(1+N31)*M31&",","xxx")&IF(O31<>"",VLOOKUP(O31,$BE$8:$BH$260,3,FALSE)&","&VLOOKUP(O31,$BE$8:$BH$260,4,FALSE)*(1-Q31)*P31&","&VLOOKUP(O31,$BE$8:$BH$260,4,FALSE)*(1+Q31)*P31&",","xxx")&IF(R31<>"",VLOOKUP(R31,$BE$8:$BH$260,3,FALSE)&","&VLOOKUP(R31,$BE$8:$BH$260,4,FALSE)*(1-T31)*S31&","&VLOOKUP(R31,$BE$8:$BH$260,4,FALSE)*(1+T31)*S31&",","xxx")&IF(U31<>"",VLOOKUP(U31,$BE$8:$BH$260,3,FALSE)&","&VLOOKUP(U31,$BE$8:$BH$260,4,FALSE)*(1-W31)*V31&","&VLOOKUP(U31,$BE$8:$BH$260,4,FALSE)*(1+W31)*V31&",","xxx")&IF(X31<>"",VLOOKUP(X31,$BE$8:$BH$260,3,FALSE)&","&VLOOKUP(X31,$BE$8:$BH$260,4,FALSE)*(1-Z31)*Y31&","&VLOOKUP(X31,$BE$8:$BH$260,4,FALSE)*(1+Z31)*Y31&",","xxx") -> 1:211,48,72,227,16,24,300,64,96,430,20,20,217,-20,-20,412,-20,-20, | AB31: =IF(LEFT(SUBSTITUTE(AA31,"x",""),LEN(SUBSTITUTE(AA31,"x",""))-1)="1","",LEFT(SUBSTITUTE(AA31,"x",""),LEN(SUBSTITUTE(AA31,"x",""))-1)) -> 1:211,48,72,227,16,24,300,64,96,430,20,20,217,-20,-20,412,-20,-20 | AC31: =IF(J31>0,I31&" "&"{"&J$6&"}","xxx") -> 物理伤害% {0} | AD31: =IF(M31>0,L31&" "&"{"&M$6&"}","xxx") -> 物理减抗% {1} | AE31: =IF(P31>0,O31&" "&"{"&P$6&"}","xxx") -> 最大生命值 {2} | AF31: =IF(S31>0,R31&" "&"{"&S$6&"}","xxx") -> 近战技能范围% {3} | AG31: =IF(V31>0,U31&" "&"{"&V$6&"}","xxx") -> xxx | AH31: =IF(Y31>0,X31&" "&"{"&Y$6&"}","xxx") -> xxx | AI31: =_xlfn.IFNA(IF(AC31="xxx","xxx",IF(VLOOKUP(I31,$BE$8:$BK$260,7,FALSE)=1,AC31&CHAR(10),SUBSTITUTE(AC31,"%","")&"%"&CHAR(10))),"xxx") -> 物理伤害 {0}% | AJ31: =_xlfn.IFNA(IF(AC31="xxx","xxx",IF(VLOOKUP(L31,$BE$8:$BK$260,7,FALSE)=1,AD31&CHAR(10),SUBSTITUTE(AD31,"%","")&"%"&CHAR(10))),"xxx") -> 物理减抗 {1}% | AK31: =_xlfn.IFNA(IF(AC31="xxx","xxx",IF(VLOOKUP(O31,$BE$8:$BK$260,7,FALSE)=1,AE31&CHAR(10),SUBSTITUTE(AE31,"%","")&"%"&CHAR(10))),"xxx") -> 最大生命值 {2} | AL31: =_xlfn.IFNA(IF(AC31="xxx","xxx",IF(VLOOKUP(R31,$BE$8:$BK$260,7,FALSE)=1,AF31&CHAR(10),SUBSTITUTE(AF31,"%","")&"%"&CHAR(10))),"xxx") -> 近战技能范围 {3}% | AM31: =_xlfn.IFNA(IF(AC31="xxx","xxx",IF(VLOOKUP(U31,$BE$8:$BK$260,7,FALSE)=1,AG31&CHAR(10),SUBSTITUTE(AG31,"%","")&"%"&CHAR(10))),"xxx") -> xxx% | AN31: =_xlfn.IFNA(IF(AC31="xxx","xxx",IF(VLOOKUP(X31,$BE$8:$BK$260,7,FALSE)=1,AH31&CHAR(10),SUBSTITUTE(AH31,"%","")&"%"&CHAR(10))),"xxx") -> xxx% | AO31: =_xlfn.CONCAT(AI31:AN31) -> 物理伤害 {0}% 物理减抗 {1}% 最大生命值 {2} 近战技能范围 {3}% xxx% xxx% | AP31: =SUBSTITUTE(AO31,"xxx","") -> 物理伤害 {0}% 物理减抗 {1}% 最大生命值 {2} 近战技能范围 {3}% % % | AQ31: 暴击率+（15%~25%） 近战攻击范围+50% 暴击时触发范围爆炸，对周围敌人造成（50%~100%）物理伤害 | AR31: =IFERROR(IF(AP31="",AQ31,AP31),AP31) -> 物理伤害 {0}% 物理减抗 {1}% 最大生命值 {2} 近战技能范围 {3}% % % | AS31: =IF(AR31<>AQ31,IF(ISNUMBER(SEARCH(CHAR(10),AR31)),SUBSTITUTE(AR31,CHAR(10),"",LEN(AR31)-LEN(SUBSTITUTE(AR31,CHAR(10),""))),AR31),AR31) -> 物理伤害 {0}% 物理减抗 {1}% 最大生命值 {2} 近战技能范围 {3}% % % | BE31: 暴击伤害% | BF31: 百分比 | BG31: 220 | BH31: 20 | BI31: =COUNTIF($I$8:$I$1040,BE31)/COUNT($C$8:$C$1040)+COUNTIF($L$8:$L$1040,BE31)/COUNT($C$8:$C$1040)+COUNTIF($O$8:$O$1040,BE31)/COUNT($C$8:$C$1040)+COUNTIF($R$8:$R$1040,BE31)/COUNT($C$8:$C$1040)+COUNTIF($U$8:$U$1040,BE31)/COUNT($C$8:$C$1040)+COUNTIF($X$8:$X$1040,BE31)/COUNT($C$8:$C$1040) -> 0.049019608 | BK31: 2
C32: 14718 | D32: 碎冰锤 | F32: 双手锤 | H32: 0 | AA32: ="1:"&IF(I32<>"",VLOOKUP(I32,$BE$8:$BH$260,3,FALSE)&","&VLOOKUP(I32,$BE$8:$BH$260,4,FALSE)*(1-K32)*J32&","&VLOOKUP(I32,$BE$8:$BH$260,4,FALSE)*(1+K32)*J32&",","xxx")&IF(L32<>"",VLOOKUP(L32,$BE$8:$BH$260,3,FALSE)&","&VLOOKUP(L32,$BE$8:$BH$260,4,FALSE)*(1-N32)*M32&","&VLOOKUP(L32,$BE$8:$BH$260,4,FALSE)*(1+N32)*M32&",","xxx")&IF(O32<>"",VLOOKUP(O32,$BE$8:$BH$260,3,FALSE)&","&VLOOKUP(O32,$BE$8:$BH$260,4,FALSE)*(1-Q32)*P32&","&VLOOKUP(O32,$BE$8:$BH$260,4,FALSE)*(1+Q32)*P32&",","xxx")&IF(R32<>"",VLOOKUP(R32,$BE$8:$BH$260,3,FALSE)&","&VLOOKUP(R32,$BE$8:$BH$260,4,FALSE)*(1-T32)*S32&","&VLOOKUP(R32,$BE$8:$BH$260,4,FALSE)*(1+T32)*S32&",","xxx")&IF(U32<>"",VLOOKUP(U32,$BE$8:$BH$260,3,FALSE)&","&VLOOKUP(U32,$BE$8:$BH$260,4,FALSE)*(1-W32)*V32&","&VLOOKUP(U32,$BE$8:$BH$260,4,FALSE)*(1+W32)*V32&",","xxx")&IF(X32<>"",VLOOKUP(X32,$BE$8:$BH$260,3,FALSE)&","&VLOOKUP(X32,$BE$8:$BH$260,4,FALSE)*(1-Z32)*Y32&","&VLOOKUP(X32,$BE$8:$BH$260,4,FALSE)*(1+Z32)*Y32&",","xxx") -> 1:xxxxxxxxxxxxxxxxxx | AB32: =IF(LEFT(SUBSTITUTE(AA32,"x",""),LEN(SUBSTITUTE(AA32,"x",""))-1)="1","",LEFT(SUBSTITUTE(AA32,"x",""),LEN(SUBSTITUTE(AA32,"x",""))-1)) | AC32: =IF(J32>0,I32&" "&"{"&J$6&"}","xxx") -> xxx | AD32: =IF(M32>0,L32&" "&"{"&M$6&"}","xxx") -> xxx | AE32: =IF(P32>0,O32&" "&"{"&P$6&"}","xxx") -> xxx | AF32: =IF(S32>0,R32&" "&"{"&S$6&"}","xxx") -> xxx | AG32: =IF(V32>0,U32&" "&"{"&V$6&"}","xxx") -> xxx | AH32: =IF(Y32>0,X32&" "&"{"&Y$6&"}","xxx") -> xxx | AI32: =_xlfn.IFNA(IF(AC32="xxx","xxx",IF(VLOOKUP(I32,$BE$8:$BK$260,7,FALSE)=1,AC32&CHAR(10),SUBSTITUTE(AC32,"%","")&"%"&CHAR(10))),"xxx") -> xxx | AJ32: =_xlfn.IFNA(IF(AC32="xxx","xxx",IF(VLOOKUP(L32,$BE$8:$BK$260,7,FALSE)=1,AD32&CHAR(10),SUBSTITUTE(AD32,"%","")&"%"&CHAR(10))),"xxx") -> xxx | AK32: =_xlfn.IFNA(IF(AC32="xxx","xxx",IF(VLOOKUP(O32,$BE$8:$BK$260,7,FALSE)=1,AE32&CHAR(10),SUBSTITUTE(AE32,"%","")&"%"&CHAR(10))),"xxx") -> xxx | AL32: =_xlfn.IFNA(IF(AC32="xxx","xxx",IF(VLOOKUP(R32,$BE$8:$BK$260,7,FALSE)=1,AF32&CHAR(10),SUBSTITUTE(AF32,"%","")&"%"&CHAR(10))),"xxx") -> xxx | AM32: =_xlfn.IFNA(IF(AC32="xxx","xxx",IF(VLOOKUP(U32,$BE$8:$BK$260,7,FALSE)=1,AG32&CHAR(10),SUBSTITUTE(AG32,"%","")&"%"&CHAR(10))),"xxx") -> xxx | AN32: =_xlfn.IFNA(IF(AC32="xxx","xxx",IF(VLOOKUP(X32,$BE$8:$BK$260,7,FALSE)=1,AH32&CHAR(10),SUBSTITUTE(AH32,"%","")&"%"&CHAR(10))),"xxx") -> xxx | AO32: =_xlfn.CONCAT(AI32:AN32) -> xxxxxxxxxxxxxxxxxx | AP32: =SUBSTITUTE(AO32,"xxx","") | AQ32: 冰霜伤害提升{0}% 击中冻结状态敌人时，触发【冰封碎片】 | AR32: =IFERROR(IF(AP32="",AQ32,AP32),AP32) -> 冰霜伤害提升{0}% 击中冻结状态敌人时，触发【冰封碎片】 | AS32: =IF(AR32<>AQ32,IF(ISNUMBER(SEARCH(CHAR(10),AR32)),SUBSTITUTE(AR32,CHAR(10),"",LEN(AR32)-LEN(SUBSTITUTE(AR32,CHAR(10),""))),AR32),AR32) -> 冰霜伤害提升{0}% 击中冻结状态敌人时，触发【冰封碎片】 | BE32: 元素减抗% | BF32: 百分比 | BG32: 221 | BH32: 2 | BI32: =COUNTIF($I$8:$I$1040,BE32)/COUNT($C$8:$C$1040)+COUNTIF($L$8:$L$1040,BE32)/COUNT($C$8:$C$1040)+COUNTIF($O$8:$O$1040,BE32)/COUNT($C$8:$C$1040)+COUNTIF($R$8:$R$1040,BE32)/COUNT($C$8:$C$1040)+COUNTIF($U$8:$U$1040,BE32)/COUNT($C$8:$C$1040)+COUNTIF($X$8:$X$1040,BE32)/COUNT($C$8:$C$1040) -> 0.016339869 | BK32: 2
C33: 14719 | D33: 巨人杀手 | F33: 双手剑 | H33: 0 | AA33: ="1:"&IF(I33<>"",VLOOKUP(I33,$BE$8:$BH$260,3,FALSE)&","&VLOOKUP(I33,$BE$8:$BH$260,4,FALSE)*(1-K33)*J33&","&VLOOKUP(I33,$BE$8:$BH$260,4,FALSE)*(1+K33)*J33&",","xxx")&IF(L33<>"",VLOOKUP(L33,$BE$8:$BH$260,3,FALSE)&","&VLOOKUP(L33,$BE$8:$BH$260,4,FALSE)*(1-N33)*M33&","&VLOOKUP(L33,$BE$8:$BH$260,4,FALSE)*(1+N33)*M33&",","xxx")&IF(O33<>"",VLOOKUP(O33,$BE$8:$BH$260,3,FALSE)&","&VLOOKUP(O33,$BE$8:$BH$260,4,FALSE)*(1-Q33)*P33&","&VLOOKUP(O33,$BE$8:$BH$260,4,FALSE)*(1+Q33)*P33&",","xxx")&IF(R33<>"",VLOOKUP(R33,$BE$8:$BH$260,3,FALSE)&","&VLOOKUP(R33,$BE$8:$BH$260,4,FALSE)*(1-T33)*S33&","&VLOOKUP(R33,$BE$8:$BH$260,4,FALSE)*(1+T33)*S33&",","xxx")&IF(U33<>"",VLOOKUP(U33,$BE$8:$BH$260,3,FALSE)&","&VLOOKUP(U33,$BE$8:$BH$260,4,FALSE)*(1-W33)*V33&","&VLOOKUP(U33,$BE$8:$BH$260,4,FALSE)*(1+W33)*V33&",","xxx")&IF(X33<>"",VLOOKUP(X33,$BE$8:$BH$260,3,FALSE)&","&VLOOKUP(X33,$BE$8:$BH$260,4,FALSE)*(1-Z33)*Y33&","&VLOOKUP(X33,$BE$8:$BH$260,4,FALSE)*(1+Z33)*Y33&",","xxx") -> 1:xxxxxxxxxxxxxxxxxx | AB33: =IF(LEFT(SUBSTITUTE(AA33,"x",""),LEN(SUBSTITUTE(AA33,"x",""))-1)="1","",LEFT(SUBSTITUTE(AA33,"x",""),LEN(SUBSTITUTE(AA33,"x",""))-1)) | AC33: =IF(J33>0,I33&" "&"{"&J$6&"}","xxx") -> xxx | AD33: =IF(M33>0,L33&" "&"{"&M$6&"}","xxx") -> xxx | AE33: =IF(P33>0,O33&" "&"{"&P$6&"}","xxx") -> xxx | AF33: =IF(S33>0,R33&" "&"{"&S$6&"}","xxx") -> xxx | AG33: =IF(V33>0,U33&" "&"{"&V$6&"}","xxx") -> xxx | AH33: =IF(Y33>0,X33&" "&"{"&Y$6&"}","xxx") -> xxx | AI33: =_xlfn.IFNA(IF(AC33="xxx","xxx",IF(VLOOKUP(I33,$BE$8:$BK$260,7,FALSE)=1,AC33&CHAR(10),SUBSTITUTE(AC33,"%","")&"%"&CHAR(10))),"xxx") -> xxx | AJ33: =_xlfn.IFNA(IF(AC33="xxx","xxx",IF(VLOOKUP(L33,$BE$8:$BK$260,7,FALSE)=1,AD33&CHAR(10),SUBSTITUTE(AD33,"%","")&"%"&CHAR(10))),"xxx") -> xxx | AK33: =_xlfn.IFNA(IF(AC33="xxx","xxx",IF(VLOOKUP(O33,$BE$8:$BK$260,7,FALSE)=1,AE33&CHAR(10),SUBSTITUTE(AE33,"%","")&"%"&CHAR(10))),"xxx") -> xxx | AL33: =_xlfn.IFNA(IF(AC33="xxx","xxx",IF(VLOOKUP(R33,$BE$8:$BK$260,7,FALSE)=1,AF33&CHAR(10),SUBSTITUTE(AF33,"%","")&"%"&CHAR(10))),"xxx") -> xxx | AM33: =_xlfn.IFNA(IF(AC33="xxx","xxx",IF(VLOOKUP(U33,$BE$8:$BK$260,7,FALSE)=1,AG33&CHAR(10),SUBSTITUTE(AG33,"%","")&"%"&CHAR(10))),"xxx") -> xxx | AN33: =_xlfn.IFNA(IF(AC33="xxx","xxx",IF(VLOOKUP(X33,$BE$8:$BK$260,7,FALSE)=1,AH33&CHAR(10),SUBSTITUTE(AH33,"%","")&"%"&CHAR(10))),"xxx") -> xxx | AO33: =_xlfn.CONCAT(AI33:AN33) -> xxxxxxxxxxxxxxxxxx | AP33: =SUBSTITUTE(AO33,"xxx","") | AQ33: 力量+{0} 暴击伤害+{1}% 对精英和首领怪物的暴击率+40% | AR33: =IFERROR(IF(AP33="",AQ33,AP33),AP33) -> 力量+{0} 暴击伤害+{1}% 对精英和首领怪物的暴击率+40% | AS33: =IF(AR33<>AQ33,IF(ISNUMBER(SEARCH(CHAR(10),AR33)),SUBSTITUTE(AR33,CHAR(10),"",LEN(AR33)-LEN(SUBSTITUTE(AR33,CHAR(10),""))),AR33),AR33) -> 力量+{0} 暴击伤害+{1}% 对精英和首领怪物的暴击率+40% | BE33: 冰霜减抗% | BF33: 百分比 | BG33: 222 | BH33: 5 | BI33: =COUNTIF($I$8:$I$1040,BE33)/COUNT($C$8:$C$1040)+COUNTIF($L$8:$L$1040,BE33)/COUNT($C$8:$C$1040)+COUNTIF($O$8:$O$1040,BE33)/COUNT($C$8:$C$1040)+COUNTIF($R$8:$R$1040,BE33)/COUNT($C$8:$C$1040)+COUNTIF($U$8:$U$1040,BE33)/COUNT($C$8:$C$1040)+COUNTIF($X$8:$X$1040,BE33)/COUNT($C$8:$C$1040) -> 0.026143791 | BK33: 2
C34: 14720 | D34: 狱炎重剑 | E34: 3 | F34: 双手剑 | H34: 0 | AA34: ="1:"&IF(I34<>"",VLOOKUP(I34,$BE$8:$BH$260,3,FALSE)&","&VLOOKUP(I34,$BE$8:$BH$260,4,FALSE)*(1-K34)*J34&","&VLOOKUP(I34,$BE$8:$BH$260,4,FALSE)*(1+K34)*J34&",","xxx")&IF(L34<>"",VLOOKUP(L34,$BE$8:$BH$260,3,FALSE)&","&VLOOKUP(L34,$BE$8:$BH$260,4,FALSE)*(1-N34)*M34&","&VLOOKUP(L34,$BE$8:$BH$260,4,FALSE)*(1+N34)*M34&",","xxx")&IF(O34<>"",VLOOKUP(O34,$BE$8:$BH$260,3,FALSE)&","&VLOOKUP(O34,$BE$8:$BH$260,4,FALSE)*(1-Q34)*P34&","&VLOOKUP(O34,$BE$8:$BH$260,4,FALSE)*(1+Q34)*P34&",","xxx")&IF(R34<>"",VLOOKUP(R34,$BE$8:$BH$260,3,FALSE)&","&VLOOKUP(R34,$BE$8:$BH$260,4,FALSE)*(1-T34)*S34&","&VLOOKUP(R34,$BE$8:$BH$260,4,FALSE)*(1+T34)*S34&",","xxx")&IF(U34<>"",VLOOKUP(U34,$BE$8:$BH$260,3,FALSE)&","&VLOOKUP(U34,$BE$8:$BH$260,4,FALSE)*(1-W34)*V34&","&VLOOKUP(U34,$BE$8:$BH$260,4,FALSE)*(1+W34)*V34&",","xxx")&IF(X34<>"",VLOOKUP(X34,$BE$8:$BH$260,3,FALSE)&","&VLOOKUP(X34,$BE$8:$BH$260,4,FALSE)*(1-Z34)*Y34&","&VLOOKUP(X34,$BE$8:$BH$260,4,FALSE)*(1+Z34)*Y34&",","xxx") -> 1:xxxxxxxxxxxxxxxxxx | AB34: =IF(LEFT(SUBSTITUTE(AA34,"x",""),LEN(SUBSTITUTE(AA34,"x",""))-1)="1","",LEFT(SUBSTITUTE(AA34,"x",""),LEN(SUBSTITUTE(AA34,"x",""))-1)) | AC34: =IF(J34>0,I34&" "&"{"&J$6&"}","xxx") -> xxx | AD34: =IF(M34>0,L34&" "&"{"&M$6&"}","xxx") -> xxx | AE34: =IF(P34>0,O34&" "&"{"&P$6&"}","xxx") -> xxx | AF34: =IF(S34>0,R34&" "&"{"&S$6&"}","xxx") -> xxx | AG34: =IF(V34>0,U34&" "&"{"&V$6&"}","xxx") -> xxx | AH34: =IF(Y34>0,X34&" "&"{"&Y$6&"}","xxx") -> xxx | AI34: =_xlfn.IFNA(IF(AC34="xxx","xxx",IF(VLOOKUP(I34,$BE$8:$BK$260,7,FALSE)=1,AC34&CHAR(10),SUBSTITUTE(AC34,"%","")&"%"&CHAR(10))),"xxx") -> xxx | AJ34: =_xlfn.IFNA(IF(AC34="xxx","xxx",IF(VLOOKUP(L34,$BE$8:$BK$260,7,FALSE)=1,AD34&CHAR(10),SUBSTITUTE(AD34,"%","")&"%"&CHAR(10))),"xxx") -> xxx | AK34: =_xlfn.IFNA(IF(AC34="xxx","xxx",IF(VLOOKUP(O34,$BE$8:$BK$260,7,FALSE)=1,AE34&CHAR(10),SUBSTITUTE(AE34,"%","")&"%"&CHAR(10))),"xxx") -> xxx | AL34: =_xlfn.IFNA(IF(AC34="xxx","xxx",IF(VLOOKUP(R34,$BE$8:$BK$260,7,FALSE)=1,AF34&CHAR(10),SUBSTITUTE(AF34,"%","")&"%"&CHAR(10))),"xxx") -> xxx | AM34: =_xlfn.IFNA(IF(AC34="xxx","xxx",IF(VLOOKUP(U34,$BE$8:$BK$260,7,FALSE)=1,AG34&CHAR(10),SUBSTITUTE(AG34,"%","")&"%"&CHAR(10))),"xxx") -> xxx | AN34: =_xlfn.IFNA(IF(AC34="xxx","xxx",IF(VLOOKUP(X34,$BE$8:$BK$260,7,FALSE)=1,AH34&CHAR(10),SUBSTITUTE(AH34,"%","")&"%"&CHAR(10))),"xxx") -> xxx | AO34: =_xlfn.CONCAT(AI34:AN34) -> xxxxxxxxxxxxxxxxxx | AP34: =SUBSTITUTE(AO34,"xxx","") | AQ34: 武器攻击有 20% 的几率施加灼烧 武器攻击造成灼烧时，获得[狂暴]，持续2秒 自身火焰抗性减少{0}% 武器攻击有斩杀灼烧中生命低于20%敌人 | AR34: =IFERROR(IF(AP34="",AQ34,AP34),AP34) -> 武器攻击有 20% 的几率施加灼烧 武器攻击造成灼烧时，获得[狂暴]，持续2秒 自身火焰抗性减少{0}% 武器攻击有斩杀灼烧中生命低于20%敌人 | AS34: =IF(AR34<>AQ34,IF(ISNUMBER(SEARCH(CHAR(10),AR34)),SUBSTITUTE(AR34,CHAR(10),"",LEN(AR34)-LEN(SUBSTITUTE(AR34,CHAR(10),""))),AR34),AR34) -> 武器攻击有 20% 的几率施加灼烧 武器攻击造成灼烧时，获得[狂暴]，持续2秒 自身火焰抗性减少{0}% 武器攻击有斩杀灼烧中生命低于20%敌人 | BE34: 火焰减抗% | BF34: 百分比 | BG34: 223 | BH34: 5 | BI34: =COUNTIF($I$8:$I$1040,BE34)/COUNT($C$8:$C$1040)+COUNTIF($L$8:$L$1040,BE34)/COUNT($C$8:$C$1040)+COUNTIF($O$8:$O$1040,BE34)/COUNT($C$8:$C$1040)+COUNTIF($R$8:$R$1040,BE34)/COUNT($C$8:$C$1040)+COUNTIF($U$8:$U$1040,BE34)/COUNT($C$8:$C$1040)+COUNTIF($X$8:$X$1040,BE34)/COUNT($C$8:$C$1040) -> 0.035947712 | BK34: 2
C35: 14721 | D35: 冰狱重剑 | E35: 4 | F35: 双手剑 | H35: 12 | I35: 冰霜伤害 | J35: 3 | K35: 0.2 | L35: 冰霜伤害% | M35: 3 | N35: 0.2 | O35: 子弹穿刺 | P35: 4 | Q35: 0 | R35: 子弹技能范围% | S35: 2 | T35: 0.2 | AA35: ="1:"&IF(I35<>"",VLOOKUP(I35,$BE$8:$BH$260,3,FALSE)&","&VLOOKUP(I35,$BE$8:$BH$260,4,FALSE)*(1-K35)*J35&","&VLOOKUP(I35,$BE$8:$BH$260,4,FALSE)*(1+K35)*J35&",","xxx")&IF(L35<>"",VLOOKUP(L35,$BE$8:$BH$260,3,FALSE)&","&VLOOKUP(L35,$BE$8:$BH$260,4,FALSE)*(1-N35)*M35&","&VLOOKUP(L35,$BE$8:$BH$260,4,FALSE)*(1+N35)*M35&",","xxx")&IF(O35<>"",VLOOKUP(O35,$BE$8:$BH$260,3,FALSE)&","&VLOOKUP(O35,$BE$8:$BH$260,4,FALSE)*(1-Q35)*P35&","&VLOOKUP(O35,$BE$8:$BH$260,4,FALSE)*(1+Q35)*P35&",","xxx")&IF(R35<>"",VLOOKUP(R35,$BE$8:$BH$260,3,FALSE)&","&VLOOKUP(R35,$BE$8:$BH$260,4,FALSE)*(1-T35)*S35&","&VLOOKUP(R35,$BE$8:$BH$260,4,FALSE)*(1+T35)*S35&",","xxx")&IF(U35<>"",VLOOKUP(U35,$BE$8:$BH$260,3,FALSE)&","&VLOOKUP(U35,$BE$8:$BH$260,4,FALSE)*(1-W35)*V35&","&VLOOKUP(U35,$BE$8:$BH$260,4,FALSE)*(1+W35)*V35&",","xxx")&IF(X35<>"",VLOOKUP(X35,$BE$8:$BH$260,3,FALSE)&","&VLOOKUP(X35,$BE$8:$BH$260,4,FALSE)*(1-Z35)*Y35&","&VLOOKUP(X35,$BE$8:$BH$260,4,FALSE)*(1+Z35)*Y35&",","xxx") -> 1:206,24,36,213,24,36,405,1,1,434,16,24,xxxxxx | AB35: =IF(LEFT(SUBSTITUTE(AA35,"x",""),LEN(SUBSTITUTE(AA35,"x",""))-1)="1","",LEFT(SUBSTITUTE(AA35,"x",""),LEN(SUBSTITUTE(AA35,"x",""))-1)) -> 1:206,24,36,213,24,36,405,1,1,434,16,24 | AC35: =IF(J35>0,I35&" "&"{"&J$6&"}","xxx") -> 冰霜伤害 {0} | AD35: =IF(M35>0,L35&" "&"{"&M$6&"}","xxx") -> 冰霜伤害% {1} | AE35: =IF(P35>0,O35&" "&"{"&P$6&"}","xxx") -> 子弹穿刺 {2} | AF35: =IF(S35>0,R35&" "&"{"&S$6&"}","xxx") -> 子弹技能范围% {3} | AG35: =IF(V35>0,U35&" "&"{"&V$6&"}","xxx") -> xxx | AH35: =IF(Y35>0,X35&" "&"{"&Y$6&"}","xxx") -> xxx | AI35: =_xlfn.IFNA(IF(AC35="xxx","xxx",IF(VLOOKUP(I35,$BE$8:$BK$260,7,FALSE)=1,AC35&CHAR(10),SUBSTITUTE(AC35,"%","")&"%"&CHAR(10))),"xxx") -> 冰霜伤害 {0} | AJ35: =_xlfn.IFNA(IF(AC35="xxx","xxx",IF(VLOOKUP(L35,$BE$8:$BK$260,7,FALSE)=1,AD35&CHAR(10),SUBSTITUTE(AD35,"%","")&"%"&CHAR(10))),"xxx") -> 冰霜伤害 {1}% | AK35: =_xlfn.IFNA(IF(AC35="xxx","xxx",IF(VLOOKUP(O35,$BE$8:$BK$260,7,FALSE)=1,AE35&CHAR(10),SUBSTITUTE(AE35,"%","")&"%"&CHAR(10))),"xxx") -> 子弹穿刺 {2} | AL35: =_xlfn.IFNA(IF(AC35="xxx","xxx",IF(VLOOKUP(R35,$BE$8:$BK$260,7,FALSE)=1,AF35&CHAR(10),SUBSTITUTE(AF35,"%","")&"%"&CHAR(10))),"xxx") -> 子弹技能范围 {3}% | AM35: =_xlfn.IFNA(IF(AC35="xxx","xxx",IF(VLOOKUP(U35,$BE$8:$BK$260,7,FALSE)=1,AG35&CHAR(10),SUBSTITUTE(AG35,"%","")&"%"&CHAR(10))),"xxx") -> xxx | AN35: =_xlfn.IFNA(IF(AC35="xxx","xxx",IF(VLOOKUP(X35,$BE$8:$BK$260,7,FALSE)=1,AH35&CHAR(10),SUBSTITUTE(AH35,"%","")&"%"&CHAR(10))),"xxx") -> xxx | AO35: =_xlfn.CONCAT(AI35:AN35) -> 冰霜伤害 {0} 冰霜伤害 {1}% 子弹穿刺 {2} 子弹技能范围 {3}% xxxxxx | AP35: =SUBSTITUTE(AO35,"xxx","") -> 冰霜伤害 {0} 冰霜伤害 {1}% 子弹穿刺 {2} 子弹技能范围 {3}% | AQ35: 武器攻击有 20% 的几率施加冻结 武器攻击造成冻结时，获得[狂暴]，持续2秒 自身冰霜抗性减少（25%~35%） 有（15%~25%）几率斩杀冻结中的敌人 | AR35: =IFERROR(IF(AP35="",AQ35,AP35),AP35) -> 冰霜伤害 {0} 冰霜伤害 {1}% 子弹穿刺 {2} 子弹技能范围 {3}% | AS35: =IF(AR35<>AQ35,IF(ISNUMBER(SEARCH(CHAR(10),AR35)),SUBSTITUTE(AR35,CHAR(10),"",LEN(AR35)-LEN(SUBSTITUTE(AR35,CHAR(10),""))),AR35),AR35) -> 冰霜伤害 {0} 冰霜伤害 {1}% 子弹穿刺 {2} 子弹技能范围 {3}% | BE35: 闪电减抗% | BF35: 百分比 | BG35: 224 | BH35: 5 | BI35: =COUNTIF($I$8:$I$1040,BE35)/COUNT($C$8:$C$1040)+COUNTIF($L$8:$L$1040,BE35)/COUNT($C$8:$C$1040)+COUNTIF($O$8:$O$1040,BE35)/COUNT($C$8:$C$1040)+COUNTIF($R$8:$R$1040,BE35)/COUNT($C$8:$C$1040)+COUNTIF($U$8:$U$1040,BE35)/COUNT($C$8:$C$1040)+COUNTIF($X$8:$X$1040,BE35)/COUNT($C$8:$C$1040) -> 0.019607843 | BK35: 2
C36: 14722 | D36: 裂天断锋 | E36: 1 | F36: 双手剑 | H36: 12 | I36: 物理伤害 | J36: 6 | K36: 0.2 | L36: 所有伤害增加% | M36: 4 | N36: 0.2 | O36: 命中率% | P36: 4 | Q36: 0.2 | R36: 攻击速度% | S36: -2 | T36: 0.2 | AA36: ="1:"&IF(I36<>"",VLOOKUP(I36,$BE$8:$BH$260,3,FALSE)&","&VLOOKUP(I36,$BE$8:$BH$260,4,FALSE)*(1-K36)*J36&","&VLOOKUP(I36,$BE$8:$BH$260,4,FALSE)*(1+K36)*J36&",","xxx")&IF(L36<>"",VLOOKUP(L36,$BE$8:$BH$260,3,FALSE)&","&VLOOKUP(L36,$BE$8:$BH$260,4,FALSE)*(1-N36)*M36&","&VLOOKUP(L36,$BE$8:$BH$260,4,FALSE)*(1+N36)*M36&",","xxx")&IF(O36<>"",VLOOKUP(O36,$BE$8:$BH$260,3,FALSE)&","&VLOOKUP(O36,$BE$8:$BH$260,4,FALSE)*(1-Q36)*P36&","&VLOOKUP(O36,$BE$8:$BH$260,4,FALSE)*(1+Q36)*P36&",","xxx")&IF(R36<>"",VLOOKUP(R36,$BE$8:$BH$260,3,FALSE)&","&VLOOKUP(R36,$BE$8:$BH$260,4,FALSE)*(1-T36)*S36&","&VLOOKUP(R36,$BE$8:$BH$260,4,FALSE)*(1+T36)*S36&",","xxx")&IF(U36<>"",VLOOKUP(U36,$BE$8:$BH$260,3,FALSE)&","&VLOOKUP(U36,$BE$8:$BH$260,4,FALSE)*(1-W36)*V36&","&VLOOKUP(U36,$BE$8:$BH$260,4,FALSE)*(1+W36)*V36&",","xxx")&IF(X36<>"",VLOOKUP(X36,$BE$8:$BH$260,3,FALSE)&","&VLOOKUP(X36,$BE$8:$BH$260,4,FALSE)*(1-Z36)*Y36&","&VLOOKUP(X36,$BE$8:$BH$260,4,FALSE)*(1+Z36)*Y36&",","xxx") -> 1:204,48,72,202,32,48,226,32,48,217,-16,-24,xxxxxx | AB36: =IF(LEFT(SUBSTITUTE(AA36,"x",""),LEN(SUBSTITUTE(AA36,"x",""))-1)="1","",LEFT(SUBSTITUTE(AA36,"x",""),LEN(SUBSTITUTE(AA36,"x",""))-1)) -> 1:204,48,72,202,32,48,226,32,48,217,-16,-24 | AC36: =IF(J36>0,I36&" "&"{"&J$6&"}","xxx") -> 物理伤害 {0} | AD36: =IF(M36>0,L36&" "&"{"&M$6&"}","xxx") -> 所有伤害增加% {1} | AE36: =IF(P36>0,O36&" "&"{"&P$6&"}","xxx") -> 命中率% {2} | AF36: =IF(S36>0,R36&" "&"{"&S$6&"}","xxx") -> xxx | AG36: =IF(V36>0,U36&" "&"{"&V$6&"}","xxx") -> xxx | AH36: =IF(Y36>0,X36&" "&"{"&Y$6&"}","xxx") -> xxx | AI36: =_xlfn.IFNA(IF(AC36="xxx","xxx",IF(VLOOKUP(I36,$BE$8:$BK$260,7,FALSE)=1,AC36&CHAR(10),SUBSTITUTE(AC36,"%","")&"%"&CHAR(10))),"xxx") -> 物理伤害 {0} | AJ36: =_xlfn.IFNA(IF(AC36="xxx","xxx",IF(VLOOKUP(L36,$BE$8:$BK$260,7,FALSE)=1,AD36&CHAR(10),SUBSTITUTE(AD36,"%","")&"%"&CHAR(10))),"xxx") -> 所有伤害增加 {1}% | AK36: =_xlfn.IFNA(IF(AC36="xxx","xxx",IF(VLOOKUP(O36,$BE$8:$BK$260,7,FALSE)=1,AE36&CHAR(10),SUBSTITUTE(AE36,"%","")&"%"&CHAR(10))),"xxx") -> 命中率 {2}% | AL36: =_xlfn.IFNA(IF(AC36="xxx","xxx",IF(VLOOKUP(R36,$BE$8:$BK$260,7,FALSE)=1,AF36&CHAR(10),SUBSTITUTE(AF36,"%","")&"%"&CHAR(10))),"xxx") -> xxx% | AM36: =_xlfn.IFNA(IF(AC36="xxx","xxx",IF(VLOOKUP(U36,$BE$8:$BK$260,7,FALSE)=1,AG36&CHAR(10),SUBSTITUTE(AG36,"%","")&"%"&CHAR(10))),"xxx") -> xxx | AN36: =_xlfn.IFNA(IF(AC36="xxx","xxx",IF(VLOOKUP(X36,$BE$8:$BK$260,7,FALSE)=1,AH36&CHAR(10),SUBSTITUTE(AH36,"%","")&"%"&CHAR(10))),"xxx") -> xxx | AO36: =_xlfn.CONCAT(AI36:AN36) -> 物理伤害 {0} 所有伤害增加 {1}% 命中率 {2}% xxx% xxxxxx | AP36: =SUBSTITUTE(AO36,"xxx","") -> 物理伤害 {0} 所有伤害增加 {1}% 命中率 {2}% % | AQ36: 近战伤害对流血的敌人提高 50% 武器攻击吸血+1 暴击无法吸血 暴击时有 30% 的几率致盲敌人 暴击时有 50% 的几率造成流血 | AR36: =IFERROR(IF(AP36="",AQ36,AP36),AP36) -> 物理伤害 {0} 所有伤害增加 {1}% 命中率 {2}% % | AS36: =IF(AR36<>AQ36,IF(ISNUMBER(SEARCH(CHAR(10),AR36)),SUBSTITUTE(AR36,CHAR(10),"",LEN(AR36)-LEN(SUBSTITUTE(AR36,CHAR(10),""))),AR36),AR36) -> 物理伤害 {0} 所有伤害增加 {1}% 命中率 {2}% % | BE36: 混沌减抗% | BF36: 百分比 | BG36: 225 | BH36: 5 | BI36: =COUNTIF($I$8:$I$1040,BE36)/COUNT($C$8:$C$1040)+COUNTIF($L$8:$L$1040,BE36)/COUNT($C$8:$C$1040)+COUNTIF($O$8:$O$1040,BE36)/COUNT($C$8:$C$1040)+COUNTIF($R$8:$R$1040,BE36)/COUNT($C$8:$C$1040)+COUNTIF($U$8:$U$1040,BE36)/COUNT($C$8:$C$1040)+COUNTIF($X$8:$X$1040,BE36)/COUNT($C$8:$C$1040) -> 0.039215686 | BK36: 2
C37: 14723 | D37: 暮光吞噬者 | E37: 6 | F37: 双手剑 | H37: 12 | I37: 击杀加伤害 | J37: 5 | K37: 0.2 | L37: 命中率% | M37: 3 | N37: 0.2 | O37: 击杀掉落经验碎片 | P37: 3 | Q37: 0.2 | R37: 暴击率增幅 | S37: 1 | T37: 0.2 | AA37: ="1:"&IF(I37<>"",VLOOKUP(I37,$BE$8:$BH$260,3,FALSE)&","&VLOOKUP(I37,$BE$8:$BH$260,4,FALSE)*(1-K37)*J37&","&VLOOKUP(I37,$BE$8:$BH$260,4,FALSE)*(1+K37)*J37&",","xxx")&IF(L37<>"",VLOOKUP(L37,$BE$8:$BH$260,3,FALSE)&","&VLOOKUP(L37,$BE$8:$BH$260,4,FALSE)*(1-N37)*M37&","&VLOOKUP(L37,$BE$8:$BH$260,4,FALSE)*(1+N37)*M37&",","xxx")&IF(O37<>"",VLOOKUP(O37,$BE$8:$BH$260,3,FALSE)&","&VLOOKUP(O37,$BE$8:$BH$260,4,FALSE)*(1-Q37)*P37&","&VLOOKUP(O37,$BE$8:$BH$260,4,FALSE)*(1+Q37)*P37&",","xxx")&IF(R37<>"",VLOOKUP(R37,$BE$8:$BH$260,3,FALSE)&","&VLOOKUP(R37,$BE$8:$BH$260,4,FALSE)*(1-T37)*S37&","&VLOOKUP(R37,$BE$8:$BH$260,4,FALSE)*(1+T37)*S37&",","xxx")&IF(U37<>"",VLOOKUP(U37,$BE$8:$BH$260,3,FALSE)&","&VLOOKUP(U37,$BE$8:$BH$260,4,FALSE)*(1-W37)*V37&","&VLOOKUP(U37,$BE$8:$BH$260,4,FALSE)*(1+W37)*V37&",","xxx")&IF(X37<>"",VLOOKUP(X37,$BE$8:$BH$260,3,FALSE)&","&VLOOKUP(X37,$BE$8:$BH$260,4,FALSE)*(1-Z37)*Y37&","&VLOOKUP(X37,$BE$8:$BH$260,4,FALSE)*(1+Z37)*Y37&",","xxx") -> 1:601,4,6,226,24,36,422,24,36,257,8,12,xxxxxx | AB37: =IF(LEFT(SUBSTITUTE(AA37,"x",""),LEN(SUBSTITUTE(AA37,"x",""))-1)="1","",LEFT(SUBSTITUTE(AA37,"x",""),LEN(SUBSTITUTE(AA37,"x",""))-1)) -> 1:601,4,6,226,24,36,422,24,36,257,8,12 | AC37: =IF(J37>0,I37&" "&"{"&J$6&"}","xxx") -> 击杀加伤害 {0} | AD37: =IF(M37>0,L37&" "&"{"&M$6&"}","xxx") -> 命中率% {1} | AE37: =IF(P37>0,O37&" "&"{"&P$6&"}","xxx") -> 击杀掉落经验碎片 {2} | AF37: =IF(S37>0,R37&" "&"{"&S$6&"}","xxx") -> 暴击率增幅 {3} | AG37: =IF(V37>0,U37&" "&"{"&V$6&"}","xxx") -> xxx | AH37: =IF(Y37>0,X37&" "&"{"&Y$6&"}","xxx") -> xxx | AI37: =_xlfn.IFNA(IF(AC37="xxx","xxx",IF(VLOOKUP(I37,$BE$8:$BK$260,7,FALSE)=1,AC37&CHAR(10),SUBSTITUTE(AC37,"%","")&"%"&CHAR(10))),"xxx") -> 击杀加伤害 {0}% | AJ37: =_xlfn.IFNA(IF(AC37="xxx","xxx",IF(VLOOKUP(L37,$BE$8:$BK$260,7,FALSE)=1,AD37&CHAR(10),SUBSTITUTE(AD37,"%","")&"%"&CHAR(10))),"xxx") -> 命中率 {1}% | AK37: =_xlfn.IFNA(IF(AC37="xxx","xxx",IF(VLOOKUP(O37,$BE$8:$BK$260,7,FALSE)=1,AE37&CHAR(10),SUBSTITUTE(AE37,"%","")&"%"&CHAR(10))),"xxx") -> 击杀掉落经验碎片 {2}% | AL37: =_xlfn.IFNA(IF(AC37="xxx","xxx",IF(VLOOKUP(R37,$BE$8:$BK$260,7,FALSE)=1,AF37&CHAR(10),SUBSTITUTE(AF37,"%","")&"%"&CHAR(10))),"xxx") -> 暴击率增幅 {3}% | AM37: =_xlfn.IFNA(IF(AC37="xxx","xxx",IF(VLOOKUP(U37,$BE$8:$BK$260,7,FALSE)=1,AG37&CHAR(10),SUBSTITUTE(AG37,"%","")&"%"&CHAR(10))),"xxx") -> xxx | AN37: =_xlfn.IFNA(IF(AC37="xxx","xxx",IF(VLOOKUP(X37,$BE$8:$BK$260,7,FALSE)=1,AH37&CHAR(10),SUBSTITUTE(AH37,"%","")&"%"&CHAR(10))),"xxx") -> xxx | AO37: =_xlfn.CONCAT(AI37:AN37) -> 击杀加伤害 {0}% 命中率 {1}% 击杀掉落经验碎片 {2}% 暴击率增幅 {3}% xxxxxx | AP37: =SUBSTITUTE(AO37,"xxx","") -> 击杀加伤害 {0}% 命中率 {1}% 击杀掉落经验碎片 {2}% 暴击率增幅 {3}% | AQ37: 召唤生物的最大生命提高 (30–40)% 召唤物的持续时间延长 (50–100)% 召唤物的伤害提高 (30–40)% +1 【召唤骷髅】数量上限 | AR37: =IFERROR(IF(AP37="",AQ37,AP37),AP37) -> 击杀加伤害 {0}% 命中率 {1}% 击杀掉落经验碎片 {2}% 暴击率增幅 {3}% | AS37: =IF(AR37<>AQ37,IF(ISNUMBER(SEARCH(CHAR(10),AR37)),SUBSTITUTE(AR37,CHAR(10),"",LEN(AR37)-LEN(SUBSTITUTE(AR37,CHAR(10),""))),AR37),AR37) -> 击杀加伤害 {0}% 命中率 {1}% 击杀掉落经验碎片 {2}% 暴击率增幅 {3}% | BE37: 命中率% | BF37: 百分比 | BG37: 226 | BH37: 10 | BI37: =COUNTIF($I$8:$I$1040,BE37)/COUNT($C$8:$C$1040)+COUNTIF($L$8:$L$1040,BE37)/COUNT($C$8:$C$1040)+COUNTIF($O$8:$O$1040,BE37)/COUNT($C$8:$C$1040)+COUNTIF($R$8:$R$1040,BE37)/COUNT($C$8:$C$1040)+COUNTIF($U$8:$U$1040,BE37)/COUNT($C$8:$C$1040)+COUNTIF($X$8:$X$1040,BE37)/COUNT($C$8:$C$1040) -> 0.058823529 | BK37: 2
C38: 14724 | D38: 摧残之镰 | F38: 长柄 | H38: 0 | AA38: ="1:"&IF(I38<>"",VLOOKUP(I38,$BE$8:$BH$260,3,FALSE)&","&VLOOKUP(I38,$BE$8:$BH$260,4,FALSE)*(1-K38)*J38&","&VLOOKUP(I38,$BE$8:$BH$260,4,FALSE)*(1+K38)*J38&",","xxx")&IF(L38<>"",VLOOKUP(L38,$BE$8:$BH$260,3,FALSE)&","&VLOOKUP(L38,$BE$8:$BH$260,4,FALSE)*(1-N38)*M38&","&VLOOKUP(L38,$BE$8:$BH$260,4,FALSE)*(1+N38)*M38&",","xxx")&IF(O38<>"",VLOOKUP(O38,$BE$8:$BH$260,3,FALSE)&","&VLOOKUP(O38,$BE$8:$BH$260,4,FALSE)*(1-Q38)*P38&","&VLOOKUP(O38,$BE$8:$BH$260,4,FALSE)*(1+Q38)*P38&",","xxx")&IF(R38<>"",VLOOKUP(R38,$BE$8:$BH$260,3,FALSE)&","&VLOOKUP(R38,$BE$8:$BH$260,4,FALSE)*(1-T38)*S38&","&VLOOKUP(R38,$BE$8:$BH$260,4,FALSE)*(1+T38)*S38&",","xxx")&IF(U38<>"",VLOOKUP(U38,$BE$8:$BH$260,3,FALSE)&","&VLOOKUP(U38,$BE$8:$BH$260,4,FALSE)*(1-W38)*V38&","&VLOOKUP(U38,$BE$8:$BH$260,4,FALSE)*(1+W38)*V38&",","xxx")&IF(X38<>"",VLOOKUP(X38,$BE$8:$BH$260,3,FALSE)&","&VLOOKUP(X38,$BE$8:$BH$260,4,FALSE)*(1-Z38)*Y38&","&VLOOKUP(X38,$BE$8:$BH$260,4,FALSE)*(1+Z38)*Y38&",","xxx") -> 1:xxxxxxxxxxxxxxxxxx | AB38: =IF(LEFT(SUBSTITUTE(AA38,"x",""),LEN(SUBSTITUTE(AA38,"x",""))-1)="1","",LEFT(SUBSTITUTE(AA38,"x",""),LEN(SUBSTITUTE(AA38,"x",""))-1)) | AC38: =IF(J38>0,I38&" "&"{"&J$6&"}","xxx") -> xxx | AD38: =IF(M38>0,L38&" "&"{"&M$6&"}","xxx") -> xxx | AE38: =IF(P38>0,O38&" "&"{"&P$6&"}","xxx") -> xxx | AF38: =IF(S38>0,R38&" "&"{"&S$6&"}","xxx") -> xxx | AG38: =IF(V38>0,U38&" "&"{"&V$6&"}","xxx") -> xxx | AH38: =IF(Y38>0,X38&" "&"{"&Y$6&"}","xxx") -> xxx | AI38: =_xlfn.IFNA(IF(AC38="xxx","xxx",IF(VLOOKUP(I38,$BE$8:$BK$260,7,FALSE)=1,AC38&CHAR(10),SUBSTITUTE(AC38,"%","")&"%"&CHAR(10))),"xxx") -> xxx | AJ38: =_xlfn.IFNA(IF(AC38="xxx","xxx",IF(VLOOKUP(L38,$BE$8:$BK$260,7,FALSE)=1,AD38&CHAR(10),SUBSTITUTE(AD38,"%","")&"%"&CHAR(10))),"xxx") -> xxx | AK38: =_xlfn.IFNA(IF(AC38="xxx","xxx",IF(VLOOKUP(O38,$BE$8:$BK$260,7,FALSE)=1,AE38&CHAR(10),SUBSTITUTE(AE38,"%","")&"%"&CHAR(10))),"xxx") -> xxx | AL38: =_xlfn.IFNA(IF(AC38="xxx","xxx",IF(VLOOKUP(R38,$BE$8:$BK$260,7,FALSE)=1,AF38&CHAR(10),SUBSTITUTE(AF38,"%","")&"%"&CHAR(10))),"xxx") -> xxx | AM38: =_xlfn.IFNA(IF(AC38="xxx","xxx",IF(VLOOKUP(U38,$BE$8:$BK$260,7,FALSE)=1,AG38&CHAR(10),SUBSTITUTE(AG38,"%","")&"%"&CHAR(10))),"xxx") -> xxx | AN38: =_xlfn.IFNA(IF(AC38="xxx","xxx",IF(VLOOKUP(X38,$BE$8:$BK$260,7,FALSE)=1,AH38&CHAR(10),SUBSTITUTE(AH38,"%","")&"%"&CHAR(10))),"xxx") -> xxx | AO38: =_xlfn.CONCAT(AI38:AN38) -> xxxxxxxxxxxxxxxxxx | AP38: =SUBSTITUTE(AO38,"xxx","") | AQ38: 自身元素抗性减少{0}% 元素伤害提升{1}% | AR38: =IFERROR(IF(AP38="",AQ38,AP38),AP38) -> 自身元素抗性减少{0}% 元素伤害提升{1}% | AS38: =IF(AR38<>AQ38,IF(ISNUMBER(SEARCH(CHAR(10),AR38)),SUBSTITUTE(AR38,CHAR(10),"",LEN(AR38)-LEN(SUBSTITUTE(AR38,CHAR(10),""))),AR38),AR38) -> 自身元素抗性减少{0}% 元素伤害提升{1}% | BE38: 物理减抗% | BF38: 百分比 | BG38: 227 | BH38: 5 | BI38: =COUNTIF($I$8:$I$1040,BE38)/COUNT($C$8:$C$1040)+COUNTIF($L$8:$L$1040,BE38)/COUNT($C$8:$C$1040)+COUNTIF($O$8:$O$1040,BE38)/COUNT($C$8:$C$1040)+COUNTIF($R$8:$R$1040,BE38)/COUNT($C$8:$C$1040)+COUNTIF($U$8:$U$1040,BE38)/COUNT($C$8:$C$1040)+COUNTIF($X$8:$X$1040,BE38)/COUNT($C$8:$C$1040) -> 0.019607843 | BK38: 2
C39: 14725 | D39: 魔像戟 | F39: 长柄 | H39: 13 | I39: 召唤物生命值% | J39: 2 | K39: 0.2 | L39: 召唤物百分比回血 | M39: 5 | N39: 0.2 | O39: 召唤物冰霜伤害% | P39: 2 | Q39: 0 | R39: 召唤物火焰伤害% | S39: 2 | T39: 0 | U39: 召唤物闪电伤害% | V39: 2 | W39: 0 | AA39: ="1:"&IF(I39<>"",VLOOKUP(I39,$BE$8:$BH$260,3,FALSE)&","&VLOOKUP(I39,$BE$8:$BH$260,4,FALSE)*(1-K39)*J39&","&VLOOKUP(I39,$BE$8:$BH$260,4,FALSE)*(1+K39)*J39&",","xxx")&IF(L39<>"",VLOOKUP(L39,$BE$8:$BH$260,3,FALSE)&","&VLOOKUP(L39,$BE$8:$BH$260,4,FALSE)*(1-N39)*M39&","&VLOOKUP(L39,$BE$8:$BH$260,4,FALSE)*(1+N39)*M39&",","xxx")&IF(O39<>"",VLOOKUP(O39,$BE$8:$BH$260,3,FALSE)&","&VLOOKUP(O39,$BE$8:$BH$260,4,FALSE)*(1-Q39)*P39&","&VLOOKUP(O39,$BE$8:$BH$260,4,FALSE)*(1+Q39)*P39&",","xxx")&IF(R39<>"",VLOOKUP(R39,$BE$8:$BH$260,3,FALSE)&","&VLOOKUP(R39,$BE$8:$BH$260,4,FALSE)*(1-T39)*S39&","&VLOOKUP(R39,$BE$8:$BH$260,4,FALSE)*(1+T39)*S39&",","xxx")&IF(U39<>"",VLOOKUP(U39,$BE$8:$BH$260,3,FALSE)&","&VLOOKUP(U39,$BE$8:$BH$260,4,FALSE)*(1-W39)*V39&","&VLOOKUP(U39,$BE$8:$BH$260,4,FALSE)*(1+W39)*V39&",","xxx")&IF(X39<>"",VLOOKUP(X39,$BE$8:$BH$260,3,FALSE)&","&VLOOKUP(X39,$BE$8:$BH$260,4,FALSE)*(1-Z39)*Y39&","&VLOOKUP(X39,$BE$8:$BH$260,4,FALSE)*(1+Z39)*Y39&",","xxx") -> 1:702,16,24,719,4,6,706,40,40,707,40,40,708,40,40,xxx | AB39: =IF(LEFT(SUBSTITUTE(AA39,"x",""),LEN(SUBSTITUTE(AA39,"x",""))-1)="1","",LEFT(SUBSTITUTE(AA39,"x",""),LEN(SUBSTITUTE(AA39,"x",""))-1)) -> 1:702,16,24,719,4,6,706,40,40,707,40,40,708,40,40 | AC39: =IF(J39>0,I39&" "&"{"&J$6&"}","xxx") -> 召唤物生命值% {0} | AD39: =IF(M39>0,L39&" "&"{"&M$6&"}","xxx") -> 召唤物百分比回血 {1} | AE39: =IF(P39>0,O39&" "&"{"&P$6&"}","xxx") -> 召唤物冰霜伤害% {2} | AF39: =IF(S39>0,R39&" "&"{"&S$6&"}","xxx") -> 召唤物火焰伤害% {3} | AG39: =IF(V39>0,U39&" "&"{"&V$6&"}","xxx") -> 召唤物闪电伤害% {4} | AH39: =IF(Y39>0,X39&" "&"{"&Y$6&"}","xxx") -> xxx | AI39: =_xlfn.IFNA(IF(AC39="xxx","xxx",IF(VLOOKUP(I39,$BE$8:$BK$260,7,FALSE)=1,AC39&CHAR(10),SUBSTITUTE(AC39,"%","")&"%"&CHAR(10))),"xxx") -> 召唤物生命值 {0}% | AJ39: =_xlfn.IFNA(IF(AC39="xxx","xxx",IF(VLOOKUP(L39,$BE$8:$BK$260,7,FALSE)=1,AD39&CHAR(10),SUBSTITUTE(AD39,"%","")&"%"&CHAR(10))),"xxx") -> 召唤物百分比回血 {1}% | AK39: =_xlfn.IFNA(IF(AC39="xxx","xxx",IF(VLOOKUP(O39,$BE$8:$BK$260,7,FALSE)=1,AE39&CHAR(10),SUBSTITUTE(AE39,"%","")&"%"&CHAR(10))),"xxx") -> 召唤物冰霜伤害 {2}% | AL39: =_xlfn.IFNA(IF(AC39="xxx","xxx",IF(VLOOKUP(R39,$BE$8:$BK$260,7,FALSE)=1,AF39&CHAR(10),SUBSTITUTE(AF39,"%","")&"%"&CHAR(10))),"xxx") -> 召唤物火焰伤害 {3}% | AM39: =_xlfn.IFNA(IF(AC39="xxx","xxx",IF(VLOOKUP(U39,$BE$8:$BK$260,7,FALSE)=1,AG39&CHAR(10),SUBSTITUTE(AG39,"%","")&"%"&CHAR(10))),"xxx") -> 召唤物闪电伤害 {4}% | AN39: =_xlfn.IFNA(IF(AC39="xxx","xxx",IF(VLOOKUP(X39,$BE$8:$BK$260,7,FALSE)=1,AH39&CHAR(10),SUBSTITUTE(AH39,"%","")&"%"&CHAR(10))),"xxx") -> xxx | AO39: =_xlfn.CONCAT(AI39:AN39) -> 召唤物生命值 {0}% 召唤物百分比回血 {1}% 召唤物冰霜伤害 {2}% 召唤物火焰伤害 {3}% 召唤物闪电伤害 {4}% xxx | AP39: =SUBSTITUTE(AO39,"xxx","") -> 召唤物生命值 {0}% 召唤物百分比回血 {1}% 召唤物冰霜伤害 {2}% 召唤物火焰伤害 {3}% 召唤物闪电伤害 {4}% | AQ39: 魔像的数量上限+1 魔像的攻击力+50%~100% | AR39: =IFERROR(IF(AP39="",AQ39,AP39),AP39) -> 召唤物生命值 {0}% 召唤物百分比回血 {1}% 召唤物冰霜伤害 {2}% 召唤物火焰伤害 {3}% 召唤物闪电伤害 {4}% | AS39: =IF(AR39<>AQ39,IF(ISNUMBER(SEARCH(CHAR(10),AR39)),SUBSTITUTE(AR39,CHAR(10),"",LEN(AR39)-LEN(SUBSTITUTE(AR39,CHAR(10),""))),AR39),AR39) -> 召唤物生命值 {0}% 召唤物百分比回血 {1}% 召唤物冰霜伤害 {2}% 召唤物火焰伤害 {3}% 召唤物闪电伤害 {4}% | BE39: 附加物理伤害 | BF39: 固定值 | BG39: 228 | BH39: 10 | BI39: =COUNTIF($I$8:$I$1040,BE39)/COUNT($C$8:$C$1040)+COUNTIF($L$8:$L$1040,BE39)/COUNT($C$8:$C$1040)+COUNTIF($O$8:$O$1040,BE39)/COUNT($C$8:$C$1040)+COUNTIF($R$8:$R$1040,BE39)/COUNT($C$8:$C$1040)+COUNTIF($U$8:$U$1040,BE39)/COUNT($C$8:$C$1040)+COUNTIF($X$8:$X$1040,BE39)/COUNT($C$8:$C$1040) -> 0.0032679739 | BK39: 2
C40: 14726 | D40: 猎神之弓 | E40: 2 | F40: 弓 | H40: 12 | I40: 敏捷 | J40: 3 | K40: 0.2 | L40: 攻击速度% | M40: 3 | N40: 0.2 | O40: 命中率% | P40: 3 | Q40: 0.2 | R40: 召唤物最终伤害 | S40: 3 | T40: 0.2 | AA40: ="1:"&IF(I40<>"",VLOOKUP(I40,$BE$8:$BH$260,3,FALSE)&","&VLOOKUP(I40,$BE$8:$BH$260,4,FALSE)*(1-K40)*J40&","&VLOOKUP(I40,$BE$8:$BH$260,4,FALSE)*(1+K40)*J40&",","xxx")&IF(L40<>"",VLOOKUP(L40,$BE$8:$BH$260,3,FALSE)&","&VLOOKUP(L40,$BE$8:$BH$260,4,FALSE)*(1-N40)*M40&","&VLOOKUP(L40,$BE$8:$BH$260,4,FALSE)*(1+N40)*M40&",","xxx")&IF(O40<>"",VLOOKUP(O40,$BE$8:$BH$260,3,FALSE)&","&VLOOKUP(O40,$BE$8:$BH$260,4,FALSE)*(1-Q40)*P40&","&VLOOKUP(O40,$BE$8:$BH$260,4,FALSE)*(1+Q40)*P40&",","xxx")&IF(R40<>"",VLOOKUP(R40,$BE$8:$BH$260,3,FALSE)&","&VLOOKUP(R40,$BE$8:$BH$260,4,FALSE)*(1-T40)*S40&","&VLOOKUP(R40,$BE$8:$BH$260,4,FALSE)*(1+T40)*S40&",","xxx")&IF(U40<>"",VLOOKUP(U40,$BE$8:$BH$260,3,FALSE)&","&VLOOKUP(U40,$BE$8:$BH$260,4,FALSE)*(1-W40)*V40&","&VLOOKUP(U40,$BE$8:$BH$260,4,FALSE)*(1+W40)*V40&",","xxx")&IF(X40<>"",VLOOKUP(X40,$BE$8:$BH$260,3,FALSE)&","&VLOOKUP(X40,$BE$8:$BH$260,4,FALSE)*(1-Z40)*Y40&","&VLOOKUP(X40,$BE$8:$BH$260,4,FALSE)*(1+Z40)*Y40&",","xxx") -> 1:102,24,36,217,24,36,226,24,36,721,24,36,xxxxxx | AB40: =IF(LEFT(SUBSTITUTE(AA40,"x",""),LEN(SUBSTITUTE(AA40,"x",""))-1)="1","",LEFT(SUBSTITUTE(AA40,"x",""),LEN(SUBSTITUTE(AA40,"x",""))-1)) -> 1:102,24,36,217,24,36,226,24,36,721,24,36 | AC40: =IF(J40>0,I40&" "&"{"&J$6&"}","xxx") -> 敏捷 {0} | AD40: =IF(M40>0,L40&" "&"{"&M$6&"}","xxx") -> 攻击速度% {1} | AE40: =IF(P40>0,O40&" "&"{"&P$6&"}","xxx") -> 命中率% {2} | AF40: =IF(S40>0,R40&" "&"{"&S$6&"}","xxx") -> 召唤物最终伤害 {3} | AG40: =IF(V40>0,U40&" "&"{"&V$6&"}","xxx") -> xxx | AH40: =IF(Y40>0,X40&" "&"{"&Y$6&"}","xxx") -> xxx | AI40: =_xlfn.IFNA(IF(AC40="xxx","xxx",IF(VLOOKUP(I40,$BE$8:$BK$260,7,FALSE)=1,AC40&CHAR(10),SUBSTITUTE(AC40,"%","")&"%"&CHAR(10))),"xxx") -> 敏捷 {0} | AJ40: =_xlfn.IFNA(IF(AC40="xxx","xxx",IF(VLOOKUP(L40,$BE$8:$BK$260,7,FALSE)=1,AD40&CHAR(10),SUBSTITUTE(AD40,"%","")&"%"&CHAR(10))),"xxx") -> 攻击速度 {1}% | AK40: =_xlfn.IFNA(IF(AC40="xxx","xxx",IF(VLOOKUP(O40,$BE$8:$BK$260,7,FALSE)=1,AE40&CHAR(10),SUBSTITUTE(AE40,"%","")&"%"&CHAR(10))),"xxx") -> 命中率 {2}% | AL40: =_xlfn.IFNA(IF(AC40="xxx","xxx",IF(VLOOKUP(R40,$BE$8:$BK$260,7,FALSE)=1,AF40&CHAR(10),SUBSTITUTE(AF40,"%","")&"%"&CHAR(10))),"xxx") -> 召唤物最终伤害 {3}% | AM40: =_xlfn.IFNA(IF(AC40="xxx","xxx",IF(VLOOKUP(U40,$BE$8:$BK$260,7,FALSE)=1,AG40&CHAR(10),SUBSTITUTE(AG40,"%","")&"%"&CHAR(10))),"xxx") -> xxx | AN40: =_xlfn.IFNA(IF(AC40="xxx","xxx",IF(VLOOKUP(X40,$BE$8:$BK$260,7,FALSE)=1,AH40&CHAR(10),SUBSTITUTE(AH40,"%","")&"%"&CHAR(10))),"xxx") -> xxx | AO40: =_xlfn.CONCAT(AI40:AN40) -> 敏捷 {0} 攻击速度 {1}% 命中率 {2}% 召唤物最终伤害 {3}% xxxxxx | AP40: =SUBSTITUTE(AO40,"xxx","") -> 敏捷 {0} 攻击速度 {1}% 命中率 {2}% 召唤物最终伤害 {3}% | AQ40: 暴击率+（8%~15%） 暴击伤害+（30%~50%） 弓类攻击发射 2 支额外箭矢 | AR40: =IFERROR(IF(AP40="",AQ40,AP40),AP40) -> 敏捷 {0} 攻击速度 {1}% 命中率 {2}% 召唤物最终伤害 {3}% | AS40: =IF(AR40<>AQ40,IF(ISNUMBER(SEARCH(CHAR(10),AR40)),SUBSTITUTE(AR40,CHAR(10),"",LEN(AR40)-LEN(SUBSTITUTE(AR40,CHAR(10),""))),AR40),AR40) -> 敏捷 {0} 攻击速度 {1}% 命中率 {2}% 召唤物最终伤害 {3}% | BE40: 附加冰霜伤害 | BF40: 固定值 | BG40: 229 | BH40: 10 | BI40: =COUNTIF($I$8:$I$1040,BE40)/COUNT($C$8:$C$1040)+COUNTIF($L$8:$L$1040,BE40)/COUNT($C$8:$C$1040)+COUNTIF($O$8:$O$1040,BE40)/COUNT($C$8:$C$1040)+COUNTIF($R$8:$R$1040,BE40)/COUNT($C$8:$C$1040)+COUNTIF($U$8:$U$1040,BE40)/COUNT($C$8:$C$1040)+COUNTIF($X$8:$X$1040,BE40)/COUNT($C$8:$C$1040) -> 0.026143791 | BK40: 2
C41: 14727 | D41: 连锁之弓 | F41: 弓 | H41: 12 | I41: 闪电伤害% | J41: 3 | K41: 0.2 | L41: 冷却缩减% | M41: 4 | N41: 0.25 | O41: 拾取范围% | P41: 2 | Q41: 0.2 | R41: 子弹数量 | S41: 2 | T41: 0 | U41: 附加闪电伤害 | V41: 1 | W41: 0.2 | AA41: ="1:"&IF(I41<>"",VLOOKUP(I41,$BE$8:$BH$260,3,FALSE)&","&VLOOKUP(I41,$BE$8:$BH$260,4,FALSE)*(1-K41)*J41&","&VLOOKUP(I41,$BE$8:$BH$260,4,FALSE)*(1+K41)*J41&",","xxx")&IF(L41<>"",VLOOKUP(L41,$BE$8:$BH$260,3,FALSE)&","&VLOOKUP(L41,$BE$8:$BH$260,4,FALSE)*(1-N41)*M41&","&VLOOKUP(L41,$BE$8:$BH$260,4,FALSE)*(1+N41)*M41&",","xxx")&IF(O41<>"",VLOOKUP(O41,$BE$8:$BH$260,3,FALSE)&","&VLOOKUP(O41,$BE$8:$BH$260,4,FALSE)*(1-Q41)*P41&","&VLOOKUP(O41,$BE$8:$BH$260,4,FALSE)*(1+Q41)*P41&",","xxx")&IF(R41<>"",VLOOKUP(R41,$BE$8:$BH$260,3,FALSE)&","&VLOOKUP(R41,$BE$8:$BH$260,4,FALSE)*(1-T41)*S41&","&VLOOKUP(R41,$BE$8:$BH$260,4,FALSE)*(1+T41)*S41&",","xxx")&IF(U41<>"",VLOOKUP(U41,$BE$8:$BH$260,3,FALSE)&","&VLOOKUP(U41,$BE$8:$BH$260,4,FALSE)*(1-W41)*V41&","&VLOOKUP(U41,$BE$8:$BH$260,4,FALSE)*(1+W41)*V41&",","xxx")&IF(X41<>"",VLOOKUP(X41,$BE$8:$BH$260,3,FALSE)&","&VLOOKUP(X41,$BE$8:$BH$260,4,FALSE)*(1-Z41)*Y41&","&VLOOKUP(X41,$BE$8:$BH$260,4,FALSE)*(1+Z41)*Y41&",","xxx") -> 1:215,24,36,409,15,25,407,32,48,404,1,1,231,8,12,xxx | AB41: =IF(LEFT(SUBSTITUTE(AA41,"x",""),LEN(SUBSTITUTE(AA41,"x",""))-1)="1","",LEFT(SUBSTITUTE(AA41,"x",""),LEN(SUBSTITUTE(AA41,"x",""))-1)) -> 1:215,24,36,409,15,25,407,32,48,404,1,1,231,8,12 | AC41: =IF(J41>0,I41&" "&"{"&J$6&"}","xxx") -> 闪电伤害% {0} | AD41: =IF(M41>0,L41&" "&"{"&M$6&"}","xxx") -> 冷却缩减% {1} | AE41: =IF(P41>0,O41&" "&"{"&P$6&"}","xxx") -> 拾取范围% {2} | AF41: =IF(S41>0,R41&" "&"{"&S$6&"}","xxx") -> 子弹数量 {3} | AG41: =IF(V41>0,U41&" "&"{"&V$6&"}","xxx") -> 附加闪电伤害 {4} | AH41: =IF(Y41>0,X41&" "&"{"&Y$6&"}","xxx") -> xxx | AI41: =_xlfn.IFNA(IF(AC41="xxx","xxx",IF(VLOOKUP(I41,$BE$8:$BK$260,7,FALSE)=1,AC41&CHAR(10),SUBSTITUTE(AC41,"%","")&"%"&CHAR(10))),"xxx") -> 闪电伤害 {0}% | AJ41: =_xlfn.IFNA(IF(AC41="xxx","xxx",IF(VLOOKUP(L41,$BE$8:$BK$260,7,FALSE)=1,AD41&CHAR(10),SUBSTITUTE(AD41,"%","")&"%"&CHAR(10))),"xxx") -> 冷却缩减 {1}% | AK41: =_xlfn.IFNA(IF(AC41="xxx","xxx",IF(VLOOKUP(O41,$BE$8:$BK$260,7,FALSE)=1,AE41&CHAR(10),SUBSTITUTE(AE41,"%","")&"%"&CHAR(10))),"xxx") -> 拾取范围 {2}% | AL41: =_xlfn.IFNA(IF(AC41="xxx","xxx",IF(VLOOKUP(R41,$BE$8:$BK$260,7,FALSE)=1,AF41&CHAR(10),SUBSTITUTE(AF41,"%","")&"%"&CHAR(10))),"xxx") -> 子弹数量 {3} | AM41: =_xlfn.IFNA(IF(AC41="xxx","xxx",IF(VLOOKUP(U41,$BE$8:$BK$260,7,FALSE)=1,AG41&CHAR(10),SUBSTITUTE(AG41,"%","")&"%"&CHAR(10))),"xxx") -> 附加闪电伤害 {4}% | AN41: =_xlfn.IFNA(IF(AC41="xxx","xxx",IF(VLOOKUP(X41,$BE$8:$BK$260,7,FALSE)=1,AH41&CHAR(10),SUBSTITUTE(AH41,"%","")&"%"&CHAR(10))),"xxx") -> xxx | AO41: =_xlfn.CONCAT(AI41:AN41) -> 闪电伤害 {0}% 冷却缩减 {1}% 拾取范围 {2}% 子弹数量 {3} 附加闪电伤害 {4}% xxx | AP41: =SUBSTITUTE(AO41,"xxx","") -> 闪电伤害 {0}% 冷却缩减 {1}% 拾取范围 {2}% 子弹数量 {3} 附加闪电伤害 {4}% | AQ41: 武器攻击的物理伤害+（30%~50%） 武器攻击的元素伤害+（30%~50%） 武器攻击的投射物 连锁弹射+2 | AR41: =IFERROR(IF(AP41="",AQ41,AP41),AP41) -> 闪电伤害 {0}% 冷却缩减 {1}% 拾取范围 {2}% 子弹数量 {3} 附加闪电伤害 {4}% | AS41: =IF(AR41<>AQ41,IF(ISNUMBER(SEARCH(CHAR(10),AR41)),SUBSTITUTE(AR41,CHAR(10),"",LEN(AR41)-LEN(SUBSTITUTE(AR41,CHAR(10),""))),AR41),AR41) -> 闪电伤害 {0}% 冷却缩减 {1}% 拾取范围 {2}% 子弹数量 {3} 附加闪电伤害 {4}% | BE41: 附加火焰伤害 | BF41: 固定值 | BG41: 230 | BH41: 10 | BI41: =COUNTIF($I$8:$I$1040,BE41)/COUNT($C$8:$C$1040)+COUNTIF($L$8:$L$1040,BE41)/COUNT($C$8:$C$1040)+COUNTIF($O$8:$O$1040,BE41)/COUNT($C$8:$C$1040)+COUNTIF($R$8:$R$1040,BE41)/COUNT($C$8:$C$1040)+COUNTIF($U$8:$U$1040,BE41)/COUNT($C$8:$C$1040)+COUNTIF($X$8:$X$1040,BE41)/COUNT($C$8:$C$1040) -> 0.032679739 | BK41: 2
C42: 14728 | D42: 贯穿之弓 | E42: 3 | F42: 弓 | H42: 12 | I42: 攻击速度% | J42: 3 | K42: 0.2 | L42: 子弹穿刺 | M42: 4 | N42: 0 | O42: 子弹数量 | P42: 2 | Q42: 0 | R42: 物理伤害% | S42: 1 | T42: 0.2 | U42: 物理减抗% | V42: 2 | W42: 0.2 | AA42: ="1:"&IF(I42<>"",VLOOKUP(I42,$BE$8:$BH$260,3,FALSE)&","&VLOOKUP(I42,$BE$8:$BH$260,4,FALSE)*(1-K42)*J42&","&VLOOKUP(I42,$BE$8:$BH$260,4,FALSE)*(1+K42)*J42&",","xxx")&IF(L42<>"",VLOOKUP(L42,$BE$8:$BH$260,3,FALSE)&","&VLOOKUP(L42,$BE$8:$BH$260,4,FALSE)*(1-N42)*M42&","&VLOOKUP(L42,$BE$8:$BH$260,4,FALSE)*(1+N42)*M42&",","xxx")&IF(O42<>"",VLOOKUP(O42,$BE$8:$BH$260,3,FALSE)&","&VLOOKUP(O42,$BE$8:$BH$260,4,FALSE)*(1-Q42)*P42&","&VLOOKUP(O42,$BE$8:$BH$260,4,FALSE)*(1+Q42)*P42&",","xxx")&IF(R42<>"",VLOOKUP(R42,$BE$8:$BH$260,3,FALSE)&","&VLOOKUP(R42,$BE$8:$BH$260,4,FALSE)*(1-T42)*S42&","&VLOOKUP(R42,$BE$8:$BH$260,4,FALSE)*(1+T42)*S42&",","xxx")&IF(U42<>"",VLOOKUP(U42,$BE$8:$BH$260,3,FALSE)&","&VLOOKUP(U42,$BE$8:$BH$260,4,FALSE)*(1-W42)*V42&","&VLOOKUP(U42,$BE$8:$BH$260,4,FALSE)*(1+W42)*V42&",","xxx")&IF(X42<>"",VLOOKUP(X42,$BE$8:$BH$260,3,FALSE)&","&VLOOKUP(X42,$BE$8:$BH$260,4,FALSE)*(1-Z42)*Y42&","&VLOOKUP(X42,$BE$8:$BH$260,4,FALSE)*(1+Z42)*Y42&",","xxx") -> 1:217,24,36,405,1,1,404,1,1,211,8,12,227,8,12,xxx | AB42: =IF(LEFT(SUBSTITUTE(AA42,"x",""),LEN(SUBSTITUTE(AA42,"x",""))-1)="1","",LEFT(SUBSTITUTE(AA42,"x",""),LEN(SUBSTITUTE(AA42,"x",""))-1)) -> 1:217,24,36,405,1,1,404,1,1,211,8,12,227,8,12 | AC42: =IF(J42>0,I42&" "&"{"&J$6&"}","xxx") -> 攻击速度% {0} | AD42: =IF(M42>0,L42&" "&"{"&M$6&"}","xxx") -> 子弹穿刺 {1} | AE42: =IF(P42>0,O42&" "&"{"&P$6&"}","xxx") -> 子弹数量 {2} | AF42: =IF(S42>0,R42&" "&"{"&S$6&"}","xxx") -> 物理伤害% {3} | AG42: =IF(V42>0,U42&" "&"{"&V$6&"}","xxx") -> 物理减抗% {4} | AH42: =IF(Y42>0,X42&" "&"{"&Y$6&"}","xxx") -> xxx | AI42: =_xlfn.IFNA(IF(AC42="xxx","xxx",IF(VLOOKUP(I42,$BE$8:$BK$260,7,FALSE)=1,AC42&CHAR(10),SUBSTITUTE(AC42,"%","")&"%"&CHAR(10))),"xxx") -> 攻击速度 {0}% | AJ42: =_xlfn.IFNA(IF(AC42="xxx","xxx",IF(VLOOKUP(L42,$BE$8:$BK$260,7,FALSE)=1,AD42&CHAR(10),SUBSTITUTE(AD42,"%","")&"%"&CHAR(10))),"xxx") -> 子弹穿刺 {1} | AK42: =_xlfn.IFNA(IF(AC42="xxx","xxx",IF(VLOOKUP(O42,$BE$8:$BK$260,7,FALSE)=1,AE42&CHAR(10),SUBSTITUTE(AE42,"%","")&"%"&CHAR(10))),"xxx") -> 子弹数量 {2} | AL42: =_xlfn.IFNA(IF(AC42="xxx","xxx",IF(VLOOKUP(R42,$BE$8:$BK$260,7,FALSE)=1,AF42&CHAR(10),SUBSTITUTE(AF42,"%","")&"%"&CHAR(10))),"xxx") -> 物理伤害 {3}% | AM42: =_xlfn.IFNA(IF(AC42="xxx","xxx",IF(VLOOKUP(U42,$BE$8:$BK$260,7,FALSE)=1,AG42&CHAR(10),SUBSTITUTE(AG42,"%","")&"%"&CHAR(10))),"xxx") -> 物理减抗 {4}% | AN42: =_xlfn.IFNA(IF(AC42="xxx","xxx",IF(VLOOKUP(X42,$BE$8:$BK$260,7,FALSE)=1,AH42&CHAR(10),SUBSTITUTE(AH42,"%","")&"%"&CHAR(10))),"xxx") -> xxx | AO42: =_xlfn.CONCAT(AI42:AN42) -> 攻击速度 {0}% 子弹穿刺 {1} 子弹数量 {2} 物理伤害 {3}% 物理减抗 {4}% xxx | AP42: =SUBSTITUTE(AO42,"xxx","") -> 攻击速度 {0}% 子弹穿刺 {1} 子弹数量 {2} 物理伤害 {3}% 物理减抗 {4}% | AQ42: 敏捷+（10~20） 生命值+（30~50） 箭矢投射物贯穿所有目标 | AR42: =IFERROR(IF(AP42="",AQ42,AP42),AP42) -> 攻击速度 {0}% 子弹穿刺 {1} 子弹数量 {2} 物理伤害 {3}% 物理减抗 {4}% | AS42: =IF(AR42<>AQ42,IF(ISNUMBER(SEARCH(CHAR(10),AR42)),SUBSTITUTE(AR42,CHAR(10),"",LEN(AR42)-LEN(SUBSTITUTE(AR42,CHAR(10),""))),AR42),AR42) -> 攻击速度 {0}% 子弹穿刺 {1} 子弹数量 {2} 物理伤害 {3}% 物理减抗 {4}% | BE42: 附加闪电伤害 | BF42: 固定值 | BG42: 231 | BH42: 10 | BI42: =COUNTIF($I$8:$I$1040,BE42)/COUNT($C$8:$C$1040)+COUNTIF($L$8:$L$1040,BE42)/COUNT($C$8:$C$1040)+COUNTIF($O$8:$O$1040,BE42)/COUNT($C$8:$C$1040)+COUNTIF($R$8:$R$1040,BE42)/COUNT($C$8:$C$1040)+COUNTIF($U$8:$U$1040,BE42)/COUNT($C$8:$C$1040)+COUNTIF($X$8:$X$1040,BE42)/COUNT($C$8:$C$1040) -> 0.016339869 | BK42: 2
C43: 14729 | D43: 星辰追猎者 | E43: 2 | F43: 弓 | H43: 12 | I43: 物理伤害 | J43: 3 | K43: 0.2 | L43: 物理伤害% | M43: 4 | N43: 0.25 | O43: 攻击速度% | P43: 3 | Q43: 0.2 | R43: 敏捷 | S43: 2 | T43: 0.25 | AA43: ="1:"&IF(I43<>"",VLOOKUP(I43,$BE$8:$BH$260,3,FALSE)&","&VLOOKUP(I43,$BE$8:$BH$260,4,FALSE)*(1-K43)*J43&","&VLOOKUP(I43,$BE$8:$BH$260,4,FALSE)*(1+K43)*J43&",","xxx")&IF(L43<>"",VLOOKUP(L43,$BE$8:$BH$260,3,FALSE)&","&VLOOKUP(L43,$BE$8:$BH$260,4,FALSE)*(1-N43)*M43&","&VLOOKUP(L43,$BE$8:$BH$260,4,FALSE)*(1+N43)*M43&",","xxx")&IF(O43<>"",VLOOKUP(O43,$BE$8:$BH$260,3,FALSE)&","&VLOOKUP(O43,$BE$8:$BH$260,4,FALSE)*(1-Q43)*P43&","&VLOOKUP(O43,$BE$8:$BH$260,4,FALSE)*(1+Q43)*P43&",","xxx")&IF(R43<>"",VLOOKUP(R43,$BE$8:$BH$260,3,FALSE)&","&VLOOKUP(R43,$BE$8:$BH$260,4,FALSE)*(1-T43)*S43&","&VLOOKUP(R43,$BE$8:$BH$260,4,FALSE)*(1+T43)*S43&",","xxx")&IF(U43<>"",VLOOKUP(U43,$BE$8:$BH$260,3,FALSE)&","&VLOOKUP(U43,$BE$8:$BH$260,4,FALSE)*(1-W43)*V43&","&VLOOKUP(U43,$BE$8:$BH$260,4,FALSE)*(1+W43)*V43&",","xxx")&IF(X43<>"",VLOOKUP(X43,$BE$8:$BH$260,3,FALSE)&","&VLOOKUP(X43,$BE$8:$BH$260,4,FALSE)*(1-Z43)*Y43&","&VLOOKUP(X43,$BE$8:$BH$260,4,FALSE)*(1+Z43)*Y43&",","xxx") -> 1:204,24,36,211,30,50,217,24,36,102,15,25,xxxxxx | AB43: =IF(LEFT(SUBSTITUTE(AA43,"x",""),LEN(SUBSTITUTE(AA43,"x",""))-1)="1","",LEFT(SUBSTITUTE(AA43,"x",""),LEN(SUBSTITUTE(AA43,"x",""))-1)) -> 1:204,24,36,211,30,50,217,24,36,102,15,25 | AC43: =IF(J43>0,I43&" "&"{"&J$6&"}","xxx") -> 物理伤害 {0} | AD43: =IF(M43>0,L43&" "&"{"&M$6&"}","xxx") -> 物理伤害% {1} | AE43: =IF(P43>0,O43&" "&"{"&P$6&"}","xxx") -> 攻击速度% {2} | AF43: =IF(S43>0,R43&" "&"{"&S$6&"}","xxx") -> 敏捷 {3} | AG43: =IF(V43>0,U43&" "&"{"&V$6&"}","xxx") -> xxx | AH43: =IF(Y43>0,X43&" "&"{"&Y$6&"}","xxx") -> xxx | AI43: =_xlfn.IFNA(IF(AC43="xxx","xxx",IF(VLOOKUP(I43,$BE$8:$BK$260,7,FALSE)=1,AC43&CHAR(10),SUBSTITUTE(AC43,"%","")&"%"&CHAR(10))),"xxx") -> 物理伤害 {0} | AJ43: =_xlfn.IFNA(IF(AC43="xxx","xxx",IF(VLOOKUP(L43,$BE$8:$BK$260,7,FALSE)=1,AD43&CHAR(10),SUBSTITUTE(AD43,"%","")&"%"&CHAR(10))),"xxx") -> 物理伤害 {1}% | AK43: =_xlfn.IFNA(IF(AC43="xxx","xxx",IF(VLOOKUP(O43,$BE$8:$BK$260,7,FALSE)=1,AE43&CHAR(10),SUBSTITUTE(AE43,"%","")&"%"&CHAR(10))),"xxx") -> 攻击速度 {2}% | AL43: =_xlfn.IFNA(IF(AC43="xxx","xxx",IF(VLOOKUP(R43,$BE$8:$BK$260,7,FALSE)=1,AF43&CHAR(10),SUBSTITUTE(AF43,"%","")&"%"&CHAR(10))),"xxx") -> 敏捷 {3} | AM43: =_xlfn.IFNA(IF(AC43="xxx","xxx",IF(VLOOKUP(U43,$BE$8:$BK$260,7,FALSE)=1,AG43&CHAR(10),SUBSTITUTE(AG43,"%","")&"%"&CHAR(10))),"xxx") -> xxx | AN43: =_xlfn.IFNA(IF(AC43="xxx","xxx",IF(VLOOKUP(X43,$BE$8:$BK$260,7,FALSE)=1,AH43&CHAR(10),SUBSTITUTE(AH43,"%","")&"%"&CHAR(10))),"xxx") -> xxx | AO43: =_xlfn.CONCAT(AI43:AN43) -> 物理伤害 {0} 物理伤害 {1}% 攻击速度 {2}% 敏捷 {3} xxxxxx | AP43: =SUBSTITUTE(AO43,"xxx","") -> 物理伤害 {0} 物理伤害 {1}% 攻击速度 {2}% 敏捷 {3} | AQ43: 图腾的生命提高 (20~40)% 每有 2 点敏捷， +1 【火力弩炮】召唤图腾数量上限 每 2 点敏捷可以提升1%物理伤害 | AR43: =IFERROR(IF(AP43="",AQ43,AP43),AP43) -> 物理伤害 {0} 物理伤害 {1}% 攻击速度 {2}% 敏捷 {3} | AS43: =IF(AR43<>AQ43,IF(ISNUMBER(SEARCH(CHAR(10),AR43)),SUBSTITUTE(AR43,CHAR(10),"",LEN(AR43)-LEN(SUBSTITUTE(AR43,CHAR(10),""))),AR43),AR43) -> 物理伤害 {0} 物理伤害 {1}% 攻击速度 {2}% 敏捷 {3} | BE43: 附加混沌伤害 | BF43: 固定值 | BG43: 232 | BH43: 10 | BI43: =COUNTIF($I$8:$I$1040,BE43)/COUNT($C$8:$C$1040)+COUNTIF($L$8:$L$1040,BE43)/COUNT($C$8:$C$1040)+COUNTIF($O$8:$O$1040,BE43)/COUNT($C$8:$C$1040)+COUNTIF($R$8:$R$1040,BE43)/COUNT($C$8:$C$1040)+COUNTIF($U$8:$U$1040,BE43)/COUNT($C$8:$C$1040)+COUNTIF($X$8:$X$1040,BE43)/COUNT($C$8:$C$1040) -> 0.019607843 | BK43: 2
C44: 14730 | D44: 焚界弓 | E44: 5 | F44: 弓 | H44: 12 | I44: 附加火焰伤害 | J44: 3 | K44: 0.2 | L44: 附加火焰伤害% | M44: 3 | N44: 0.2 | O44: 火焰减抗% | P44: 3 | Q44: 0.2 | R44: 灼烧系数 | S44: 3 | T44: 0.3 | AA44: ="1:"&IF(I44<>"",VLOOKUP(I44,$BE$8:$BH$260,3,FALSE)&","&VLOOKUP(I44,$BE$8:$BH$260,4,FALSE)*(1-K44)*J44&","&VLOOKUP(I44,$BE$8:$BH$260,4,FALSE)*(1+K44)*J44&",","xxx")&IF(L44<>"",VLOOKUP(L44,$BE$8:$BH$260,3,FALSE)&","&VLOOKUP(L44,$BE$8:$BH$260,4,FALSE)*(1-N44)*M44&","&VLOOKUP(L44,$BE$8:$BH$260,4,FALSE)*(1+N44)*M44&",","xxx")&IF(O44<>"",VLOOKUP(O44,$BE$8:$BH$260,3,FALSE)&","&VLOOKUP(O44,$BE$8:$BH$260,4,FALSE)*(1-Q44)*P44&","&VLOOKUP(O44,$BE$8:$BH$260,4,FALSE)*(1+Q44)*P44&",","xxx")&IF(R44<>"",VLOOKUP(R44,$BE$8:$BH$260,3,FALSE)&","&VLOOKUP(R44,$BE$8:$BH$260,4,FALSE)*(1-T44)*S44&","&VLOOKUP(R44,$BE$8:$BH$260,4,FALSE)*(1+T44)*S44&",","xxx")&IF(U44<>"",VLOOKUP(U44,$BE$8:$BH$260,3,FALSE)&","&VLOOKUP(U44,$BE$8:$BH$260,4,FALSE)*(1-W44)*V44&","&VLOOKUP(U44,$BE$8:$BH$260,4,FALSE)*(1+W44)*V44&",","xxx")&IF(X44<>"",VLOOKUP(X44,$BE$8:$BH$260,3,FALSE)&","&VLOOKUP(X44,$BE$8:$BH$260,4,FALSE)*(1-Z44)*Y44&","&VLOOKUP(X44,$BE$8:$BH$260,4,FALSE)*(1+Z44)*Y44&",","xxx") -> 1:230,24,36,237,24,36,223,12,18,241,21,39,xxxxxx | AB44: =IF(LEFT(SUBSTITUTE(AA44,"x",""),LEN(SUBSTITUTE(AA44,"x",""))-1)="1","",LEFT(SUBSTITUTE(AA44,"x",""),LEN(SUBSTITUTE(AA44,"x",""))-1)) -> 1:230,24,36,237,24,36,223,12,18,241,21,39 | AC44: =IF(J44>0,I44&" "&"{"&J$6&"}","xxx") -> 附加火焰伤害 {0} | AD44: =IF(M44>0,L44&" "&"{"&M$6&"}","xxx") -> 附加火焰伤害% {1} | AE44: =IF(P44>0,O44&" "&"{"&P$6&"}","xxx") -> 火焰减抗% {2} | AF44: =IF(S44>0,R44&" "&"{"&S$6&"}","xxx") -> 灼烧系数 {3} | AG44: =IF(V44>0,U44&" "&"{"&V$6&"}","xxx") -> xxx | AH44: =IF(Y44>0,X44&" "&"{"&Y$6&"}","xxx") -> xxx | AI44: =_xlfn.IFNA(IF(AC44="xxx","xxx",IF(VLOOKUP(I44,$BE$8:$BK$260,7,FALSE)=1,AC44&CHAR(10),SUBSTITUTE(AC44,"%","")&"%"&CHAR(10))),"xxx") -> 附加火焰伤害 {0}% | AJ44: =_xlfn.IFNA(IF(AC44="xxx","xxx",IF(VLOOKUP(L44,$BE$8:$BK$260,7,FALSE)=1,AD44&CHAR(10),SUBSTITUTE(AD44,"%","")&"%"&CHAR(10))),"xxx") -> 附加火焰伤害 {1}% | AK44: =_xlfn.IFNA(IF(AC44="xxx","xxx",IF(VLOOKUP(O44,$BE$8:$BK$260,7,FALSE)=1,AE44&CHAR(10),SUBSTITUTE(AE44,"%","")&"%"&CHAR(10))),"xxx") -> 火焰减抗 {2}% | AL44: =_xlfn.IFNA(IF(AC44="xxx","xxx",IF(VLOOKUP(R44,$BE$8:$BK$260,7,FALSE)=1,AF44&CHAR(10),SUBSTITUTE(AF44,"%","")&"%"&CHAR(10))),"xxx") -> 灼烧系数 {3}% | AM44: =_xlfn.IFNA(IF(AC44="xxx","xxx",IF(VLOOKUP(U44,$BE$8:$BK$260,7,FALSE)=1,AG44&CHAR(10),SUBSTITUTE(AG44,"%","")&"%"&CHAR(10))),"xxx") -> xxx | AN44: =_xlfn.IFNA(IF(AC44="xxx","xxx",IF(VLOOKUP(X44,$BE$8:$BK$260,7,FALSE)=1,AH44&CHAR(10),SUBSTITUTE(AH44,"%","")&"%"&CHAR(10))),"xxx") -> xxx | AO44: =_xlfn.CONCAT(AI44:AN44) -> 附加火焰伤害 {0}% 附加火焰伤害 {1}% 火焰减抗 {2}% 灼烧系数 {3}% xxxxxx | AP44: =SUBSTITUTE(AO44,"xxx","") -> 附加火焰伤害 {0}% 附加火焰伤害 {1}% 火焰减抗 {2}% 灼烧系数 {3}% | AQ44: 获得额外火焰伤害， 其数值等同于物理伤害的 （20%~30%） 武器攻击有（10%~15%）几率造成灼烧 每击杀一名灼烧中的敌人，（30%~50%）概率恢复1点生命值 | AR44: =IFERROR(IF(AP44="",AQ44,AP44),AP44) -> 附加火焰伤害 {0}% 附加火焰伤害 {1}% 火焰减抗 {2}% 灼烧系数 {3}% | AS44: =IF(AR44<>AQ44,IF(ISNUMBER(SEARCH(CHAR(10),AR44)),SUBSTITUTE(AR44,CHAR(10),"",LEN(AR44)-LEN(SUBSTITUTE(AR44,CHAR(10),""))),AR44),AR44) -> 附加火焰伤害 {0}% 附加火焰伤害 {1}% 火焰减抗 {2}% 灼烧系数 {3}% | BE44: 武器最小攻击力 | BF44: 固定值 | BG44: 233 | BI44: =COUNTIF($I$8:$I$1040,BE44)/COUNT($C$8:$C$1040)+COUNTIF($L$8:$L$1040,BE44)/COUNT($C$8:$C$1040)+COUNTIF($O$8:$O$1040,BE44)/COUNT($C$8:$C$1040)+COUNTIF($R$8:$R$1040,BE44)/COUNT($C$8:$C$1040)+COUNTIF($U$8:$U$1040,BE44)/COUNT($C$8:$C$1040)+COUNTIF($X$8:$X$1040,BE44)/COUNT($C$8:$C$1040) -> 0 | BK44: 1
C45: 14731 | D45: 深渊引路者 | E45: 1 | F45: 弓 | H45: 13 | I45: 附加混沌伤害 | J45: 3 | K45: 0.2 | L45: 混沌减抗% | M45: 6 | N45: 0.2 | O45: 子弹数量 | P45: 2 | Q45: 0 | R45: 子弹穿刺 | S45: 2 | T45: 0 | AA45: ="1:"&IF(I45<>"",VLOOKUP(I45,$BE$8:$BH$260,3,FALSE)&","&VLOOKUP(I45,$BE$8:$BH$260,4,FALSE)*(1-K45)*J45&","&VLOOKUP(I45,$BE$8:$BH$260,4,FALSE)*(1+K45)*J45&",","xxx")&IF(L45<>"",VLOOKUP(L45,$BE$8:$BH$260,3,FALSE)&","&VLOOKUP(L45,$BE$8:$BH$260,4,FALSE)*(1-N45)*M45&","&VLOOKUP(L45,$BE$8:$BH$260,4,FALSE)*(1+N45)*M45&",","xxx")&IF(O45<>"",VLOOKUP(O45,$BE$8:$BH$260,3,FALSE)&","&VLOOKUP(O45,$BE$8:$BH$260,4,FALSE)*(1-Q45)*P45&","&VLOOKUP(O45,$BE$8:$BH$260,4,FALSE)*(1+Q45)*P45&",","xxx")&IF(R45<>"",VLOOKUP(R45,$BE$8:$BH$260,3,FALSE)&","&VLOOKUP(R45,$BE$8:$BH$260,4,FALSE)*(1-T45)*S45&","&VLOOKUP(R45,$BE$8:$BH$260,4,FALSE)*(1+T45)*S45&",","xxx")&IF(U45<>"",VLOOKUP(U45,$BE$8:$BH$260,3,FALSE)&","&VLOOKUP(U45,$BE$8:$BH$260,4,FALSE)*(1-W45)*V45&","&VLOOKUP(U45,$BE$8:$BH$260,4,FALSE)*(1+W45)*V45&",","xxx")&IF(X45<>"",VLOOKUP(X45,$BE$8:$BH$260,3,FALSE)&","&VLOOKUP(X45,$BE$8:$BH$260,4,FALSE)*(1-Z45)*Y45&","&VLOOKUP(X45,$BE$8:$BH$260,4,FALSE)*(1+Z45)*Y45&",","xxx") -> 1:232,24,36,225,24,36,404,1,1,405,0.5,0.5,xxxxxx | AB45: =IF(LEFT(SUBSTITUTE(AA45,"x",""),LEN(SUBSTITUTE(AA45,"x",""))-1)="1","",LEFT(SUBSTITUTE(AA45,"x",""),LEN(SUBSTITUTE(AA45,"x",""))-1)) -> 1:232,24,36,225,24,36,404,1,1,405,0.5,0.5 | AC45: =IF(J45>0,I45&" "&"{"&J$6&"}","xxx") -> 附加混沌伤害 {0} | AD45: =IF(M45>0,L45&" "&"{"&M$6&"}","xxx") -> 混沌减抗% {1} | AE45: =IF(P45>0,O45&" "&"{"&P$6&"}","xxx") -> 子弹数量 {2} | AF45: =IF(S45>0,R45&" "&"{"&S$6&"}","xxx") -> 子弹穿刺 {3} | AG45: =IF(V45>0,U45&" "&"{"&V$6&"}","xxx") -> xxx | AH45: =IF(Y45>0,X45&" "&"{"&Y$6&"}","xxx") -> xxx | AI45: =_xlfn.IFNA(IF(AC45="xxx","xxx",IF(VLOOKUP(I45,$BE$8:$BK$260,7,FALSE)=1,AC45&CHAR(10),SUBSTITUTE(AC45,"%","")&"%"&CHAR(10))),"xxx") -> 附加混沌伤害 {0}% | AJ45: =_xlfn.IFNA(IF(AC45="xxx","xxx",IF(VLOOKUP(L45,$BE$8:$BK$260,7,FALSE)=1,AD45&CHAR(10),SUBSTITUTE(AD45,"%","")&"%"&CHAR(10))),"xxx") -> 混沌减抗 {1}% | AK45: =_xlfn.IFNA(IF(AC45="xxx","xxx",IF(VLOOKUP(O45,$BE$8:$BK$260,7,FALSE)=1,AE45&CHAR(10),SUBSTITUTE(AE45,"%","")&"%"&CHAR(10))),"xxx") -> 子弹数量 {2} | AL45: =_xlfn.IFNA(IF(AC45="xxx","xxx",IF(VLOOKUP(R45,$BE$8:$BK$260,7,FALSE)=1,AF45&CHAR(10),SUBSTITUTE(AF45,"%","")&"%"&CHAR(10))),"xxx") -> 子弹穿刺 {3} | AM45: =_xlfn.IFNA(IF(AC45="xxx","xxx",IF(VLOOKUP(U45,$BE$8:$BK$260,7,FALSE)=1,AG45&CHAR(10),SUBSTITUTE(AG45,"%","")&"%"&CHAR(10))),"xxx") -> xxx | AN45: =_xlfn.IFNA(IF(AC45="xxx","xxx",IF(VLOOKUP(X45,$BE$8:$BK$260,7,FALSE)=1,AH45&CHAR(10),SUBSTITUTE(AH45,"%","")&"%"&CHAR(10))),"xxx") -> xxx | AO45: =_xlfn.CONCAT(AI45:AN45) -> 附加混沌伤害 {0}% 混沌减抗 {1}% 子弹数量 {2} 子弹穿刺 {3} xxxxxx | AP45: =SUBSTITUTE(AO45,"xxx","") -> 附加混沌伤害 {0}% 混沌减抗 {1}% 子弹数量 {2} 子弹穿刺 {3} | AQ45: 混沌伤害+（10~30） 攻击速度+（20%~30%） 每 2 点敏捷使召唤生物的伤害提高 （1%~3%） | AR45: =IFERROR(IF(AP45="",AQ45,AP45),AP45) -> 附加混沌伤害 {0}% 混沌减抗 {1}% 子弹数量 {2} 子弹穿刺 {3} | AS45: =IF(AR45<>AQ45,IF(ISNUMBER(SEARCH(CHAR(10),AR45)),SUBSTITUTE(AR45,CHAR(10),"",LEN(AR45)-LEN(SUBSTITUTE(AR45,CHAR(10),""))),AR45),AR45) -> 附加混沌伤害 {0}% 混沌减抗 {1}% 子弹数量 {2} 子弹穿刺 {3} | BE45: 武器最大攻击力 | BF45: 固定值 | BG45: 234 | BI45: =COUNTIF($I$8:$I$1040,BE45)/COUNT($C$8:$C$1040)+COUNTIF($L$8:$L$1040,BE45)/COUNT($C$8:$C$1040)+COUNTIF($O$8:$O$1040,BE45)/COUNT($C$8:$C$1040)+COUNTIF($R$8:$R$1040,BE45)/COUNT($C$8:$C$1040)+COUNTIF($U$8:$U$1040,BE45)/COUNT($C$8:$C$1040)+COUNTIF($X$8:$X$1040,BE45)/COUNT($C$8:$C$1040) -> 0 | BK45: 1
C46: 14732 | D46: 破军弦歌 | F46: 弓 | H46: 12 | I46: 攻击速度% | J46: 4 | K46: 0.2 | L46: 物理伤害% | M46: 4 | N46: 0.2 | O46: 敏捷 | P46: 4 | Q46: 0.2 | AA46: ="1:"&IF(I46<>"",VLOOKUP(I46,$BE$8:$BH$260,3,FALSE)&","&VLOOKUP(I46,$BE$8:$BH$260,4,FALSE)*(1-K46)*J46&","&VLOOKUP(I46,$BE$8:$BH$260,4,FALSE)*(1+K46)*J46&",","xxx")&IF(L46<>"",VLOOKUP(L46,$BE$8:$BH$260,3,FALSE)&","&VLOOKUP(L46,$BE$8:$BH$260,4,FALSE)*(1-N46)*M46&","&VLOOKUP(L46,$BE$8:$BH$260,4,FALSE)*(1+N46)*M46&",","xxx")&IF(O46<>"",VLOOKUP(O46,$BE$8:$BH$260,3,FALSE)&","&VLOOKUP(O46,$BE$8:$BH$260,4,FALSE)*(1-Q46)*P46&","&VLOOKUP(O46,$BE$8:$BH$260,4,FALSE)*(1+Q46)*P46&",","xxx")&IF(R46<>"",VLOOKUP(R46,$BE$8:$BH$260,3,FALSE)&","&VLOOKUP(R46,$BE$8:$BH$260,4,FALSE)*(1-T46)*S46&","&VLOOKUP(R46,$BE$8:$BH$260,4,FALSE)*(1+T46)*S46&",","xxx")&IF(U46<>"",VLOOKUP(U46,$BE$8:$BH$260,3,FALSE)&","&VLOOKUP(U46,$BE$8:$BH$260,4,FALSE)*(1-W46)*V46&","&VLOOKUP(U46,$BE$8:$BH$260,4,FALSE)*(1+W46)*V46&",","xxx")&IF(X46<>"",VLOOKUP(X46,$BE$8:$BH$260,3,FALSE)&","&VLOOKUP(X46,$BE$8:$BH$260,4,FALSE)*(1-Z46)*Y46&","&VLOOKUP(X46,$BE$8:$BH$260,4,FALSE)*(1+Z46)*Y46&",","xxx") -> 1:217,32,48,211,32,48,102,32,48,xxxxxxxxx | AB46: =IF(LEFT(SUBSTITUTE(AA46,"x",""),LEN(SUBSTITUTE(AA46,"x",""))-1)="1","",LEFT(SUBSTITUTE(AA46,"x",""),LEN(SUBSTITUTE(AA46,"x",""))-1)) -> 1:217,32,48,211,32,48,102,32,48 | AC46: =IF(J46>0,I46&" "&"{"&J$6&"}","xxx") -> 攻击速度% {0} | AD46: =IF(M46>0,L46&" "&"{"&M$6&"}","xxx") -> 物理伤害% {1} | AE46: =IF(P46>0,O46&" "&"{"&P$6&"}","xxx") -> 敏捷 {2} | AF46: =IF(S46>0,R46&" "&"{"&S$6&"}","xxx") -> xxx | AG46: =IF(V46>0,U46&" "&"{"&V$6&"}","xxx") -> xxx | AH46: =IF(Y46>0,X46&" "&"{"&Y$6&"}","xxx") -> xxx | AI46: =_xlfn.IFNA(IF(AC46="xxx","xxx",IF(VLOOKUP(I46,$BE$8:$BK$260,7,FALSE)=1,AC46&CHAR(10),SUBSTITUTE(AC46,"%","")&"%"&CHAR(10))),"xxx") -> 攻击速度 {0}% | AJ46: =_xlfn.IFNA(IF(AC46="xxx","xxx",IF(VLOOKUP(L46,$BE$8:$BK$260,7,FALSE)=1,AD46&CHAR(10),SUBSTITUTE(AD46,"%","")&"%"&CHAR(10))),"xxx") -> 物理伤害 {1}% | AK46: =_xlfn.IFNA(IF(AC46="xxx","xxx",IF(VLOOKUP(O46,$BE$8:$BK$260,7,FALSE)=1,AE46&CHAR(10),SUBSTITUTE(AE46,"%","")&"%"&CHAR(10))),"xxx") -> 敏捷 {2} | AL46: =_xlfn.IFNA(IF(AC46="xxx","xxx",IF(VLOOKUP(R46,$BE$8:$BK$260,7,FALSE)=1,AF46&CHAR(10),SUBSTITUTE(AF46,"%","")&"%"&CHAR(10))),"xxx") -> xxx | AM46: =_xlfn.IFNA(IF(AC46="xxx","xxx",IF(VLOOKUP(U46,$BE$8:$BK$260,7,FALSE)=1,AG46&CHAR(10),SUBSTITUTE(AG46,"%","")&"%"&CHAR(10))),"xxx") -> xxx | AN46: =_xlfn.IFNA(IF(AC46="xxx","xxx",IF(VLOOKUP(X46,$BE$8:$BK$260,7,FALSE)=1,AH46&CHAR(10),SUBSTITUTE(AH46,"%","")&"%"&CHAR(10))),"xxx") -> xxx | AO46: =_xlfn.CONCAT(AI46:AN46) -> 攻击速度 {0}% 物理伤害 {1}% 敏捷 {2} xxxxxxxxx | AP46: =SUBSTITUTE(AO46,"xxx","") -> 攻击速度 {0}% 物理伤害 {1}% 敏捷 {2} | AQ46: 暴击伤害+（25%~40%） 近距离时，弓类攻击暴击率+（20%~35%） 近距离时，弓类攻击会击退敌人 | AR46: =IFERROR(IF(AP46="",AQ46,AP46),AP46) -> 攻击速度 {0}% 物理伤害 {1}% 敏捷 {2} | AS46: =IF(AR46<>AQ46,IF(ISNUMBER(SEARCH(CHAR(10),AR46)),SUBSTITUTE(AR46,CHAR(10),"",LEN(AR46)-LEN(SUBSTITUTE(AR46,CHAR(10),""))),AR46),AR46) -> 攻击速度 {0}% 物理伤害 {1}% 敏捷 {2} | BE46: 附加物理伤害% | BF46: 百分比 | BG46: 235 | BH46: 10 | BI46: =COUNTIF($I$8:$I$1040,BE46)/COUNT($C$8:$C$1040)+COUNTIF($L$8:$L$1040,BE46)/COUNT($C$8:$C$1040)+COUNTIF($O$8:$O$1040,BE46)/COUNT($C$8:$C$1040)+COUNTIF($R$8:$R$1040,BE46)/COUNT($C$8:$C$1040)+COUNTIF($U$8:$U$1040,BE46)/COUNT($C$8:$C$1040)+COUNTIF($X$8:$X$1040,BE46)/COUNT($C$8:$C$1040) -> 0 | BK46: 2
C47: 14733 | D47: 饮血者的轻语 | E47: 1 | F47: 弓 | H47: 12 | I47: 攻击回血 | J47: 4 | K47: 0 | L47: 添加生命上限护盾并减少当前生命上限 | M47: 4 | N47: 0.25 | O47: 流血系数 | P47: 2 | Q47: 0.25 | R47: 施加流血时间提升 | S47: 2 | T47: 0.25 | AA47: ="1:"&IF(I47<>"",VLOOKUP(I47,$BE$8:$BH$260,3,FALSE)&","&VLOOKUP(I47,$BE$8:$BH$260,4,FALSE)*(1-K47)*J47&","&VLOOKUP(I47,$BE$8:$BH$260,4,FALSE)*(1+K47)*J47&",","xxx")&IF(L47<>"",VLOOKUP(L47,$BE$8:$BH$260,3,FALSE)&","&VLOOKUP(L47,$BE$8:$BH$260,4,FALSE)*(1-N47)*M47&","&VLOOKUP(L47,$BE$8:$BH$260,4,FALSE)*(1+N47)*M47&",","xxx")&IF(O47<>"",VLOOKUP(O47,$BE$8:$BH$260,3,FALSE)&","&VLOOKUP(O47,$BE$8:$BH$260,4,FALSE)*(1-Q47)*P47&","&VLOOKUP(O47,$BE$8:$BH$260,4,FALSE)*(1+Q47)*P47&",","xxx")&IF(R47<>"",VLOOKUP(R47,$BE$8:$BH$260,3,FALSE)&","&VLOOKUP(R47,$BE$8:$BH$260,4,FALSE)*(1-T47)*S47&","&VLOOKUP(R47,$BE$8:$BH$260,4,FALSE)*(1+T47)*S47&",","xxx")&IF(U47<>"",VLOOKUP(U47,$BE$8:$BH$260,3,FALSE)&","&VLOOKUP(U47,$BE$8:$BH$260,4,FALSE)*(1-W47)*V47&","&VLOOKUP(U47,$BE$8:$BH$260,4,FALSE)*(1+W47)*V47&",","xxx")&IF(X47<>"",VLOOKUP(X47,$BE$8:$BH$260,3,FALSE)&","&VLOOKUP(X47,$BE$8:$BH$260,4,FALSE)*(1-Z47)*Y47&","&VLOOKUP(X47,$BE$8:$BH$260,4,FALSE)*(1+Z47)*Y47&",","xxx") -> 1:506,1,1,325,15,25,240,15,25,249,15,25,xxxxxx | AB47: =IF(LEFT(SUBSTITUTE(AA47,"x",""),LEN(SUBSTITUTE(AA47,"x",""))-1)="1","",LEFT(SUBSTITUTE(AA47,"x",""),LEN(SUBSTITUTE(AA47,"x",""))-1)) -> 1:506,1,1,325,15,25,240,15,25,249,15,25 | AC47: =IF(J47>0,I47&" "&"{"&J$6&"}","xxx") -> 攻击回血 {0} | AD47: =IF(M47>0,L47&" "&"{"&M$6&"}","xxx") -> 添加生命上限护盾并减少当前生命上限 {1} | AE47: =IF(P47>0,O47&" "&"{"&P$6&"}","xxx") -> 流血系数 {2} | AF47: =IF(S47>0,R47&" "&"{"&S$6&"}","xxx") -> 施加流血时间提升 {3} | AG47: =IF(V47>0,U47&" "&"{"&V$6&"}","xxx") -> xxx | AH47: =IF(Y47>0,X47&" "&"{"&Y$6&"}","xxx") -> xxx | AI47: =_xlfn.IFNA(IF(AC47="xxx","xxx",IF(VLOOKUP(I47,$BE$8:$BK$260,7,FALSE)=1,AC47&CHAR(10),SUBSTITUTE(AC47,"%","")&"%"&CHAR(10))),"xxx") -> 攻击回血 {0} | AJ47: =_xlfn.IFNA(IF(AC47="xxx","xxx",IF(VLOOKUP(L47,$BE$8:$BK$260,7,FALSE)=1,AD47&CHAR(10),SUBSTITUTE(AD47,"%","")&"%"&CHAR(10))),"xxx") -> 添加生命上限护盾并减少当前生命上限 {1}% | AK47: =_xlfn.IFNA(IF(AC47="xxx","xxx",IF(VLOOKUP(O47,$BE$8:$BK$260,7,FALSE)=1,AE47&CHAR(10),SUBSTITUTE(AE47,"%","")&"%"&CHAR(10))),"xxx") -> 流血系数 {2}% | AL47: =_xlfn.IFNA(IF(AC47="xxx","xxx",IF(VLOOKUP(R47,$BE$8:$BK$260,7,FALSE)=1,AF47&CHAR(10),SUBSTITUTE(AF47,"%","")&"%"&CHAR(10))),"xxx") -> 施加流血时间提升 {3}% | AM47: =_xlfn.IFNA(IF(AC47="xxx","xxx",IF(VLOOKUP(U47,$BE$8:$BK$260,7,FALSE)=1,AG47&CHAR(10),SUBSTITUTE(AG47,"%","")&"%"&CHAR(10))),"xxx") -> xxx | AN47: =_xlfn.IFNA(IF(AC47="xxx","xxx",IF(VLOOKUP(X47,$BE$8:$BK$260,7,FALSE)=1,AH47&CHAR(10),SUBSTITUTE(AH47,"%","")&"%"&CHAR(10))),"xxx") -> xxx | AO47: =_xlfn.CONCAT(AI47:AN47) -> 攻击回血 {0} 添加生命上限护盾并减少当前生命上限 {1}% 流血系数 {2}% 施加流血时间提升 {3}% xxxxxx | AP47: =SUBSTITUTE(AO47,"xxx","") -> 攻击回血 {0} 添加生命上限护盾并减少当前生命上限 {1}% 流血系数 {2}% 施加流血时间提升 {3}% | AQ47: 武器攻击暴击时，有（35%~50%）概率造成流血 武器攻击暴击时，有（35%~50%）概率造成瘫痪 对流血敌人造成的物理伤害提高（35%~50%） | AR47: =IFERROR(IF(AP47="",AQ47,AP47),AP47) -> 攻击回血 {0} 添加生命上限护盾并减少当前生命上限 {1}% 流血系数 {2}% 施加流血时间提升 {3}% | AS47: =IF(AR47<>AQ47,IF(ISNUMBER(SEARCH(CHAR(10),AR47)),SUBSTITUTE(AR47,CHAR(10),"",LEN(AR47)-LEN(SUBSTITUTE(AR47,CHAR(10),""))),AR47),AR47) -> 攻击回血 {0} 添加生命上限护盾并减少当前生命上限 {1}% 流血系数 {2}% 施加流血时间提升 {3}% | BE47: 附加冰霜伤害% | BF47: 百分比 | BG47: 236 | BH47: 10 | BI47: =COUNTIF($I$8:$I$1040,BE47)/COUNT($C$8:$C$1040)+COUNTIF($L$8:$L$1040,BE47)/COUNT($C$8:$C$1040)+COUNTIF($O$8:$O$1040,BE47)/COUNT($C$8:$C$1040)+COUNTIF($R$8:$R$1040,BE47)/COUNT($C$8:$C$1040)+COUNTIF($U$8:$U$1040,BE47)/COUNT($C$8:$C$1040)+COUNTIF($X$8:$X$1040,BE47)/COUNT($C$8:$C$1040) -> 0.0098039216 | BK47: 2
C48: 14734 | D48: 追风行者 | E48: 2 | F48: 弓 | H48: 12 | I48: 每点幸运额外提升攻击力 | J48: 5 | K48: 0 | L48: 升级减CD | M48: 4 | N48: 0.4 | O48: 移动速度% | P48: 3 | Q48: 0.5 | AA48: ="1:"&IF(I48<>"",VLOOKUP(I48,$BE$8:$BH$260,3,FALSE)&","&VLOOKUP(I48,$BE$8:$BH$260,4,FALSE)*(1-K48)*J48&","&VLOOKUP(I48,$BE$8:$BH$260,4,FALSE)*(1+K48)*J48&",","xxx")&IF(L48<>"",VLOOKUP(L48,$BE$8:$BH$260,3,FALSE)&","&VLOOKUP(L48,$BE$8:$BH$260,4,FALSE)*(1-N48)*M48&","&VLOOKUP(L48,$BE$8:$BH$260,4,FALSE)*(1+N48)*M48&",","xxx")&IF(O48<>"",VLOOKUP(O48,$BE$8:$BH$260,3,FALSE)&","&VLOOKUP(O48,$BE$8:$BH$260,4,FALSE)*(1-Q48)*P48&","&VLOOKUP(O48,$BE$8:$BH$260,4,FALSE)*(1+Q48)*P48&",","xxx")&IF(R48<>"",VLOOKUP(R48,$BE$8:$BH$260,3,FALSE)&","&VLOOKUP(R48,$BE$8:$BH$260,4,FALSE)*(1-T48)*S48&","&VLOOKUP(R48,$BE$8:$BH$260,4,FALSE)*(1+T48)*S48&",","xxx")&IF(U48<>"",VLOOKUP(U48,$BE$8:$BH$260,3,FALSE)&","&VLOOKUP(U48,$BE$8:$BH$260,4,FALSE)*(1-W48)*V48&","&VLOOKUP(U48,$BE$8:$BH$260,4,FALSE)*(1+W48)*V48&",","xxx")&IF(X48<>"",VLOOKUP(X48,$BE$8:$BH$260,3,FALSE)&","&VLOOKUP(X48,$BE$8:$BH$260,4,FALSE)*(1-Z48)*Y48&","&VLOOKUP(X48,$BE$8:$BH$260,4,FALSE)*(1+Z48)*Y48&",","xxx") -> 1:806,1,1,604,0.24,0.56,412,15,45,xxxxxxxxx | AB48: =IF(LEFT(SUBSTITUTE(AA48,"x",""),LEN(SUBSTITUTE(AA48,"x",""))-1)="1","",LEFT(SUBSTITUTE(AA48,"x",""),LEN(SUBSTITUTE(AA48,"x",""))-1)) -> 1:806,1,1,604,0.24,0.56,412,15,45 | AC48: =IF(J48>0,I48&" "&"{"&J$6&"}","xxx") -> 每点幸运额外提升攻击力 {0} | AD48: =IF(M48>0,L48&" "&"{"&M$6&"}","xxx") -> 升级减CD {1} | AE48: =IF(P48>0,O48&" "&"{"&P$6&"}","xxx") -> 移动速度% {2} | AF48: =IF(S48>0,R48&" "&"{"&S$6&"}","xxx") -> xxx | AG48: =IF(V48>0,U48&" "&"{"&V$6&"}","xxx") -> xxx | AH48: =IF(Y48>0,X48&" "&"{"&Y$6&"}","xxx") -> xxx | AI48: =_xlfn.IFNA(IF(AC48="xxx","xxx",IF(VLOOKUP(I48,$BE$8:$BK$260,7,FALSE)=1,AC48&CHAR(10),SUBSTITUTE(AC48,"%","")&"%"&CHAR(10))),"xxx") -> 每点幸运额外提升攻击力 {0} | AJ48: =_xlfn.IFNA(IF(AC48="xxx","xxx",IF(VLOOKUP(L48,$BE$8:$BK$260,7,FALSE)=1,AD48&CHAR(10),SUBSTITUTE(AD48,"%","")&"%"&CHAR(10))),"xxx") -> 升级减CD {1}% | AK48: =_xlfn.IFNA(IF(AC48="xxx","xxx",IF(VLOOKUP(O48,$BE$8:$BK$260,7,FALSE)=1,AE48&CHAR(10),SUBSTITUTE(AE48,"%","")&"%"&CHAR(10))),"xxx") -> 移动速度 {2}% | AL48: =_xlfn.IFNA(IF(AC48="xxx","xxx",IF(VLOOKUP(R48,$BE$8:$BK$260,7,FALSE)=1,AF48&CHAR(10),SUBSTITUTE(AF48,"%","")&"%"&CHAR(10))),"xxx") -> xxx | AM48: =_xlfn.IFNA(IF(AC48="xxx","xxx",IF(VLOOKUP(U48,$BE$8:$BK$260,7,FALSE)=1,AG48&CHAR(10),SUBSTITUTE(AG48,"%","")&"%"&CHAR(10))),"xxx") -> xxx | AN48: =_xlfn.IFNA(IF(AC48="xxx","xxx",IF(VLOOKUP(X48,$BE$8:$BK$260,7,FALSE)=1,AH48&CHAR(10),SUBSTITUTE(AH48,"%","")&"%"&CHAR(10))),"xxx") -> xxx | AO48: =_xlfn.CONCAT(AI48:AN48) -> 每点幸运额外提升攻击力 {0} 升级减CD {1}% 移动速度 {2}% xxxxxxxxx | AP48: =SUBSTITUTE(AO48,"xxx","") -> 每点幸运额外提升攻击力 {0} 升级减CD {1}% 移动速度 {2}% | AQ48: 若你近期内没有施放过冲刺，则弓类攻击发射 2 枚额外箭矢 若你近期内没有施放过冲刺，则攻击速度加快 (20~30)% 若你近期施放过冲刺，则闪避值提高 (10~26)% 若你近期施放过冲刺，则移动速度加快 (20~30)% | AR48: =IFERROR(IF(AP48="",AQ48,AP48),AP48) -> 每点幸运额外提升攻击力 {0} 升级减CD {1}% 移动速度 {2}% | AS48: =IF(AR48<>AQ48,IF(ISNUMBER(SEARCH(CHAR(10),AR48)),SUBSTITUTE(AR48,CHAR(10),"",LEN(AR48)-LEN(SUBSTITUTE(AR48,CHAR(10),""))),AR48),AR48) -> 每点幸运额外提升攻击力 {0} 升级减CD {1}% 移动速度 {2}% | BE48: 附加火焰伤害% | BF48: 百分比 | BG48: 237 | BH48: 10 | BI48: =COUNTIF($I$8:$I$1040,BE48)/COUNT($C$8:$C$1040)+COUNTIF($L$8:$L$1040,BE48)/COUNT($C$8:$C$1040)+COUNTIF($O$8:$O$1040,BE48)/COUNT($C$8:$C$1040)+COUNTIF($R$8:$R$1040,BE48)/COUNT($C$8:$C$1040)+COUNTIF($U$8:$U$1040,BE48)/COUNT($C$8:$C$1040)+COUNTIF($X$8:$X$1040,BE48)/COUNT($C$8:$C$1040) -> 0.022875817 | BK48: 2
C49: 14735 | D49: 冰雷之眼 | E49: 4 | F49: 弓 | H49: 15 | I49: 冰霜伤害 | J49: 3 | K49: 0.2 | L49: 闪电伤害 | M49: 3 | N49: 0.2 | O49: 元素伤害% | P49: 3 | Q49: 0.2 | R49: 攻击速度% | S49: 2 | T49: 0.2 | U49: 感电系数 | V49: 2 | W49: 0.25 | X49: 施加感电时间提升 | Y49: 2 | Z49: 0.25 | AA49: ="1:"&IF(I49<>"",VLOOKUP(I49,$BE$8:$BH$260,3,FALSE)&","&VLOOKUP(I49,$BE$8:$BH$260,4,FALSE)*(1-K49)*J49&","&VLOOKUP(I49,$BE$8:$BH$260,4,FALSE)*(1+K49)*J49&",","xxx")&IF(L49<>"",VLOOKUP(L49,$BE$8:$BH$260,3,FALSE)&","&VLOOKUP(L49,$BE$8:$BH$260,4,FALSE)*(1-N49)*M49&","&VLOOKUP(L49,$BE$8:$BH$260,4,FALSE)*(1+N49)*M49&",","xxx")&IF(O49<>"",VLOOKUP(O49,$BE$8:$BH$260,3,FALSE)&","&VLOOKUP(O49,$BE$8:$BH$260,4,FALSE)*(1-Q49)*P49&","&VLOOKUP(O49,$BE$8:$BH$260,4,FALSE)*(1+Q49)*P49&",","xxx")&IF(R49<>"",VLOOKUP(R49,$BE$8:$BH$260,3,FALSE)&","&VLOOKUP(R49,$BE$8:$BH$260,4,FALSE)*(1-T49)*S49&","&VLOOKUP(R49,$BE$8:$BH$260,4,FALSE)*(1+T49)*S49&",","xxx")&IF(U49<>"",VLOOKUP(U49,$BE$8:$BH$260,3,FALSE)&","&VLOOKUP(U49,$BE$8:$BH$260,4,FALSE)*(1-W49)*V49&","&VLOOKUP(U49,$BE$8:$BH$260,4,FALSE)*(1+W49)*V49&",","xxx")&IF(X49<>"",VLOOKUP(X49,$BE$8:$BH$260,3,FALSE)&","&VLOOKUP(X49,$BE$8:$BH$260,4,FALSE)*(1-Z49)*Y49&","&VLOOKUP(X49,$BE$8:$BH$260,4,FALSE)*(1+Z49)*Y49&",","xxx") -> 1:206,24,36,208,24,36,212,12,18,217,16,24,243,15,25,248,15,25, | AB49: =IF(LEFT(SUBSTITUTE(AA49,"x",""),LEN(SUBSTITUTE(AA49,"x",""))-1)="1","",LEFT(SUBSTITUTE(AA49,"x",""),LEN(SUBSTITUTE(AA49,"x",""))-1)) -> 1:206,24,36,208,24,36,212,12,18,217,16,24,243,15,25,248,15,25 | AC49: =IF(J49>0,I49&" "&"{"&J$6&"}","xxx") -> 冰霜伤害 {0} | AD49: =IF(M49>0,L49&" "&"{"&M$6&"}","xxx") -> 闪电伤害 {1} | AE49: =IF(P49>0,O49&" "&"{"&P$6&"}","xxx") -> 元素伤害% {2} | AF49: =IF(S49>0,R49&" "&"{"&S$6&"}","xxx") -> 攻击速度% {3} | AG49: =IF(V49>0,U49&" "&"{"&V$6&"}","xxx") -> 感电系数 {4} | AH49: =IF(Y49>0,X49&" "&"{"&Y$6&"}","xxx") -> 施加感电时间提升 {5} | AI49: =_xlfn.IFNA(IF(AC49="xxx","xxx",IF(VLOOKUP(I49,$BE$8:$BK$260,7,FALSE)=1,AC49&CHAR(10),SUBSTITUTE(AC49,"%","")&"%"&CHAR(10))),"xxx") -> 冰霜伤害 {0} | AJ49: =_xlfn.IFNA(IF(AC49="xxx","xxx",IF(VLOOKUP(L49,$BE$8:$BK$260,7,FALSE)=1,AD49&CHAR(10),SUBSTITUTE(AD49,"%","")&"%"&CHAR(10))),"xxx") -> 闪电伤害 {1} | AK49: =_xlfn.IFNA(IF(AC49="xxx","xxx",IF(VLOOKUP(O49,$BE$8:$BK$260,7,FALSE)=1,AE49&CHAR(10),SUBSTITUTE(AE49,"%","")&"%"&CHAR(10))),"xxx") -> 元素伤害 {2}% | AL49: =_xlfn.IFNA(IF(AC49="xxx","xxx",IF(VLOOKUP(R49,$BE$8:$BK$260,7,FALSE)=1,AF49&CHAR(10),SUBSTITUTE(AF49,"%","")&"%"&CHAR(10))),"xxx") -> 攻击速度 {3}% | AM49: =_xlfn.IFNA(IF(AC49="xxx","xxx",IF(VLOOKUP(U49,$BE$8:$BK$260,7,FALSE)=1,AG49&CHAR(10),SUBSTITUTE(AG49,"%","")&"%"&CHAR(10))),"xxx") -> 感电系数 {4}% | AN49: =_xlfn.IFNA(IF(AC49="xxx","xxx",IF(VLOOKUP(X49,$BE$8:$BK$260,7,FALSE)=1,AH49&CHAR(10),SUBSTITUTE(AH49,"%","")&"%"&CHAR(10))),"xxx") -> 施加感电时间提升 {5}% | AO49: =_xlfn.CONCAT(AI49:AN49) -> 冰霜伤害 {0} 闪电伤害 {1} 元素伤害 {2}% 攻击速度 {3}% 感电系数 {4}% 施加感电时间提升 {5}% | AP49: =SUBSTITUTE(AO49,"xxx","") -> 冰霜伤害 {0} 闪电伤害 {1} 元素伤害 {2}% 攻击速度 {3}% 感电系数 {4}% 施加感电时间提升 {5}% | AQ49: 冰霜伤害+（25%~40%） 闪电伤害+（25%~40%） 对冻结敌人造成的伤害提高（25%~40%） 每击杀一名感电中的敌人，恢复（1~3）点护盾值 | AR49: =IFERROR(IF(AP49="",AQ49,AP49),AP49) -> 冰霜伤害 {0} 闪电伤害 {1} 元素伤害 {2}% 攻击速度 {3}% 感电系数 {4}% 施加感电时间提升 {5}% | AS49: =IF(AR49<>AQ49,IF(ISNUMBER(SEARCH(CHAR(10),AR49)),SUBSTITUTE(AR49,CHAR(10),"",LEN(AR49)-LEN(SUBSTITUTE(AR49,CHAR(10),""))),AR49),AR49) -> 冰霜伤害 {0} 闪电伤害 {1} 元素伤害 {2}% 攻击速度 {3}% 感电系数 {4}% 施加感电时间提升 {5}% | BE49: 附加闪电伤害% | BF49: 百分比 | BG49: 238 | BH49: 10 | BI49: =COUNTIF($I$8:$I$1040,BE49)/COUNT($C$8:$C$1040)+COUNTIF($L$8:$L$1040,BE49)/COUNT($C$8:$C$1040)+COUNTIF($O$8:$O$1040,BE49)/COUNT($C$8:$C$1040)+COUNTIF($R$8:$R$1040,BE49)/COUNT($C$8:$C$1040)+COUNTIF($U$8:$U$1040,BE49)/COUNT($C$8:$C$1040)+COUNTIF($X$8:$X$1040,BE49)/COUNT($C$8:$C$1040) -> 0.0065359477 | BK49: 2
C50: 14736 | D50: 绝对壁垒 | F50: 盾牌 | H50: 0 | AA50: ="1:"&IF(I50<>"",VLOOKUP(I50,$BE$8:$BH$260,3,FALSE)&","&VLOOKUP(I50,$BE$8:$BH$260,4,FALSE)*(1-K50)*J50&","&VLOOKUP(I50,$BE$8:$BH$260,4,FALSE)*(1+K50)*J50&",","xxx")&IF(L50<>"",VLOOKUP(L50,$BE$8:$BH$260,3,FALSE)&","&VLOOKUP(L50,$BE$8:$BH$260,4,FALSE)*(1-N50)*M50&","&VLOOKUP(L50,$BE$8:$BH$260,4,FALSE)*(1+N50)*M50&",","xxx")&IF(O50<>"",VLOOKUP(O50,$BE$8:$BH$260,3,FALSE)&","&VLOOKUP(O50,$BE$8:$BH$260,4,FALSE)*(1-Q50)*P50&","&VLOOKUP(O50,$BE$8:$BH$260,4,FALSE)*(1+Q50)*P50&",","xxx")&IF(R50<>"",VLOOKUP(R50,$BE$8:$BH$260,3,FALSE)&","&VLOOKUP(R50,$BE$8:$BH$260,4,FALSE)*(1-T50)*S50&","&VLOOKUP(R50,$BE$8:$BH$260,4,FALSE)*(1+T50)*S50&",","xxx")&IF(U50<>"",VLOOKUP(U50,$BE$8:$BH$260,3,FALSE)&","&VLOOKUP(U50,$BE$8:$BH$260,4,FALSE)*(1-W50)*V50&","&VLOOKUP(U50,$BE$8:$BH$260,4,FALSE)*(1+W50)*V50&",","xxx")&IF(X50<>"",VLOOKUP(X50,$BE$8:$BH$260,3,FALSE)&","&VLOOKUP(X50,$BE$8:$BH$260,4,FALSE)*(1-Z50)*Y50&","&VLOOKUP(X50,$BE$8:$BH$260,4,FALSE)*(1+Z50)*Y50&",","xxx") -> 1:xxxxxxxxxxxxxxxxxx | AB50: =IF(LEFT(SUBSTITUTE(AA50,"x",""),LEN(SUBSTITUTE(AA50,"x",""))-1)="1","",LEFT(SUBSTITUTE(AA50,"x",""),LEN(SUBSTITUTE(AA50,"x",""))-1)) | AC50: =IF(J50>0,I50&" "&"{"&J$6&"}","xxx") -> xxx | AD50: =IF(M50>0,L50&" "&"{"&M$6&"}","xxx") -> xxx | AE50: =IF(P50>0,O50&" "&"{"&P$6&"}","xxx") -> xxx | AF50: =IF(S50>0,R50&" "&"{"&S$6&"}","xxx") -> xxx | AG50: =IF(V50>0,U50&" "&"{"&V$6&"}","xxx") -> xxx | AH50: =IF(Y50>0,X50&" "&"{"&Y$6&"}","xxx") -> xxx | AI50: =_xlfn.IFNA(IF(AC50="xxx","xxx",IF(VLOOKUP(I50,$BE$8:$BK$260,7,FALSE)=1,AC50&CHAR(10),SUBSTITUTE(AC50,"%","")&"%"&CHAR(10))),"xxx") -> xxx | AJ50: =_xlfn.IFNA(IF(AC50="xxx","xxx",IF(VLOOKUP(L50,$BE$8:$BK$260,7,FALSE)=1,AD50&CHAR(10),SUBSTITUTE(AD50,"%","")&"%"&CHAR(10))),"xxx") -> xxx | AK50: =_xlfn.IFNA(IF(AC50="xxx","xxx",IF(VLOOKUP(O50,$BE$8:$BK$260,7,FALSE)=1,AE50&CHAR(10),SUBSTITUTE(AE50,"%","")&"%"&CHAR(10))),"xxx") -> xxx | AL50: =_xlfn.IFNA(IF(AC50="xxx","xxx",IF(VLOOKUP(R50,$BE$8:$BK$260,7,FALSE)=1,AF50&CHAR(10),SUBSTITUTE(AF50,"%","")&"%"&CHAR(10))),"xxx") -> xxx | AM50: =_xlfn.IFNA(IF(AC50="xxx","xxx",IF(VLOOKUP(U50,$BE$8:$BK$260,7,FALSE)=1,AG50&CHAR(10),SUBSTITUTE(AG50,"%","")&"%"&CHAR(10))),"xxx") -> xxx | AN50: =_xlfn.IFNA(IF(AC50="xxx","xxx",IF(VLOOKUP(X50,$BE$8:$BK$260,7,FALSE)=1,AH50&CHAR(10),SUBSTITUTE(AH50,"%","")&"%"&CHAR(10))),"xxx") -> xxx | AO50: =_xlfn.CONCAT(AI50:AN50) -> xxxxxxxxxxxxxxxxxx | AP50: =SUBSTITUTE(AO50,"xxx","") | AQ50: 格挡率+{0}% 格挡时恢复1点生命值 | AR50: =IFERROR(IF(AP50="",AQ50,AP50),AP50) -> 格挡率+{0}% 格挡时恢复1点生命值 | AS50: =IF(AR50<>AQ50,IF(ISNUMBER(SEARCH(CHAR(10),AR50)),SUBSTITUTE(AR50,CHAR(10),"",LEN(AR50)-LEN(SUBSTITUTE(AR50,CHAR(10),""))),AR50),AR50) -> 格挡率+{0}% 格挡时恢复1点生命值 | BE50: 附加混沌伤害% | BF50: 百分比 | BG50: 239 | BH50: 10 | BI50: =COUNTIF($I$8:$I$1040,BE50)/COUNT($C$8:$C$1040)+COUNTIF($L$8:$L$1040,BE50)/COUNT($C$8:$C$1040)+COUNTIF($O$8:$O$1040,BE50)/COUNT($C$8:$C$1040)+COUNTIF($R$8:$R$1040,BE50)/COUNT($C$8:$C$1040)+COUNTIF($U$8:$U$1040,BE50)/COUNT($C$8:$C$1040)+COUNTIF($X$8:$X$1040,BE50)/COUNT($C$8:$C$1040) -> 0.0032679739 | BK50: 2
C51: 14737 | D51: 符文之壁 | F51: 盾牌 | H51: 8 | I51: 元素抗性% | J51: 3 | K51: 0.2 | L51: 元素伤害% | M51: 1 | N51: 0.2 | O51: 冷却缩减% | P51: 1 | Q51: 0.2 | R51: 移动速度% | S51: 1 | T51: 0.2 | U51: 元素伤害 | V51: 2 | W51: 0.2 | AA51: ="1:"&IF(I51<>"",VLOOKUP(I51,$BE$8:$BH$260,3,FALSE)&","&VLOOKUP(I51,$BE$8:$BH$260,4,FALSE)*(1-K51)*J51&","&VLOOKUP(I51,$BE$8:$BH$260,4,FALSE)*(1+K51)*J51&",","xxx")&IF(L51<>"",VLOOKUP(L51,$BE$8:$BH$260,3,FALSE)&","&VLOOKUP(L51,$BE$8:$BH$260,4,FALSE)*(1-N51)*M51&","&VLOOKUP(L51,$BE$8:$BH$260,4,FALSE)*(1+N51)*M51&",","xxx")&IF(O51<>"",VLOOKUP(O51,$BE$8:$BH$260,3,FALSE)&","&VLOOKUP(O51,$BE$8:$BH$260,4,FALSE)*(1-Q51)*P51&","&VLOOKUP(O51,$BE$8:$BH$260,4,FALSE)*(1+Q51)*P51&",","xxx")&IF(R51<>"",VLOOKUP(R51,$BE$8:$BH$260,3,FALSE)&","&VLOOKUP(R51,$BE$8:$BH$260,4,FALSE)*(1-T51)*S51&","&VLOOKUP(R51,$BE$8:$BH$260,4,FALSE)*(1+T51)*S51&",","xxx")&IF(U51<>"",VLOOKUP(U51,$BE$8:$BH$260,3,FALSE)&","&VLOOKUP(U51,$BE$8:$BH$260,4,FALSE)*(1-W51)*V51&","&VLOOKUP(U51,$BE$8:$BH$260,4,FALSE)*(1+W51)*V51&",","xxx")&IF(X51<>"",VLOOKUP(X51,$BE$8:$BH$260,3,FALSE)&","&VLOOKUP(X51,$BE$8:$BH$260,4,FALSE)*(1-Z51)*Y51&","&VLOOKUP(X51,$BE$8:$BH$260,4,FALSE)*(1+Z51)*Y51&",","xxx") -> 1:315,12,18,212,4,6,409,4,6,412,8,12,205,8,12,xxx | AB51: =IF(LEFT(SUBSTITUTE(AA51,"x",""),LEN(SUBSTITUTE(AA51,"x",""))-1)="1","",LEFT(SUBSTITUTE(AA51,"x",""),LEN(SUBSTITUTE(AA51,"x",""))-1)) -> 1:315,12,18,212,4,6,409,4,6,412,8,12,205,8,12 | AC51: =IF(J51>0,I51&" "&"{"&J$6&"}","xxx") -> 元素抗性% {0} | AD51: =IF(M51>0,L51&" "&"{"&M$6&"}","xxx") -> 元素伤害% {1} | AE51: =IF(P51>0,O51&" "&"{"&P$6&"}","xxx") -> 冷却缩减% {2} | AF51: =IF(S51>0,R51&" "&"{"&S$6&"}","xxx") -> 移动速度% {3} | AG51: =IF(V51>0,U51&" "&"{"&V$6&"}","xxx") -> 元素伤害 {4} | AH51: =IF(Y51>0,X51&" "&"{"&Y$6&"}","xxx") -> xxx | AI51: =_xlfn.IFNA(IF(AC51="xxx","xxx",IF(VLOOKUP(I51,$BE$8:$BK$260,7,FALSE)=1,AC51&CHAR(10),SUBSTITUTE(AC51,"%","")&"%"&CHAR(10))),"xxx") -> 元素抗性 {0}% | AJ51: =_xlfn.IFNA(IF(AC51="xxx","xxx",IF(VLOOKUP(L51,$BE$8:$BK$260,7,FALSE)=1,AD51&CHAR(10),SUBSTITUTE(AD51,"%","")&"%"&CHAR(10))),"xxx") -> 元素伤害 {1}% | AK51: =_xlfn.IFNA(IF(AC51="xxx","xxx",IF(VLOOKUP(O51,$BE$8:$BK$260,7,FALSE)=1,AE51&CHAR(10),SUBSTITUTE(AE51,"%","")&"%"&CHAR(10))),"xxx") -> 冷却缩减 {2}% | AL51: =_xlfn.IFNA(IF(AC51="xxx","xxx",IF(VLOOKUP(R51,$BE$8:$BK$260,7,FALSE)=1,AF51&CHAR(10),SUBSTITUTE(AF51,"%","")&"%"&CHAR(10))),"xxx") -> 移动速度 {3}% | AM51: =_xlfn.IFNA(IF(AC51="xxx","xxx",IF(VLOOKUP(U51,$BE$8:$BK$260,7,FALSE)=1,AG51&CHAR(10),SUBSTITUTE(AG51,"%","")&"%"&CHAR(10))),"xxx") -> 元素伤害 {4} | AN51: =_xlfn.IFNA(IF(AC51="xxx","xxx",IF(VLOOKUP(X51,$BE$8:$BK$260,7,FALSE)=1,AH51&CHAR(10),SUBSTITUTE(AH51,"%","")&"%"&CHAR(10))),"xxx") -> xxx | AO51: =_xlfn.CONCAT(AI51:AN51) -> 元素抗性 {0}% 元素伤害 {1}% 冷却缩减 {2}% 移动速度 {3}% 元素伤害 {4} xxx | AP51: =SUBSTITUTE(AO51,"xxx","") -> 元素抗性 {0}% 元素伤害 {1}% 冷却缩减 {2}% 移动速度 {3}% 元素伤害 {4} | AQ51: 图腾伤害+（25~40%） 召唤图腾数量上限+1 图腾护甲值+（200~300） | AR51: =IFERROR(IF(AP51="",AQ51,AP51),AP51) -> 元素抗性 {0}% 元素伤害 {1}% 冷却缩减 {2}% 移动速度 {3}% 元素伤害 {4} | AS51: =IF(AR51<>AQ51,IF(ISNUMBER(SEARCH(CHAR(10),AR51)),SUBSTITUTE(AR51,CHAR(10),"",LEN(AR51)-LEN(SUBSTITUTE(AR51,CHAR(10),""))),AR51),AR51) -> 元素抗性 {0}% 元素伤害 {1}% 冷却缩减 {2}% 移动速度 {3}% 元素伤害 {4} | BE51: 流血系数 | BF51: 百分比 | BG51: 240 | BH51: 10 | BI51: =COUNTIF($I$8:$I$1040,BE51)/COUNT($C$8:$C$1040)+COUNTIF($L$8:$L$1040,BE51)/COUNT($C$8:$C$1040)+COUNTIF($O$8:$O$1040,BE51)/COUNT($C$8:$C$1040)+COUNTIF($R$8:$R$1040,BE51)/COUNT($C$8:$C$1040)+COUNTIF($U$8:$U$1040,BE51)/COUNT($C$8:$C$1040)+COUNTIF($X$8:$X$1040,BE51)/COUNT($C$8:$C$1040) -> 0.016339869 | BK51: 2
C52: 14738 | D52: 生命共鸣 | F52: 盾牌 | H52: 8 | I52: 最大生命值 | J52: 3 | K52: 0.2 | L52: 生命值% | M52: 2 | N52: 0.2 | O52: 护甲值% | P52: 2 | Q52: 0.2 | R52: 生命回复 | S52: 1 | T52: 0.5 | AA52: ="1:"&IF(I52<>"",VLOOKUP(I52,$BE$8:$BH$260,3,FALSE)&","&VLOOKUP(I52,$BE$8:$BH$260,4,FALSE)*(1-K52)*J52&","&VLOOKUP(I52,$BE$8:$BH$260,4,FALSE)*(1+K52)*J52&",","xxx")&IF(L52<>"",VLOOKUP(L52,$BE$8:$BH$260,3,FALSE)&","&VLOOKUP(L52,$BE$8:$BH$260,4,FALSE)*(1-N52)*M52&","&VLOOKUP(L52,$BE$8:$BH$260,4,FALSE)*(1+N52)*M52&",","xxx")&IF(O52<>"",VLOOKUP(O52,$BE$8:$BH$260,3,FALSE)&","&VLOOKUP(O52,$BE$8:$BH$260,4,FALSE)*(1-Q52)*P52&","&VLOOKUP(O52,$BE$8:$BH$260,4,FALSE)*(1+Q52)*P52&",","xxx")&IF(R52<>"",VLOOKUP(R52,$BE$8:$BH$260,3,FALSE)&","&VLOOKUP(R52,$BE$8:$BH$260,4,FALSE)*(1-T52)*S52&","&VLOOKUP(R52,$BE$8:$BH$260,4,FALSE)*(1+T52)*S52&",","xxx")&IF(U52<>"",VLOOKUP(U52,$BE$8:$BH$260,3,FALSE)&","&VLOOKUP(U52,$BE$8:$BH$260,4,FALSE)*(1-W52)*V52&","&VLOOKUP(U52,$BE$8:$BH$260,4,FALSE)*(1+W52)*V52&",","xxx")&IF(X52<>"",VLOOKUP(X52,$BE$8:$BH$260,3,FALSE)&","&VLOOKUP(X52,$BE$8:$BH$260,4,FALSE)*(1-Z52)*Y52&","&VLOOKUP(X52,$BE$8:$BH$260,4,FALSE)*(1+Z52)*Y52&",","xxx") -> 1:300,48,72,302,16,24,306,16,24,303,0.25,0.75,xxxxxx | AB52: =IF(LEFT(SUBSTITUTE(AA52,"x",""),LEN(SUBSTITUTE(AA52,"x",""))-1)="1","",LEFT(SUBSTITUTE(AA52,"x",""),LEN(SUBSTITUTE(AA52,"x",""))-1)) -> 1:300,48,72,302,16,24,306,16,24,303,0.25,0.75 | AC52: =IF(J52>0,I52&" "&"{"&J$6&"}","xxx") -> 最大生命值 {0} | AD52: =IF(M52>0,L52&" "&"{"&M$6&"}","xxx") -> 生命值% {1} | AE52: =IF(P52>0,O52&" "&"{"&P$6&"}","xxx") -> 护甲值% {2} | AF52: =IF(S52>0,R52&" "&"{"&S$6&"}","xxx") -> 生命回复 {3} | AG52: =IF(V52>0,U52&" "&"{"&V$6&"}","xxx") -> xxx | AH52: =IF(Y52>0,X52&" "&"{"&Y$6&"}","xxx") -> xxx | AI52: =_xlfn.IFNA(IF(AC52="xxx","xxx",IF(VLOOKUP(I52,$BE$8:$BK$260,7,FALSE)=1,AC52&CHAR(10),SUBSTITUTE(AC52,"%","")&"%"&CHAR(10))),"xxx") -> 最大生命值 {0} | AJ52: =_xlfn.IFNA(IF(AC52="xxx","xxx",IF(VLOOKUP(L52,$BE$8:$BK$260,7,FALSE)=1,AD52&CHAR(10),SUBSTITUTE(AD52,"%","")&"%"&CHAR(10))),"xxx") -> 生命值 {1}% | AK52: =_xlfn.IFNA(IF(AC52="xxx","xxx",IF(VLOOKUP(O52,$BE$8:$BK$260,7,FALSE)=1,AE52&CHAR(10),SUBSTITUTE(AE52,"%","")&"%"&CHAR(10))),"xxx") -> 护甲值 {2}% | AL52: =_xlfn.IFNA(IF(AC52="xxx","xxx",IF(VLOOKUP(R52,$BE$8:$BK$260,7,FALSE)=1,AF52&CHAR(10),SUBSTITUTE(AF52,"%","")&"%"&CHAR(10))),"xxx") -> 生命回复 {3} | AM52: =_xlfn.IFNA(IF(AC52="xxx","xxx",IF(VLOOKUP(U52,$BE$8:$BK$260,7,FALSE)=1,AG52&CHAR(10),SUBSTITUTE(AG52,"%","")&"%"&CHAR(10))),"xxx") -> xxx | AN52: =_xlfn.IFNA(IF(AC52="xxx","xxx",IF(VLOOKUP(X52,$BE$8:$BK$260,7,FALSE)=1,AH52&CHAR(10),SUBSTITUTE(AH52,"%","")&"%"&CHAR(10))),"xxx") -> xxx | AO52: =_xlfn.CONCAT(AI52:AN52) -> 最大生命值 {0} 生命值 {1}% 护甲值 {2}% 生命回复 {3} xxxxxx | AP52: =SUBSTITUTE(AO52,"xxx","") -> 最大生命值 {0} 生命值 {1}% 护甲值 {2}% 生命回复 {3} | AQ52: 图腾生命值+100 每存在一个图腾，你和图腾都获得每秒（0.2~0.5）的生命回复 | AR52: =IFERROR(IF(AP52="",AQ52,AP52),AP52) -> 最大生命值 {0} 生命值 {1}% 护甲值 {2}% 生命回复 {3} | AS52: =IF(AR52<>AQ52,IF(ISNUMBER(SEARCH(CHAR(10),AR52)),SUBSTITUTE(AR52,CHAR(10),"",LEN(AR52)-LEN(SUBSTITUTE(AR52,CHAR(10),""))),AR52),AR52) -> 最大生命值 {0} 生命值 {1}% 护甲值 {2}% 生命回复 {3} | BE52: 灼烧系数 | BF52: 百分比 | BG52: 241 | BH52: 10 | BI52: =COUNTIF($I$8:$I$1040,BE52)/COUNT($C$8:$C$1040)+COUNTIF($L$8:$L$1040,BE52)/COUNT($C$8:$C$1040)+COUNTIF($O$8:$O$1040,BE52)/COUNT($C$8:$C$1040)+COUNTIF($R$8:$R$1040,BE52)/COUNT($C$8:$C$1040)+COUNTIF($U$8:$U$1040,BE52)/COUNT($C$8:$C$1040)+COUNTIF($X$8:$X$1040,BE52)/COUNT($C$8:$C$1040) -> 0.04248366 | BK52: 2
C53: 14739 | D53: 冰晶守护 | E53: 4 | F53: 盾牌 | H53: 8 | I53: 冰霜抗性% | J53: 3 | K53: 0.2 | L53: 护盾最大值 | M53: 3 | N53: 0.2 | O53: 最大生命值 | P53: 2 | Q53: 0.2 | AA53: ="1:"&IF(I53<>"",VLOOKUP(I53,$BE$8:$BH$260,3,FALSE)&","&VLOOKUP(I53,$BE$8:$BH$260,4,FALSE)*(1-K53)*J53&","&VLOOKUP(I53,$BE$8:$BH$260,4,FALSE)*(1+K53)*J53&",","xxx")&IF(L53<>"",VLOOKUP(L53,$BE$8:$BH$260,3,FALSE)&","&VLOOKUP(L53,$BE$8:$BH$260,4,FALSE)*(1-N53)*M53&","&VLOOKUP(L53,$BE$8:$BH$260,4,FALSE)*(1+N53)*M53&",","xxx")&IF(O53<>"",VLOOKUP(O53,$BE$8:$BH$260,3,FALSE)&","&VLOOKUP(O53,$BE$8:$BH$260,4,FALSE)*(1-Q53)*P53&","&VLOOKUP(O53,$BE$8:$BH$260,4,FALSE)*(1+Q53)*P53&",","xxx")&IF(R53<>"",VLOOKUP(R53,$BE$8:$BH$260,3,FALSE)&","&VLOOKUP(R53,$BE$8:$BH$260,4,FALSE)*(1-T53)*S53&","&VLOOKUP(R53,$BE$8:$BH$260,4,FALSE)*(1+T53)*S53&",","xxx")&IF(U53<>"",VLOOKUP(U53,$BE$8:$BH$260,3,FALSE)&","&VLOOKUP(U53,$BE$8:$BH$260,4,FALSE)*(1-W53)*V53&","&VLOOKUP(U53,$BE$8:$BH$260,4,FALSE)*(1+W53)*V53&",","xxx")&IF(X53<>"",VLOOKUP(X53,$BE$8:$BH$260,3,FALSE)&","&VLOOKUP(X53,$BE$8:$BH$260,4,FALSE)*(1-Z53)*Y53&","&VLOOKUP(X53,$BE$8:$BH$260,4,FALSE)*(1+Z53)*Y53&",","xxx") -> 1:316,24,36,323,24,36,300,32,48,xxxxxxxxx | AB53: =IF(LEFT(SUBSTITUTE(AA53,"x",""),LEN(SUBSTITUTE(AA53,"x",""))-1)="1","",LEFT(SUBSTITUTE(AA53,"x",""),LEN(SUBSTITUTE(AA53,"x",""))-1)) -> 1:316,24,36,323,24,36,300,32,48 | AC53: =IF(J53>0,I53&" "&"{"&J$6&"}","xxx") -> 冰霜抗性% {0} | AD53: =IF(M53>0,L53&" "&"{"&M$6&"}","xxx") -> 护盾最大值 {1} | AE53: =IF(P53>0,O53&" "&"{"&P$6&"}","xxx") -> 最大生命值 {2} | AF53: =IF(S53>0,R53&" "&"{"&S$6&"}","xxx") -> xxx | AG53: =IF(V53>0,U53&" "&"{"&V$6&"}","xxx") -> xxx | AH53: =IF(Y53>0,X53&" "&"{"&Y$6&"}","xxx") -> xxx | AI53: =_xlfn.IFNA(IF(AC53="xxx","xxx",IF(VLOOKUP(I53,$BE$8:$BK$260,7,FALSE)=1,AC53&CHAR(10),SUBSTITUTE(AC53,"%","")&"%"&CHAR(10))),"xxx") -> 冰霜抗性 {0}% | AJ53: =_xlfn.IFNA(IF(AC53="xxx","xxx",IF(VLOOKUP(L53,$BE$8:$BK$260,7,FALSE)=1,AD53&CHAR(10),SUBSTITUTE(AD53,"%","")&"%"&CHAR(10))),"xxx") -> 护盾最大值 {1} | AK53: =_xlfn.IFNA(IF(AC53="xxx","xxx",IF(VLOOKUP(O53,$BE$8:$BK$260,7,FALSE)=1,AE53&CHAR(10),SUBSTITUTE(AE53,"%","")&"%"&CHAR(10))),"xxx") -> 最大生命值 {2} | AL53: =_xlfn.IFNA(IF(AC53="xxx","xxx",IF(VLOOKUP(R53,$BE$8:$BK$260,7,FALSE)=1,AF53&CHAR(10),SUBSTITUTE(AF53,"%","")&"%"&CHAR(10))),"xxx") -> xxx | AM53: =_xlfn.IFNA(IF(AC53="xxx","xxx",IF(VLOOKUP(U53,$BE$8:$BK$260,7,FALSE)=1,AG53&CHAR(10),SUBSTITUTE(AG53,"%","")&"%"&CHAR(10))),"xxx") -> xxx | AN53: =_xlfn.IFNA(IF(AC53="xxx","xxx",IF(VLOOKUP(X53,$BE$8:$BK$260,7,FALSE)=1,AH53&CHAR(10),SUBSTITUTE(AH53,"%","")&"%"&CHAR(10))),"xxx") -> xxx | AO53: =_xlfn.CONCAT(AI53:AN53) -> 冰霜抗性 {0}% 护盾最大值 {1} 最大生命值 {2} xxxxxxxxx | AP53: =SUBSTITUTE(AO53,"xxx","") -> 冰霜抗性 {0}% 护盾最大值 {1} 最大生命值 {2} | AQ53: 格挡率+{1} 格挡时对目标施加[冻结] | AR53: =IFERROR(IF(AP53="",AQ53,AP53),AP53) -> 冰霜抗性 {0}% 护盾最大值 {1} 最大生命值 {2} | AS53: =IF(AR53<>AQ53,IF(ISNUMBER(SEARCH(CHAR(10),AR53)),SUBSTITUTE(AR53,CHAR(10),"",LEN(AR53)-LEN(SUBSTITUTE(AR53,CHAR(10),""))),AR53),AR53) -> 冰霜抗性 {0}% 护盾最大值 {1} 最大生命值 {2} | BE53: 中毒系数 | BF53: 百分比 | BG53: 242 | BH53: 10 | BI53: =COUNTIF($I$8:$I$1040,BE53)/COUNT($C$8:$C$1040)+COUNTIF($L$8:$L$1040,BE53)/COUNT($C$8:$C$1040)+COUNTIF($O$8:$O$1040,BE53)/COUNT($C$8:$C$1040)+COUNTIF($R$8:$R$1040,BE53)/COUNT($C$8:$C$1040)+COUNTIF($U$8:$U$1040,BE53)/COUNT($C$8:$C$1040)+COUNTIF($X$8:$X$1040,BE53)/COUNT($C$8:$C$1040) -> 0.032679739 | BK53: 2
